Importing plotly failed. Interactive plots will not work.
/Users/rejeanzapanta/Downloads/OptiSync/ml-service/app.py:97: DeprecationWarning: 
        on_event is deprecated, use lifespan event handlers instead.

        Read more about it in the
        [FastAPI docs for Lifespan Events](https://fastapi.tiangolo.com/advanced/events/).
        
  @app.on_event("startup")
INFO:__main__:Starting server on port 8000
INFO:     Will watch for changes in these directories: ['/Users/rejeanzapanta/Downloads/OptiSync/ml-service']
INFO:     Uvicorn running on http://0.0.0.0:8000 (Press CTRL+C to quit)
INFO:     Started reloader process [15388] using WatchFiles
Importing plotly failed. Interactive plots will not work.
INFO:     Started server process [15456]
INFO:     Waiting for application startup.
INFO:app:==================================================
INFO:app:Starting OptiSync ML Service...
INFO:app:Environment: development
INFO:app:==================================================
INFO:     Application startup complete.
INFO:     127.0.0.1:54570 - "OPTIONS /api/forecast/demand HTTP/1.1" 200 OK
INFO:app:==================================================
INFO:app:REQUEST [20260318013329165004] - New forecast request received
INFO:app:Total transactions: 18
INFO:app:Total products: 22
INFO:app:Completed transactions: 18
INFO:app:First transaction date: 2026-03-17 15:58:20.811000+00:00
INFO:app:Last transaction date: 2026-03-14 12:00:34.203000+00:00
INFO:app:Date range: 3 days
INFO:app:Converting to DataFrames...
INFO:app:DataFrame shapes: transactions=(18, 4), products=(22, 7)
INFO:app:Initializing ForecastEngine...
INFO:app:Calling generate_ensemble_forecast...
INFO:models.forecast:==================================================
INFO:models.forecast:ENTERING generate_ensemble_forecast
INFO:models.forecast:transactions_df shape: (18, 4)
INFO:models.forecast:products_df shape: (22, 7)
INFO:models.forecast:forecast_months: 3
INFO:models.forecast:Transaction date range: 2026-03-14 12:00:34.203000+00:00 to 2026-03-17 15:58:20.811000+00:00
INFO:models.forecast:Total sales: 142885.0
INFO:models.forecast:Number of unique dates: 18
INFO:models.forecast:Starting Prophet task...
INFO:models.forecast:Starting XGBoost task...
INFO:models.forecast:Waiting for model tasks to complete...
INFO:models.forecast:Prophet: Starting training...
INFO:models.forecast:XGBoost: Starting training...
WARNING:models.utils:Limited data: only 3 days (recommended 30+)
WARNING:models.utils:Limited data: only 3 days (recommended 30+)
INFO:models.utils:Prepared time series with 4 days of data
INFO:models.utils:Prepared time series with 4 days of data
INFO:models.prophet_model:Data points: 4
WARNING:models.xgboost_model:Very limited training data: 1 rows
INFO:models.xgboost_model:Training data: 4 rows
INFO:models.xgboost_model:Training XGBoost model...
INFO:models.xgboost_model:XGBoost model trained successfully with 4 rows
INFO:models.forecast:XGBoost: Training complete
/Users/rejeanzapanta/Downloads/OptiSync/ml-service/venv/lib/python3.11/site-packages/sklearn/base.py:432: UserWarning: X has feature names, but StandardScaler was fitted without feature names
  warnings.warn(
/Users/rejeanzapanta/Downloads/OptiSync/ml-service/venv/lib/python3.11/site-packages/sklearn/utils/validation.py:767: FutureWarning: is_sparse is deprecated and will be removed in a future version. Check `isinstance(dtype, pd.SparseDtype)` instead.
  if not hasattr(array, "sparse") and array.dtypes.apply(is_sparse).any():
/Users/rejeanzapanta/Downloads/OptiSync/ml-service/venv/lib/python3.11/site-packages/sklearn/utils/validation.py:605: FutureWarning: is_sparse is deprecated and will be removed in a future version. Check `isinstance(dtype, pd.SparseDtype)` instead.
  if is_sparse(pd_dtype):
/Users/rejeanzapanta/Downloads/OptiSync/ml-service/venv/lib/python3.11/site-packages/sklearn/utils/validation.py:614: FutureWarning: is_sparse is deprecated and will be removed in a future version. Check `isinstance(dtype, pd.SparseDtype)` instead.
  if is_sparse(pd_dtype) or not is_extension_array_dtype(pd_dtype):
INFO:models.xgboost_model:Generated XGBoost forecast for 90 days
INFO:models.forecast:XGBoost: Forecast generated with shape (90, 5)
INFO:models.prophet_model:Training Prophet model...
INFO:prophet:n_changepoints greater than number of observations. Using 2.
DEBUG:cmdstanpy:input tempfile: /var/folders/18/11jzyg511q797ytnd5bh2rm00000gn/T/tmpe6e0tlxd/n4wkct40.json
DEBUG:cmdstanpy:input tempfile: /var/folders/18/11jzyg511q797ytnd5bh2rm00000gn/T/tmpe6e0tlxd/8w3n_fdk.json
DEBUG:cmdstanpy:idx 0
DEBUG:cmdstanpy:running CmdStan, num_threads: None
DEBUG:cmdstanpy:CmdStan args: ['/Users/rejeanzapanta/Downloads/OptiSync/ml-service/venv/lib/python3.11/site-packages/prophet/stan_model/prophet_model.bin', 'random', 'seed=80735', 'data', 'file=/var/folders/18/11jzyg511q797ytnd5bh2rm00000gn/T/tmpe6e0tlxd/n4wkct40.json', 'init=/var/folders/18/11jzyg511q797ytnd5bh2rm00000gn/T/tmpe6e0tlxd/8w3n_fdk.json', 'output', 'file=/var/folders/18/11jzyg511q797ytnd5bh2rm00000gn/T/tmpe6e0tlxd/prophet_modelv60_jsm9/prophet_model-20260318013329.csv', 'method=optimize', 'algorithm=newton', 'iter=10000']
01:33:29 - cmdstanpy - INFO - Chain [1] start processing
INFO:cmdstanpy:Chain [1] start processing
01:33:29 - cmdstanpy - INFO - Chain [1] done processing
INFO:cmdstanpy:Chain [1] done processing
INFO:models.prophet_model:Prophet model trained successfully with 4 data points
INFO:models.forecast:Prophet: Training complete
INFO:models.prophet_model:Generated forecast for 90 days
INFO:models.forecast:Prophet: Forecast generated with shape (94, 5)
INFO:models.forecast:Prophet success: True
INFO:models.forecast:XGBoost success: True
INFO:models.forecast:Creating ensemble forecast...
INFO:models.forecast:Creating ensemble forecast...
INFO:models.forecast:Ensemble forecast created with 184 rows
INFO:models.forecast:Formatted forecast with 9 data points
INFO:models.forecast:Generating recommendations...
INFO:models.forecast:Generated 2 recommendations
INFO:models.forecast:Calculating metrics...
INFO:models.forecast:Model used: ensemble
INFO:models.forecast:Confidence: 90.0
INFO:models.forecast:==================================================
INFO:app:Forecast generated. Model used: ensemble
INFO:app:REQUEST [20260318013329165004] - COMPLETED
INFO:app:==================================================
INFO:     127.0.0.1:54570 - "POST /api/forecast/demand HTTP/1.1" 500 Internal Server Error
ERROR:    Exception in ASGI application
Traceback (most recent call last):
  File "/Users/rejeanzapanta/Downloads/OptiSync/ml-service/venv/lib/python3.11/site-packages/uvicorn/protocols/http/httptools_impl.py", line 426, in run_asgi
    result = await app(  # type: ignore[func-returns-value]
             ^^^^^^^^^^^^^^^^^^^^^^^^^^^^^^^^^^^^^^^^^^^^^^
  File "/Users/rejeanzapanta/Downloads/OptiSync/ml-service/venv/lib/python3.11/site-packages/uvicorn/middleware/proxy_headers.py", line 84, in __call__
    return await self.app(scope, receive, send)
           ^^^^^^^^^^^^^^^^^^^^^^^^^^^^^^^^^^^^
  File "/Users/rejeanzapanta/Downloads/OptiSync/ml-service/venv/lib/python3.11/site-packages/fastapi/applications.py", line 1106, in __call__
    await super().__call__(scope, receive, send)
  File "/Users/rejeanzapanta/Downloads/OptiSync/ml-service/venv/lib/python3.11/site-packages/starlette/applications.py", line 122, in __call__
    await self.middleware_stack(scope, receive, send)
  File "/Users/rejeanzapanta/Downloads/OptiSync/ml-service/venv/lib/python3.11/site-packages/starlette/middleware/errors.py", line 184, in __call__
    raise exc
  File "/Users/rejeanzapanta/Downloads/OptiSync/ml-service/venv/lib/python3.11/site-packages/starlette/middleware/errors.py", line 162, in __call__
    await self.app(scope, receive, _send)
  File "/Users/rejeanzapanta/Downloads/OptiSync/ml-service/venv/lib/python3.11/site-packages/starlette/middleware/cors.py", line 91, in __call__
    await self.simple_response(scope, receive, send, request_headers=headers)
  File "/Users/rejeanzapanta/Downloads/OptiSync/ml-service/venv/lib/python3.11/site-packages/starlette/middleware/cors.py", line 146, in simple_response
    await self.app(scope, receive, send)
  File "/Users/rejeanzapanta/Downloads/OptiSync/ml-service/venv/lib/python3.11/site-packages/starlette/middleware/exceptions.py", line 79, in __call__
    raise exc
  File "/Users/rejeanzapanta/Downloads/OptiSync/ml-service/venv/lib/python3.11/site-packages/starlette/middleware/exceptions.py", line 68, in __call__
    await self.app(scope, receive, sender)
  File "/Users/rejeanzapanta/Downloads/OptiSync/ml-service/venv/lib/python3.11/site-packages/fastapi/middleware/asyncexitstack.py", line 20, in __call__
    raise e
  File "/Users/rejeanzapanta/Downloads/OptiSync/ml-service/venv/lib/python3.11/site-packages/fastapi/middleware/asyncexitstack.py", line 17, in __call__
    await self.app(scope, receive, send)
  File "/Users/rejeanzapanta/Downloads/OptiSync/ml-service/venv/lib/python3.11/site-packages/starlette/routing.py", line 718, in __call__
    await route.handle(scope, receive, send)
  File "/Users/rejeanzapanta/Downloads/OptiSync/ml-service/venv/lib/python3.11/site-packages/starlette/routing.py", line 276, in handle
    await self.app(scope, receive, send)
  File "/Users/rejeanzapanta/Downloads/OptiSync/ml-service/venv/lib/python3.11/site-packages/starlette/routing.py", line 66, in app
    response = await func(request)
               ^^^^^^^^^^^^^^^^^^^
  File "/Users/rejeanzapanta/Downloads/OptiSync/ml-service/venv/lib/python3.11/site-packages/fastapi/routing.py", line 303, in app
    response = actual_response_class(content, **response_args)
               ^^^^^^^^^^^^^^^^^^^^^^^^^^^^^^^^^^^^^^^^^^^^^^^
  File "/Users/rejeanzapanta/Downloads/OptiSync/ml-service/venv/lib/python3.11/site-packages/starlette/responses.py", line 196, in __init__
    super().__init__(content, status_code, headers, media_type, background)
  File "/Users/rejeanzapanta/Downloads/OptiSync/ml-service/venv/lib/python3.11/site-packages/starlette/responses.py", line 55, in __init__
    self.body = self.render(content)
                ^^^^^^^^^^^^^^^^^^^^
  File "/Users/rejeanzapanta/Downloads/OptiSync/ml-service/venv/lib/python3.11/site-packages/starlette/responses.py", line 199, in render
    return json.dumps(
           ^^^^^^^^^^^
  File "/opt/homebrew/Cellar/python@3.11/3.11.15/Frameworks/Python.framework/Versions/3.11/lib/python3.11/json/__init__.py", line 238, in dumps
    **kw).encode(obj)
          ^^^^^^^^^^^
  File "/opt/homebrew/Cellar/python@3.11/3.11.15/Frameworks/Python.framework/Versions/3.11/lib/python3.11/json/encoder.py", line 200, in encode
    chunks = self.iterencode(o, _one_shot=True)
             ^^^^^^^^^^^^^^^^^^^^^^^^^^^^^^^^^^
  File "/opt/homebrew/Cellar/python@3.11/3.11.15/Frameworks/Python.framework/Versions/3.11/lib/python3.11/json/encoder.py", line 258, in iterencode
    return _iterencode(o, 0)
           ^^^^^^^^^^^^^^^^^
ValueError: Out of range float values are not JSON compliant
INFO:app:==================================================
INFO:app:REQUEST [20260318013413769191] - New forecast request received
INFO:app:Total transactions: 18
INFO:app:Total products: 22
INFO:app:Completed transactions: 18
INFO:app:First transaction date: 2026-03-17 15:58:20.811000+00:00
INFO:app:Last transaction date: 2026-03-14 12:00:34.203000+00:00
INFO:app:Date range: 3 days
INFO:app:Converting to DataFrames...
INFO:app:DataFrame shapes: transactions=(18, 4), products=(22, 7)
INFO:app:Calling generate_ensemble_forecast...
INFO:models.forecast:==================================================
INFO:models.forecast:ENTERING generate_ensemble_forecast
INFO:models.forecast:transactions_df shape: (18, 4)
INFO:models.forecast:products_df shape: (22, 7)
INFO:models.forecast:forecast_months: 3
INFO:models.forecast:Transaction date range: 2026-03-14 12:00:34.203000+00:00 to 2026-03-17 15:58:20.811000+00:00
INFO:models.forecast:Total sales: 142885.0
INFO:models.forecast:Number of unique dates: 18
INFO:models.forecast:Starting Prophet task...
INFO:models.forecast:Starting XGBoost task...
INFO:models.forecast:Waiting for model tasks to complete...
INFO:models.forecast:Prophet: Starting training...
INFO:models.forecast:XGBoost: Starting training...
WARNING:models.utils:Limited data: only 3 days (recommended 30+)
WARNING:models.utils:Limited data: only 3 days (recommended 30+)
INFO:models.utils:Prepared time series with 4 days of data
INFO:models.utils:Prepared time series with 4 days of data
INFO:models.prophet_model:Data points: 4
WARNING:models.xgboost_model:Very limited training data: 1 rows
INFO:models.xgboost_model:Training data: 4 rows
INFO:models.xgboost_model:Training XGBoost model...
INFO:models.xgboost_model:XGBoost model trained successfully with 4 rows
INFO:models.forecast:XGBoost: Training complete
/Users/rejeanzapanta/Downloads/OptiSync/ml-service/venv/lib/python3.11/site-packages/sklearn/base.py:432: UserWarning: X has feature names, but StandardScaler was fitted without feature names
  warnings.warn(
/Users/rejeanzapanta/Downloads/OptiSync/ml-service/venv/lib/python3.11/site-packages/sklearn/utils/validation.py:767: FutureWarning: is_sparse is deprecated and will be removed in a future version. Check `isinstance(dtype, pd.SparseDtype)` instead.
  if not hasattr(array, "sparse") and array.dtypes.apply(is_sparse).any():
/Users/rejeanzapanta/Downloads/OptiSync/ml-service/venv/lib/python3.11/site-packages/sklearn/utils/validation.py:605: FutureWarning: is_sparse is deprecated and will be removed in a future version. Check `isinstance(dtype, pd.SparseDtype)` instead.
  if is_sparse(pd_dtype):
/Users/rejeanzapanta/Downloads/OptiSync/ml-service/venv/lib/python3.11/site-packages/sklearn/utils/validation.py:614: FutureWarning: is_sparse is deprecated and will be removed in a future version. Check `isinstance(dtype, pd.SparseDtype)` instead.
  if is_sparse(pd_dtype) or not is_extension_array_dtype(pd_dtype):
INFO:models.xgboost_model:Generated XGBoost forecast for 90 days
INFO:models.forecast:XGBoost: Forecast generated with shape (90, 5)
INFO:models.prophet_model:Training Prophet model...
INFO:prophet:n_changepoints greater than number of observations. Using 2.
DEBUG:cmdstanpy:input tempfile: /var/folders/18/11jzyg511q797ytnd5bh2rm00000gn/T/tmpe6e0tlxd/an8gzph4.json
DEBUG:cmdstanpy:input tempfile: /var/folders/18/11jzyg511q797ytnd5bh2rm00000gn/T/tmpe6e0tlxd/ucdadi7i.json
DEBUG:cmdstanpy:idx 0
DEBUG:cmdstanpy:running CmdStan, num_threads: None
DEBUG:cmdstanpy:CmdStan args: ['/Users/rejeanzapanta/Downloads/OptiSync/ml-service/venv/lib/python3.11/site-packages/prophet/stan_model/prophet_model.bin', 'random', 'seed=7744', 'data', 'file=/var/folders/18/11jzyg511q797ytnd5bh2rm00000gn/T/tmpe6e0tlxd/an8gzph4.json', 'init=/var/folders/18/11jzyg511q797ytnd5bh2rm00000gn/T/tmpe6e0tlxd/ucdadi7i.json', 'output', 'file=/var/folders/18/11jzyg511q797ytnd5bh2rm00000gn/T/tmpe6e0tlxd/prophet_model3nsjx5zj/prophet_model-20260318013413.csv', 'method=optimize', 'algorithm=newton', 'iter=10000']
01:34:13 - cmdstanpy - INFO - Chain [1] start processing
INFO:cmdstanpy:Chain [1] start processing
01:34:13 - cmdstanpy - INFO - Chain [1] done processing
INFO:cmdstanpy:Chain [1] done processing
INFO:models.prophet_model:Prophet model trained successfully with 4 data points
INFO:models.forecast:Prophet: Training complete
INFO:models.prophet_model:Generated forecast for 90 days
INFO:models.forecast:Prophet: Forecast generated with shape (94, 5)
INFO:models.forecast:Prophet success: True
INFO:models.forecast:XGBoost success: True
INFO:models.forecast:Creating ensemble forecast...
INFO:models.forecast:Creating ensemble forecast...
INFO:models.forecast:Ensemble forecast created with 184 rows
INFO:models.forecast:Formatted forecast with 9 data points
INFO:models.forecast:Generating recommendations...
INFO:models.forecast:Generated 2 recommendations
INFO:models.forecast:Calculating metrics...
INFO:models.forecast:Model used: ensemble
INFO:models.forecast:Confidence: 90.0
INFO:models.forecast:==================================================
INFO:app:Forecast generated. Model used: ensemble
INFO:app:REQUEST [20260318013413769191] - COMPLETED
INFO:app:==================================================
INFO:     127.0.0.1:54597 - "POST /api/forecast/demand HTTP/1.1" 500 Internal Server Error
ERROR:    Exception in ASGI application
Traceback (most recent call last):
  File "/Users/rejeanzapanta/Downloads/OptiSync/ml-service/venv/lib/python3.11/site-packages/uvicorn/protocols/http/httptools_impl.py", line 426, in run_asgi
    result = await app(  # type: ignore[func-returns-value]
             ^^^^^^^^^^^^^^^^^^^^^^^^^^^^^^^^^^^^^^^^^^^^^^
  File "/Users/rejeanzapanta/Downloads/OptiSync/ml-service/venv/lib/python3.11/site-packages/uvicorn/middleware/proxy_headers.py", line 84, in __call__
    return await self.app(scope, receive, send)
           ^^^^^^^^^^^^^^^^^^^^^^^^^^^^^^^^^^^^
  File "/Users/rejeanzapanta/Downloads/OptiSync/ml-service/venv/lib/python3.11/site-packages/fastapi/applications.py", line 1106, in __call__
    await super().__call__(scope, receive, send)
  File "/Users/rejeanzapanta/Downloads/OptiSync/ml-service/venv/lib/python3.11/site-packages/starlette/applications.py", line 122, in __call__
    await self.middleware_stack(scope, receive, send)
  File "/Users/rejeanzapanta/Downloads/OptiSync/ml-service/venv/lib/python3.11/site-packages/starlette/middleware/errors.py", line 184, in __call__
    raise exc
  File "/Users/rejeanzapanta/Downloads/OptiSync/ml-service/venv/lib/python3.11/site-packages/starlette/middleware/errors.py", line 162, in __call__
    await self.app(scope, receive, _send)
  File "/Users/rejeanzapanta/Downloads/OptiSync/ml-service/venv/lib/python3.11/site-packages/starlette/middleware/cors.py", line 91, in __call__
    await self.simple_response(scope, receive, send, request_headers=headers)
  File "/Users/rejeanzapanta/Downloads/OptiSync/ml-service/venv/lib/python3.11/site-packages/starlette/middleware/cors.py", line 146, in simple_response
    await self.app(scope, receive, send)
  File "/Users/rejeanzapanta/Downloads/OptiSync/ml-service/venv/lib/python3.11/site-packages/starlette/middleware/exceptions.py", line 79, in __call__
    raise exc
  File "/Users/rejeanzapanta/Downloads/OptiSync/ml-service/venv/lib/python3.11/site-packages/starlette/middleware/exceptions.py", line 68, in __call__
    await self.app(scope, receive, sender)
  File "/Users/rejeanzapanta/Downloads/OptiSync/ml-service/venv/lib/python3.11/site-packages/fastapi/middleware/asyncexitstack.py", line 20, in __call__
    raise e
  File "/Users/rejeanzapanta/Downloads/OptiSync/ml-service/venv/lib/python3.11/site-packages/fastapi/middleware/asyncexitstack.py", line 17, in __call__
    await self.app(scope, receive, send)
  File "/Users/rejeanzapanta/Downloads/OptiSync/ml-service/venv/lib/python3.11/site-packages/starlette/routing.py", line 718, in __call__
    await route.handle(scope, receive, send)
  File "/Users/rejeanzapanta/Downloads/OptiSync/ml-service/venv/lib/python3.11/site-packages/starlette/routing.py", line 276, in handle
    await self.app(scope, receive, send)
  File "/Users/rejeanzapanta/Downloads/OptiSync/ml-service/venv/lib/python3.11/site-packages/starlette/routing.py", line 66, in app
    response = await func(request)
               ^^^^^^^^^^^^^^^^^^^
  File "/Users/rejeanzapanta/Downloads/OptiSync/ml-service/venv/lib/python3.11/site-packages/fastapi/routing.py", line 303, in app
    response = actual_response_class(content, **response_args)
               ^^^^^^^^^^^^^^^^^^^^^^^^^^^^^^^^^^^^^^^^^^^^^^^
  File "/Users/rejeanzapanta/Downloads/OptiSync/ml-service/venv/lib/python3.11/site-packages/starlette/responses.py", line 196, in __init__
    super().__init__(content, status_code, headers, media_type, background)
  File "/Users/rejeanzapanta/Downloads/OptiSync/ml-service/venv/lib/python3.11/site-packages/starlette/responses.py", line 55, in __init__
    self.body = self.render(content)
                ^^^^^^^^^^^^^^^^^^^^
  File "/Users/rejeanzapanta/Downloads/OptiSync/ml-service/venv/lib/python3.11/site-packages/starlette/responses.py", line 199, in render
    return json.dumps(
           ^^^^^^^^^^^
  File "/opt/homebrew/Cellar/python@3.11/3.11.15/Frameworks/Python.framework/Versions/3.11/lib/python3.11/json/__init__.py", line 238, in dumps
    **kw).encode(obj)
          ^^^^^^^^^^^
  File "/opt/homebrew/Cellar/python@3.11/3.11.15/Frameworks/Python.framework/Versions/3.11/lib/python3.11/json/encoder.py", line 200, in encode
    chunks = self.iterencode(o, _one_shot=True)
             ^^^^^^^^^^^^^^^^^^^^^^^^^^^^^^^^^^
  File "/opt/homebrew/Cellar/python@3.11/3.11.15/Frameworks/Python.framework/Versions/3.11/lib/python3.11/json/encoder.py", line 258, in iterencode
    return _iterencode(o, 0)
           ^^^^^^^^^^^^^^^^^
ValueError: Out of range float values are not JSON compliant
INFO:app:==================================================
INFO:app:REQUEST [20260318013441741451] - New forecast request received
INFO:app:Total transactions: 18
INFO:app:Total products: 22
INFO:app:Completed transactions: 18
INFO:app:First transaction date: 2026-03-17 15:58:20.811000+00:00
INFO:app:Last transaction date: 2026-03-14 12:00:34.203000+00:00
INFO:app:Date range: 3 days
INFO:app:Converting to DataFrames...
INFO:app:DataFrame shapes: transactions=(18, 4), products=(22, 7)
INFO:app:Calling generate_ensemble_forecast...
INFO:models.forecast:==================================================
INFO:models.forecast:ENTERING generate_ensemble_forecast
INFO:models.forecast:transactions_df shape: (18, 4)
INFO:models.forecast:products_df shape: (22, 7)
INFO:models.forecast:forecast_months: 3
INFO:models.forecast:Transaction date range: 2026-03-14 12:00:34.203000+00:00 to 2026-03-17 15:58:20.811000+00:00
INFO:models.forecast:Total sales: 142885.0
INFO:models.forecast:Number of unique dates: 18
INFO:models.forecast:Starting Prophet task...
INFO:models.forecast:Starting XGBoost task...
INFO:models.forecast:Waiting for model tasks to complete...
INFO:models.forecast:Prophet: Starting training...
INFO:models.forecast:XGBoost: Starting training...
WARNING:models.utils:Limited data: only 3 days (recommended 30+)
WARNING:models.utils:Limited data: only 3 days (recommended 30+)
INFO:models.utils:Prepared time series with 4 days of data
INFO:models.utils:Prepared time series with 4 days of data
INFO:models.prophet_model:Data points: 4
WARNING:models.xgboost_model:Very limited training data: 1 rows
INFO:models.xgboost_model:Training data: 4 rows
INFO:models.xgboost_model:Training XGBoost model...
INFO:models.xgboost_model:XGBoost model trained successfully with 4 rows
INFO:models.forecast:XGBoost: Training complete
/Users/rejeanzapanta/Downloads/OptiSync/ml-service/venv/lib/python3.11/site-packages/sklearn/base.py:432: UserWarning: X has feature names, but StandardScaler was fitted without feature names
  warnings.warn(
/Users/rejeanzapanta/Downloads/OptiSync/ml-service/venv/lib/python3.11/site-packages/sklearn/utils/validation.py:767: FutureWarning: is_sparse is deprecated and will be removed in a future version. Check `isinstance(dtype, pd.SparseDtype)` instead.
  if not hasattr(array, "sparse") and array.dtypes.apply(is_sparse).any():
/Users/rejeanzapanta/Downloads/OptiSync/ml-service/venv/lib/python3.11/site-packages/sklearn/utils/validation.py:605: FutureWarning: is_sparse is deprecated and will be removed in a future version. Check `isinstance(dtype, pd.SparseDtype)` instead.
  if is_sparse(pd_dtype):
/Users/rejeanzapanta/Downloads/OptiSync/ml-service/venv/lib/python3.11/site-packages/sklearn/utils/validation.py:614: FutureWarning: is_sparse is deprecated and will be removed in a future version. Check `isinstance(dtype, pd.SparseDtype)` instead.
  if is_sparse(pd_dtype) or not is_extension_array_dtype(pd_dtype):
INFO:models.xgboost_model:Generated XGBoost forecast for 90 days
INFO:models.forecast:XGBoost: Forecast generated with shape (90, 5)
INFO:models.prophet_model:Training Prophet model...
INFO:prophet:n_changepoints greater than number of observations. Using 2.
DEBUG:cmdstanpy:input tempfile: /var/folders/18/11jzyg511q797ytnd5bh2rm00000gn/T/tmpe6e0tlxd/84dvvt0e.json
DEBUG:cmdstanpy:input tempfile: /var/folders/18/11jzyg511q797ytnd5bh2rm00000gn/T/tmpe6e0tlxd/py124l45.json
DEBUG:cmdstanpy:idx 0
DEBUG:cmdstanpy:running CmdStan, num_threads: None
DEBUG:cmdstanpy:CmdStan args: ['/Users/rejeanzapanta/Downloads/OptiSync/ml-service/venv/lib/python3.11/site-packages/prophet/stan_model/prophet_model.bin', 'random', 'seed=80469', 'data', 'file=/var/folders/18/11jzyg511q797ytnd5bh2rm00000gn/T/tmpe6e0tlxd/84dvvt0e.json', 'init=/var/folders/18/11jzyg511q797ytnd5bh2rm00000gn/T/tmpe6e0tlxd/py124l45.json', 'output', 'file=/var/folders/18/11jzyg511q797ytnd5bh2rm00000gn/T/tmpe6e0tlxd/prophet_modelyl9ypvgr/prophet_model-20260318013441.csv', 'method=optimize', 'algorithm=newton', 'iter=10000']
01:34:41 - cmdstanpy - INFO - Chain [1] start processing
INFO:cmdstanpy:Chain [1] start processing
01:34:41 - cmdstanpy - INFO - Chain [1] done processing
INFO:cmdstanpy:Chain [1] done processing
INFO:models.prophet_model:Prophet model trained successfully with 4 data points
INFO:models.forecast:Prophet: Training complete
INFO:models.prophet_model:Generated forecast for 90 days
INFO:models.forecast:Prophet: Forecast generated with shape (94, 5)
INFO:models.forecast:Prophet success: True
INFO:models.forecast:XGBoost success: True
INFO:models.forecast:Creating ensemble forecast...
INFO:models.forecast:Creating ensemble forecast...
INFO:models.forecast:Ensemble forecast created with 184 rows
INFO:models.forecast:Formatted forecast with 9 data points
INFO:models.forecast:Generating recommendations...
INFO:models.forecast:Generated 2 recommendations
INFO:models.forecast:Calculating metrics...
INFO:models.forecast:Model used: ensemble
INFO:models.forecast:Confidence: 90.0
INFO:models.forecast:==================================================
INFO:app:Forecast generated. Model used: ensemble
INFO:app:REQUEST [20260318013441741451] - COMPLETED
INFO:app:==================================================
INFO:     127.0.0.1:54607 - "POST /api/forecast/demand HTTP/1.1" 500 Internal Server Error
ERROR:    Exception in ASGI application
Traceback (most recent call last):
  File "/Users/rejeanzapanta/Downloads/OptiSync/ml-service/venv/lib/python3.11/site-packages/uvicorn/protocols/http/httptools_impl.py", line 426, in run_asgi
    result = await app(  # type: ignore[func-returns-value]
             ^^^^^^^^^^^^^^^^^^^^^^^^^^^^^^^^^^^^^^^^^^^^^^
  File "/Users/rejeanzapanta/Downloads/OptiSync/ml-service/venv/lib/python3.11/site-packages/uvicorn/middleware/proxy_headers.py", line 84, in __call__
    return await self.app(scope, receive, send)
           ^^^^^^^^^^^^^^^^^^^^^^^^^^^^^^^^^^^^
  File "/Users/rejeanzapanta/Downloads/OptiSync/ml-service/venv/lib/python3.11/site-packages/fastapi/applications.py", line 1106, in __call__
    await super().__call__(scope, receive, send)
  File "/Users/rejeanzapanta/Downloads/OptiSync/ml-service/venv/lib/python3.11/site-packages/starlette/applications.py", line 122, in __call__
    await self.middleware_stack(scope, receive, send)
  File "/Users/rejeanzapanta/Downloads/OptiSync/ml-service/venv/lib/python3.11/site-packages/starlette/middleware/errors.py", line 184, in __call__
    raise exc
  File "/Users/rejeanzapanta/Downloads/OptiSync/ml-service/venv/lib/python3.11/site-packages/starlette/middleware/errors.py", line 162, in __call__
    await self.app(scope, receive, _send)
  File "/Users/rejeanzapanta/Downloads/OptiSync/ml-service/venv/lib/python3.11/site-packages/starlette/middleware/cors.py", line 91, in __call__
    await self.simple_response(scope, receive, send, request_headers=headers)
  File "/Users/rejeanzapanta/Downloads/OptiSync/ml-service/venv/lib/python3.11/site-packages/starlette/middleware/cors.py", line 146, in simple_response
    await self.app(scope, receive, send)
  File "/Users/rejeanzapanta/Downloads/OptiSync/ml-service/venv/lib/python3.11/site-packages/starlette/middleware/exceptions.py", line 79, in __call__
    raise exc
  File "/Users/rejeanzapanta/Downloads/OptiSync/ml-service/venv/lib/python3.11/site-packages/starlette/middleware/exceptions.py", line 68, in __call__
    await self.app(scope, receive, sender)
  File "/Users/rejeanzapanta/Downloads/OptiSync/ml-service/venv/lib/python3.11/site-packages/fastapi/middleware/asyncexitstack.py", line 20, in __call__
    raise e
  File "/Users/rejeanzapanta/Downloads/OptiSync/ml-service/venv/lib/python3.11/site-packages/fastapi/middleware/asyncexitstack.py", line 17, in __call__
    await self.app(scope, receive, send)
  File "/Users/rejeanzapanta/Downloads/OptiSync/ml-service/venv/lib/python3.11/site-packages/starlette/routing.py", line 718, in __call__
    await route.handle(scope, receive, send)
  File "/Users/rejeanzapanta/Downloads/OptiSync/ml-service/venv/lib/python3.11/site-packages/starlette/routing.py", line 276, in handle
    await self.app(scope, receive, send)
  File "/Users/rejeanzapanta/Downloads/OptiSync/ml-service/venv/lib/python3.11/site-packages/starlette/routing.py", line 66, in app
    response = await func(request)
               ^^^^^^^^^^^^^^^^^^^
  File "/Users/rejeanzapanta/Downloads/OptiSync/ml-service/venv/lib/python3.11/site-packages/fastapi/routing.py", line 303, in app
    response = actual_response_class(content, **response_args)
               ^^^^^^^^^^^^^^^^^^^^^^^^^^^^^^^^^^^^^^^^^^^^^^^
  File "/Users/rejeanzapanta/Downloads/OptiSync/ml-service/venv/lib/python3.11/site-packages/starlette/responses.py", line 196, in __init__
    super().__init__(content, status_code, headers, media_type, background)
  File "/Users/rejeanzapanta/Downloads/OptiSync/ml-service/venv/lib/python3.11/site-packages/starlette/responses.py", line 55, in __init__
    self.body = self.render(content)
                ^^^^^^^^^^^^^^^^^^^^
  File "/Users/rejeanzapanta/Downloads/OptiSync/ml-service/venv/lib/python3.11/site-packages/starlette/responses.py", line 199, in render
    return json.dumps(
           ^^^^^^^^^^^
  File "/opt/homebrew/Cellar/python@3.11/3.11.15/Frameworks/Python.framework/Versions/3.11/lib/python3.11/json/__init__.py", line 238, in dumps
    **kw).encode(obj)
          ^^^^^^^^^^^
  File "/opt/homebrew/Cellar/python@3.11/3.11.15/Frameworks/Python.framework/Versions/3.11/lib/python3.11/json/encoder.py", line 200, in encode
    chunks = self.iterencode(o, _one_shot=True)
             ^^^^^^^^^^^^^^^^^^^^^^^^^^^^^^^^^^
  File "/opt/homebrew/Cellar/python@3.11/3.11.15/Frameworks/Python.framework/Versions/3.11/lib/python3.11/json/encoder.py", line 258, in iterencode
    return _iterencode(o, 0)
           ^^^^^^^^^^^^^^^^^
ValueError: Out of range float values are not JSON compliant
INFO:app:==================================================
INFO:app:REQUEST [20260318013457047867] - New forecast request received
INFO:app:Total transactions: 18
INFO:app:Total products: 22
INFO:app:Completed transactions: 18
INFO:app:First transaction date: 2026-03-17 15:58:20.811000+00:00
INFO:app:Last transaction date: 2026-03-14 12:00:34.203000+00:00
INFO:app:Date range: 3 days
INFO:app:Converting to DataFrames...
INFO:app:DataFrame shapes: transactions=(18, 4), products=(22, 7)
INFO:app:Calling generate_ensemble_forecast...
INFO:models.forecast:==================================================
INFO:models.forecast:ENTERING generate_ensemble_forecast
INFO:models.forecast:transactions_df shape: (18, 4)
INFO:models.forecast:products_df shape: (22, 7)
INFO:models.forecast:forecast_months: 3
INFO:models.forecast:Transaction date range: 2026-03-14 12:00:34.203000+00:00 to 2026-03-17 15:58:20.811000+00:00
INFO:models.forecast:Total sales: 142885.0
INFO:models.forecast:Number of unique dates: 18
INFO:models.forecast:Starting Prophet task...
INFO:models.forecast:Starting XGBoost task...
INFO:models.forecast:Waiting for model tasks to complete...
INFO:models.forecast:Prophet: Starting training...
WARNING:models.utils:Limited data: only 3 days (recommended 30+)
INFO:models.forecast:XGBoost: Starting training...
INFO:models.utils:Prepared time series with 4 days of data
WARNING:models.utils:Limited data: only 3 days (recommended 30+)
INFO:models.prophet_model:Data points: 4
INFO:models.utils:Prepared time series with 4 days of data
WARNING:models.xgboost_model:Very limited training data: 1 rows
INFO:models.xgboost_model:Training data: 4 rows
INFO:models.xgboost_model:Training XGBoost model...
INFO:models.prophet_model:Training Prophet model...
INFO:models.xgboost_model:XGBoost model trained successfully with 4 rows
INFO:models.forecast:XGBoost: Training complete
/Users/rejeanzapanta/Downloads/OptiSync/ml-service/venv/lib/python3.11/site-packages/sklearn/base.py:432: UserWarning: X has feature names, but StandardScaler was fitted without feature names
  warnings.warn(
/Users/rejeanzapanta/Downloads/OptiSync/ml-service/venv/lib/python3.11/site-packages/sklearn/utils/validation.py:767: FutureWarning: is_sparse is deprecated and will be removed in a future version. Check `isinstance(dtype, pd.SparseDtype)` instead.
  if not hasattr(array, "sparse") and array.dtypes.apply(is_sparse).any():
/Users/rejeanzapanta/Downloads/OptiSync/ml-service/venv/lib/python3.11/site-packages/sklearn/utils/validation.py:605: FutureWarning: is_sparse is deprecated and will be removed in a future version. Check `isinstance(dtype, pd.SparseDtype)` instead.
  if is_sparse(pd_dtype):
/Users/rejeanzapanta/Downloads/OptiSync/ml-service/venv/lib/python3.11/site-packages/sklearn/utils/validation.py:614: FutureWarning: is_sparse is deprecated and will be removed in a future version. Check `isinstance(dtype, pd.SparseDtype)` instead.
  if is_sparse(pd_dtype) or not is_extension_array_dtype(pd_dtype):
INFO:models.xgboost_model:Generated XGBoost forecast for 90 days
INFO:models.forecast:XGBoost: Forecast generated with shape (90, 5)
INFO:prophet:n_changepoints greater than number of observations. Using 2.
DEBUG:cmdstanpy:input tempfile: /var/folders/18/11jzyg511q797ytnd5bh2rm00000gn/T/tmpe6e0tlxd/7dqbiho3.json
DEBUG:cmdstanpy:input tempfile: /var/folders/18/11jzyg511q797ytnd5bh2rm00000gn/T/tmpe6e0tlxd/ljli2_ny.json
DEBUG:cmdstanpy:idx 0
DEBUG:cmdstanpy:running CmdStan, num_threads: None
DEBUG:cmdstanpy:CmdStan args: ['/Users/rejeanzapanta/Downloads/OptiSync/ml-service/venv/lib/python3.11/site-packages/prophet/stan_model/prophet_model.bin', 'random', 'seed=30170', 'data', 'file=/var/folders/18/11jzyg511q797ytnd5bh2rm00000gn/T/tmpe6e0tlxd/7dqbiho3.json', 'init=/var/folders/18/11jzyg511q797ytnd5bh2rm00000gn/T/tmpe6e0tlxd/ljli2_ny.json', 'output', 'file=/var/folders/18/11jzyg511q797ytnd5bh2rm00000gn/T/tmpe6e0tlxd/prophet_model1bog2v7v/prophet_model-20260318013457.csv', 'method=optimize', 'algorithm=newton', 'iter=10000']
01:34:57 - cmdstanpy - INFO - Chain [1] start processing
INFO:cmdstanpy:Chain [1] start processing
01:34:57 - cmdstanpy - INFO - Chain [1] done processing
INFO:cmdstanpy:Chain [1] done processing
INFO:models.prophet_model:Prophet model trained successfully with 4 data points
INFO:models.forecast:Prophet: Training complete
INFO:models.prophet_model:Generated forecast for 90 days
INFO:models.forecast:Prophet: Forecast generated with shape (94, 5)
INFO:models.forecast:Prophet success: True
INFO:models.forecast:XGBoost success: True
INFO:models.forecast:Creating ensemble forecast...
INFO:models.forecast:Creating ensemble forecast...
INFO:models.forecast:Ensemble forecast created with 184 rows
INFO:models.forecast:Formatted forecast with 9 data points
INFO:models.forecast:Generating recommendations...
INFO:models.forecast:Generated 2 recommendations
INFO:models.forecast:Calculating metrics...
INFO:models.forecast:Model used: ensemble
INFO:models.forecast:Confidence: 90.0
INFO:models.forecast:==================================================
INFO:app:Forecast generated. Model used: ensemble
INFO:app:REQUEST [20260318013457047867] - COMPLETED
INFO:app:==================================================
INFO:     127.0.0.1:54615 - "POST /api/forecast/demand HTTP/1.1" 500 Internal Server Error
ERROR:    Exception in ASGI application
Traceback (most recent call last):
  File "/Users/rejeanzapanta/Downloads/OptiSync/ml-service/venv/lib/python3.11/site-packages/uvicorn/protocols/http/httptools_impl.py", line 426, in run_asgi
    result = await app(  # type: ignore[func-returns-value]
             ^^^^^^^^^^^^^^^^^^^^^^^^^^^^^^^^^^^^^^^^^^^^^^
  File "/Users/rejeanzapanta/Downloads/OptiSync/ml-service/venv/lib/python3.11/site-packages/uvicorn/middleware/proxy_headers.py", line 84, in __call__
    return await self.app(scope, receive, send)
           ^^^^^^^^^^^^^^^^^^^^^^^^^^^^^^^^^^^^
  File "/Users/rejeanzapanta/Downloads/OptiSync/ml-service/venv/lib/python3.11/site-packages/fastapi/applications.py", line 1106, in __call__
    await super().__call__(scope, receive, send)
  File "/Users/rejeanzapanta/Downloads/OptiSync/ml-service/venv/lib/python3.11/site-packages/starlette/applications.py", line 122, in __call__
    await self.middleware_stack(scope, receive, send)
  File "/Users/rejeanzapanta/Downloads/OptiSync/ml-service/venv/lib/python3.11/site-packages/starlette/middleware/errors.py", line 184, in __call__
    raise exc
  File "/Users/rejeanzapanta/Downloads/OptiSync/ml-service/venv/lib/python3.11/site-packages/starlette/middleware/errors.py", line 162, in __call__
    await self.app(scope, receive, _send)
  File "/Users/rejeanzapanta/Downloads/OptiSync/ml-service/venv/lib/python3.11/site-packages/starlette/middleware/cors.py", line 91, in __call__
    await self.simple_response(scope, receive, send, request_headers=headers)
  File "/Users/rejeanzapanta/Downloads/OptiSync/ml-service/venv/lib/python3.11/site-packages/starlette/middleware/cors.py", line 146, in simple_response
    await self.app(scope, receive, send)
  File "/Users/rejeanzapanta/Downloads/OptiSync/ml-service/venv/lib/python3.11/site-packages/starlette/middleware/exceptions.py", line 79, in __call__
    raise exc
  File "/Users/rejeanzapanta/Downloads/OptiSync/ml-service/venv/lib/python3.11/site-packages/starlette/middleware/exceptions.py", line 68, in __call__
    await self.app(scope, receive, sender)
  File "/Users/rejeanzapanta/Downloads/OptiSync/ml-service/venv/lib/python3.11/site-packages/fastapi/middleware/asyncexitstack.py", line 20, in __call__
    raise e
  File "/Users/rejeanzapanta/Downloads/OptiSync/ml-service/venv/lib/python3.11/site-packages/fastapi/middleware/asyncexitstack.py", line 17, in __call__
    await self.app(scope, receive, send)
  File "/Users/rejeanzapanta/Downloads/OptiSync/ml-service/venv/lib/python3.11/site-packages/starlette/routing.py", line 718, in __call__
    await route.handle(scope, receive, send)
  File "/Users/rejeanzapanta/Downloads/OptiSync/ml-service/venv/lib/python3.11/site-packages/starlette/routing.py", line 276, in handle
    await self.app(scope, receive, send)
  File "/Users/rejeanzapanta/Downloads/OptiSync/ml-service/venv/lib/python3.11/site-packages/starlette/routing.py", line 66, in app
    response = await func(request)
               ^^^^^^^^^^^^^^^^^^^
  File "/Users/rejeanzapanta/Downloads/OptiSync/ml-service/venv/lib/python3.11/site-packages/fastapi/routing.py", line 303, in app
    response = actual_response_class(content, **response_args)
               ^^^^^^^^^^^^^^^^^^^^^^^^^^^^^^^^^^^^^^^^^^^^^^^
  File "/Users/rejeanzapanta/Downloads/OptiSync/ml-service/venv/lib/python3.11/site-packages/starlette/responses.py", line 196, in __init__
    super().__init__(content, status_code, headers, media_type, background)
  File "/Users/rejeanzapanta/Downloads/OptiSync/ml-service/venv/lib/python3.11/site-packages/starlette/responses.py", line 55, in __init__
    self.body = self.render(content)
                ^^^^^^^^^^^^^^^^^^^^
  File "/Users/rejeanzapanta/Downloads/OptiSync/ml-service/venv/lib/python3.11/site-packages/starlette/responses.py", line 199, in render
    return json.dumps(
           ^^^^^^^^^^^
  File "/opt/homebrew/Cellar/python@3.11/3.11.15/Frameworks/Python.framework/Versions/3.11/lib/python3.11/json/__init__.py", line 238, in dumps
    **kw).encode(obj)
          ^^^^^^^^^^^
  File "/opt/homebrew/Cellar/python@3.11/3.11.15/Frameworks/Python.framework/Versions/3.11/lib/python3.11/json/encoder.py", line 200, in encode
    chunks = self.iterencode(o, _one_shot=True)
             ^^^^^^^^^^^^^^^^^^^^^^^^^^^^^^^^^^
  File "/opt/homebrew/Cellar/python@3.11/3.11.15/Frameworks/Python.framework/Versions/3.11/lib/python3.11/json/encoder.py", line 258, in iterencode
    return _iterencode(o, 0)
           ^^^^^^^^^^^^^^^^^
ValueError: Out of range float values are not JSON compliant
INFO:app:==================================================
INFO:app:REQUEST [20260318013459047403] - New forecast request received
INFO:app:Total transactions: 18
INFO:app:Total products: 22
INFO:app:Completed transactions: 18
INFO:app:First transaction date: 2026-03-17 15:58:20.811000+00:00
INFO:app:Last transaction date: 2026-03-14 12:00:34.203000+00:00
INFO:app:Date range: 3 days
INFO:app:Converting to DataFrames...
INFO:app:DataFrame shapes: transactions=(18, 4), products=(22, 7)
INFO:app:Calling generate_ensemble_forecast...
INFO:models.forecast:==================================================
INFO:models.forecast:ENTERING generate_ensemble_forecast
INFO:models.forecast:transactions_df shape: (18, 4)
INFO:models.forecast:products_df shape: (22, 7)
INFO:models.forecast:forecast_months: 3
INFO:models.forecast:Transaction date range: 2026-03-14 12:00:34.203000+00:00 to 2026-03-17 15:58:20.811000+00:00
INFO:models.forecast:Total sales: 142885.0
INFO:models.forecast:Number of unique dates: 18
INFO:models.forecast:Starting Prophet task...
INFO:models.forecast:Starting XGBoost task...
INFO:models.forecast:Waiting for model tasks to complete...
INFO:models.forecast:Prophet: Starting training...
INFO:models.forecast:XGBoost: Starting training...
WARNING:models.utils:Limited data: only 3 days (recommended 30+)
WARNING:models.utils:Limited data: only 3 days (recommended 30+)
INFO:models.utils:Prepared time series with 4 days of data
INFO:models.utils:Prepared time series with 4 days of data
INFO:models.prophet_model:Data points: 4
WARNING:models.xgboost_model:Very limited training data: 1 rows
INFO:models.xgboost_model:Training data: 4 rows
INFO:models.xgboost_model:Training XGBoost model...
INFO:models.xgboost_model:XGBoost model trained successfully with 4 rows
INFO:models.forecast:XGBoost: Training complete
/Users/rejeanzapanta/Downloads/OptiSync/ml-service/venv/lib/python3.11/site-packages/sklearn/base.py:432: UserWarning: X has feature names, but StandardScaler was fitted without feature names
  warnings.warn(
/Users/rejeanzapanta/Downloads/OptiSync/ml-service/venv/lib/python3.11/site-packages/sklearn/utils/validation.py:767: FutureWarning: is_sparse is deprecated and will be removed in a future version. Check `isinstance(dtype, pd.SparseDtype)` instead.
  if not hasattr(array, "sparse") and array.dtypes.apply(is_sparse).any():
/Users/rejeanzapanta/Downloads/OptiSync/ml-service/venv/lib/python3.11/site-packages/sklearn/utils/validation.py:605: FutureWarning: is_sparse is deprecated and will be removed in a future version. Check `isinstance(dtype, pd.SparseDtype)` instead.
  if is_sparse(pd_dtype):
/Users/rejeanzapanta/Downloads/OptiSync/ml-service/venv/lib/python3.11/site-packages/sklearn/utils/validation.py:614: FutureWarning: is_sparse is deprecated and will be removed in a future version. Check `isinstance(dtype, pd.SparseDtype)` instead.
  if is_sparse(pd_dtype) or not is_extension_array_dtype(pd_dtype):
INFO:models.xgboost_model:Generated XGBoost forecast for 90 days
INFO:models.forecast:XGBoost: Forecast generated with shape (90, 5)
INFO:models.prophet_model:Training Prophet model...
INFO:prophet:n_changepoints greater than number of observations. Using 2.
DEBUG:cmdstanpy:input tempfile: /var/folders/18/11jzyg511q797ytnd5bh2rm00000gn/T/tmpe6e0tlxd/p7dgoxsx.json
DEBUG:cmdstanpy:input tempfile: /var/folders/18/11jzyg511q797ytnd5bh2rm00000gn/T/tmpe6e0tlxd/oahpo2bo.json
DEBUG:cmdstanpy:idx 0
DEBUG:cmdstanpy:running CmdStan, num_threads: None
DEBUG:cmdstanpy:CmdStan args: ['/Users/rejeanzapanta/Downloads/OptiSync/ml-service/venv/lib/python3.11/site-packages/prophet/stan_model/prophet_model.bin', 'random', 'seed=45682', 'data', 'file=/var/folders/18/11jzyg511q797ytnd5bh2rm00000gn/T/tmpe6e0tlxd/p7dgoxsx.json', 'init=/var/folders/18/11jzyg511q797ytnd5bh2rm00000gn/T/tmpe6e0tlxd/oahpo2bo.json', 'output', 'file=/var/folders/18/11jzyg511q797ytnd5bh2rm00000gn/T/tmpe6e0tlxd/prophet_model2lk5n2gz/prophet_model-20260318013459.csv', 'method=optimize', 'algorithm=newton', 'iter=10000']
01:34:59 - cmdstanpy - INFO - Chain [1] start processing
INFO:cmdstanpy:Chain [1] start processing
01:34:59 - cmdstanpy - INFO - Chain [1] done processing
INFO:cmdstanpy:Chain [1] done processing
INFO:models.prophet_model:Prophet model trained successfully with 4 data points
INFO:models.forecast:Prophet: Training complete
INFO:models.prophet_model:Generated forecast for 90 days
INFO:models.forecast:Prophet: Forecast generated with shape (94, 5)
INFO:models.forecast:Prophet success: True
INFO:models.forecast:XGBoost success: True
INFO:models.forecast:Creating ensemble forecast...
INFO:models.forecast:Creating ensemble forecast...
INFO:models.forecast:Ensemble forecast created with 184 rows
INFO:models.forecast:Formatted forecast with 9 data points
INFO:models.forecast:Generating recommendations...
INFO:models.forecast:Generated 2 recommendations
INFO:models.forecast:Calculating metrics...
INFO:models.forecast:Model used: ensemble
INFO:models.forecast:Confidence: 90.0
INFO:models.forecast:==================================================
INFO:app:Forecast generated. Model used: ensemble
INFO:app:REQUEST [20260318013459047403] - COMPLETED
INFO:app:==================================================
INFO:     127.0.0.1:54617 - "POST /api/forecast/demand HTTP/1.1" 500 Internal Server Error
ERROR:    Exception in ASGI application
Traceback (most recent call last):
  File "/Users/rejeanzapanta/Downloads/OptiSync/ml-service/venv/lib/python3.11/site-packages/uvicorn/protocols/http/httptools_impl.py", line 426, in run_asgi
    result = await app(  # type: ignore[func-returns-value]
             ^^^^^^^^^^^^^^^^^^^^^^^^^^^^^^^^^^^^^^^^^^^^^^
  File "/Users/rejeanzapanta/Downloads/OptiSync/ml-service/venv/lib/python3.11/site-packages/uvicorn/middleware/proxy_headers.py", line 84, in __call__
    return await self.app(scope, receive, send)
           ^^^^^^^^^^^^^^^^^^^^^^^^^^^^^^^^^^^^
  File "/Users/rejeanzapanta/Downloads/OptiSync/ml-service/venv/lib/python3.11/site-packages/fastapi/applications.py", line 1106, in __call__
    await super().__call__(scope, receive, send)
  File "/Users/rejeanzapanta/Downloads/OptiSync/ml-service/venv/lib/python3.11/site-packages/starlette/applications.py", line 122, in __call__
    await self.middleware_stack(scope, receive, send)
  File "/Users/rejeanzapanta/Downloads/OptiSync/ml-service/venv/lib/python3.11/site-packages/starlette/middleware/errors.py", line 184, in __call__
    raise exc
  File "/Users/rejeanzapanta/Downloads/OptiSync/ml-service/venv/lib/python3.11/site-packages/starlette/middleware/errors.py", line 162, in __call__
    await self.app(scope, receive, _send)
  File "/Users/rejeanzapanta/Downloads/OptiSync/ml-service/venv/lib/python3.11/site-packages/starlette/middleware/cors.py", line 91, in __call__
    await self.simple_response(scope, receive, send, request_headers=headers)
  File "/Users/rejeanzapanta/Downloads/OptiSync/ml-service/venv/lib/python3.11/site-packages/starlette/middleware/cors.py", line 146, in simple_response
    await self.app(scope, receive, send)
  File "/Users/rejeanzapanta/Downloads/OptiSync/ml-service/venv/lib/python3.11/site-packages/starlette/middleware/exceptions.py", line 79, in __call__
    raise exc
  File "/Users/rejeanzapanta/Downloads/OptiSync/ml-service/venv/lib/python3.11/site-packages/starlette/middleware/exceptions.py", line 68, in __call__
    await self.app(scope, receive, sender)
  File "/Users/rejeanzapanta/Downloads/OptiSync/ml-service/venv/lib/python3.11/site-packages/fastapi/middleware/asyncexitstack.py", line 20, in __call__
    raise e
  File "/Users/rejeanzapanta/Downloads/OptiSync/ml-service/venv/lib/python3.11/site-packages/fastapi/middleware/asyncexitstack.py", line 17, in __call__
    await self.app(scope, receive, send)
  File "/Users/rejeanzapanta/Downloads/OptiSync/ml-service/venv/lib/python3.11/site-packages/starlette/routing.py", line 718, in __call__
    await route.handle(scope, receive, send)
  File "/Users/rejeanzapanta/Downloads/OptiSync/ml-service/venv/lib/python3.11/site-packages/starlette/routing.py", line 276, in handle
    await self.app(scope, receive, send)
  File "/Users/rejeanzapanta/Downloads/OptiSync/ml-service/venv/lib/python3.11/site-packages/starlette/routing.py", line 66, in app
    response = await func(request)
               ^^^^^^^^^^^^^^^^^^^
  File "/Users/rejeanzapanta/Downloads/OptiSync/ml-service/venv/lib/python3.11/site-packages/fastapi/routing.py", line 303, in app
    response = actual_response_class(content, **response_args)
               ^^^^^^^^^^^^^^^^^^^^^^^^^^^^^^^^^^^^^^^^^^^^^^^
  File "/Users/rejeanzapanta/Downloads/OptiSync/ml-service/venv/lib/python3.11/site-packages/starlette/responses.py", line 196, in __init__
    super().__init__(content, status_code, headers, media_type, background)
  File "/Users/rejeanzapanta/Downloads/OptiSync/ml-service/venv/lib/python3.11/site-packages/starlette/responses.py", line 55, in __init__
    self.body = self.render(content)
                ^^^^^^^^^^^^^^^^^^^^
  File "/Users/rejeanzapanta/Downloads/OptiSync/ml-service/venv/lib/python3.11/site-packages/starlette/responses.py", line 199, in render
    return json.dumps(
           ^^^^^^^^^^^
  File "/opt/homebrew/Cellar/python@3.11/3.11.15/Frameworks/Python.framework/Versions/3.11/lib/python3.11/json/__init__.py", line 238, in dumps
    **kw).encode(obj)
          ^^^^^^^^^^^
  File "/opt/homebrew/Cellar/python@3.11/3.11.15/Frameworks/Python.framework/Versions/3.11/lib/python3.11/json/encoder.py", line 200, in encode
    chunks = self.iterencode(o, _one_shot=True)
             ^^^^^^^^^^^^^^^^^^^^^^^^^^^^^^^^^^
  File "/opt/homebrew/Cellar/python@3.11/3.11.15/Frameworks/Python.framework/Versions/3.11/lib/python3.11/json/encoder.py", line 258, in iterencode
    return _iterencode(o, 0)
           ^^^^^^^^^^^^^^^^^
ValueError: Out of range float values are not JSON compliant
INFO:app:==================================================
INFO:app:REQUEST [20260318013502409696] - New forecast request received
INFO:app:Total transactions: 18
INFO:app:Total products: 22
INFO:app:Completed transactions: 18
INFO:app:First transaction date: 2026-03-17 15:58:20.811000+00:00
INFO:app:Last transaction date: 2026-03-14 12:00:34.203000+00:00
INFO:app:Date range: 3 days
INFO:app:Converting to DataFrames...
INFO:app:DataFrame shapes: transactions=(18, 4), products=(22, 7)
INFO:app:Calling generate_ensemble_forecast...
INFO:models.forecast:==================================================
INFO:models.forecast:ENTERING generate_ensemble_forecast
INFO:models.forecast:transactions_df shape: (18, 4)
INFO:models.forecast:products_df shape: (22, 7)
INFO:models.forecast:forecast_months: 3
INFO:models.forecast:Transaction date range: 2026-03-14 12:00:34.203000+00:00 to 2026-03-17 15:58:20.811000+00:00
INFO:models.forecast:Total sales: 142885.0
INFO:models.forecast:Number of unique dates: 18
INFO:models.forecast:Starting Prophet task...
INFO:models.forecast:Starting XGBoost task...
INFO:models.forecast:Waiting for model tasks to complete...
INFO:models.forecast:Prophet: Starting training...
INFO:models.forecast:XGBoost: Starting training...
WARNING:models.utils:Limited data: only 3 days (recommended 30+)
WARNING:models.utils:Limited data: only 3 days (recommended 30+)
INFO:models.utils:Prepared time series with 4 days of data
INFO:models.utils:Prepared time series with 4 days of data
INFO:models.prophet_model:Data points: 4
WARNING:models.xgboost_model:Very limited training data: 1 rows
INFO:models.xgboost_model:Training data: 4 rows
INFO:models.xgboost_model:Training XGBoost model...
INFO:models.xgboost_model:XGBoost model trained successfully with 4 rows
INFO:models.forecast:XGBoost: Training complete
/Users/rejeanzapanta/Downloads/OptiSync/ml-service/venv/lib/python3.11/site-packages/sklearn/base.py:432: UserWarning: X has feature names, but StandardScaler was fitted without feature names
  warnings.warn(
/Users/rejeanzapanta/Downloads/OptiSync/ml-service/venv/lib/python3.11/site-packages/sklearn/utils/validation.py:767: FutureWarning: is_sparse is deprecated and will be removed in a future version. Check `isinstance(dtype, pd.SparseDtype)` instead.
  if not hasattr(array, "sparse") and array.dtypes.apply(is_sparse).any():
/Users/rejeanzapanta/Downloads/OptiSync/ml-service/venv/lib/python3.11/site-packages/sklearn/utils/validation.py:605: FutureWarning: is_sparse is deprecated and will be removed in a future version. Check `isinstance(dtype, pd.SparseDtype)` instead.
  if is_sparse(pd_dtype):
/Users/rejeanzapanta/Downloads/OptiSync/ml-service/venv/lib/python3.11/site-packages/sklearn/utils/validation.py:614: FutureWarning: is_sparse is deprecated and will be removed in a future version. Check `isinstance(dtype, pd.SparseDtype)` instead.
  if is_sparse(pd_dtype) or not is_extension_array_dtype(pd_dtype):
INFO:models.xgboost_model:Generated XGBoost forecast for 90 days
INFO:models.forecast:XGBoost: Forecast generated with shape (90, 5)
INFO:models.prophet_model:Training Prophet model...
INFO:prophet:n_changepoints greater than number of observations. Using 2.
DEBUG:cmdstanpy:input tempfile: /var/folders/18/11jzyg511q797ytnd5bh2rm00000gn/T/tmpe6e0tlxd/8dld1dcv.json
DEBUG:cmdstanpy:input tempfile: /var/folders/18/11jzyg511q797ytnd5bh2rm00000gn/T/tmpe6e0tlxd/93vd5knh.json
DEBUG:cmdstanpy:idx 0
DEBUG:cmdstanpy:running CmdStan, num_threads: None
DEBUG:cmdstanpy:CmdStan args: ['/Users/rejeanzapanta/Downloads/OptiSync/ml-service/venv/lib/python3.11/site-packages/prophet/stan_model/prophet_model.bin', 'random', 'seed=53833', 'data', 'file=/var/folders/18/11jzyg511q797ytnd5bh2rm00000gn/T/tmpe6e0tlxd/8dld1dcv.json', 'init=/var/folders/18/11jzyg511q797ytnd5bh2rm00000gn/T/tmpe6e0tlxd/93vd5knh.json', 'output', 'file=/var/folders/18/11jzyg511q797ytnd5bh2rm00000gn/T/tmpe6e0tlxd/prophet_modelfayamd4k/prophet_model-20260318013502.csv', 'method=optimize', 'algorithm=newton', 'iter=10000']
01:35:02 - cmdstanpy - INFO - Chain [1] start processing
INFO:cmdstanpy:Chain [1] start processing
01:35:02 - cmdstanpy - INFO - Chain [1] done processing
INFO:cmdstanpy:Chain [1] done processing
INFO:models.prophet_model:Prophet model trained successfully with 4 data points
INFO:models.forecast:Prophet: Training complete
INFO:models.prophet_model:Generated forecast for 90 days
INFO:models.forecast:Prophet: Forecast generated with shape (94, 5)
INFO:models.forecast:Prophet success: True
INFO:models.forecast:XGBoost success: True
INFO:models.forecast:Creating ensemble forecast...
INFO:models.forecast:Creating ensemble forecast...
INFO:models.forecast:Ensemble forecast created with 184 rows
INFO:models.forecast:Formatted forecast with 9 data points
INFO:models.forecast:Generating recommendations...
INFO:models.forecast:Generated 2 recommendations
INFO:models.forecast:Calculating metrics...
INFO:models.forecast:Model used: ensemble
INFO:models.forecast:Confidence: 90.0
INFO:models.forecast:==================================================
INFO:app:Forecast generated. Model used: ensemble
INFO:app:REQUEST [20260318013502409696] - COMPLETED
INFO:app:==================================================
INFO:     127.0.0.1:54625 - "POST /api/forecast/demand HTTP/1.1" 500 Internal Server Error
ERROR:    Exception in ASGI application
Traceback (most recent call last):
  File "/Users/rejeanzapanta/Downloads/OptiSync/ml-service/venv/lib/python3.11/site-packages/uvicorn/protocols/http/httptools_impl.py", line 426, in run_asgi
    result = await app(  # type: ignore[func-returns-value]
             ^^^^^^^^^^^^^^^^^^^^^^^^^^^^^^^^^^^^^^^^^^^^^^
  File "/Users/rejeanzapanta/Downloads/OptiSync/ml-service/venv/lib/python3.11/site-packages/uvicorn/middleware/proxy_headers.py", line 84, in __call__
    return await self.app(scope, receive, send)
           ^^^^^^^^^^^^^^^^^^^^^^^^^^^^^^^^^^^^
  File "/Users/rejeanzapanta/Downloads/OptiSync/ml-service/venv/lib/python3.11/site-packages/fastapi/applications.py", line 1106, in __call__
    await super().__call__(scope, receive, send)
  File "/Users/rejeanzapanta/Downloads/OptiSync/ml-service/venv/lib/python3.11/site-packages/starlette/applications.py", line 122, in __call__
    await self.middleware_stack(scope, receive, send)
  File "/Users/rejeanzapanta/Downloads/OptiSync/ml-service/venv/lib/python3.11/site-packages/starlette/middleware/errors.py", line 184, in __call__
    raise exc
  File "/Users/rejeanzapanta/Downloads/OptiSync/ml-service/venv/lib/python3.11/site-packages/starlette/middleware/errors.py", line 162, in __call__
    await self.app(scope, receive, _send)
  File "/Users/rejeanzapanta/Downloads/OptiSync/ml-service/venv/lib/python3.11/site-packages/starlette/middleware/cors.py", line 91, in __call__
    await self.simple_response(scope, receive, send, request_headers=headers)
  File "/Users/rejeanzapanta/Downloads/OptiSync/ml-service/venv/lib/python3.11/site-packages/starlette/middleware/cors.py", line 146, in simple_response
    await self.app(scope, receive, send)
  File "/Users/rejeanzapanta/Downloads/OptiSync/ml-service/venv/lib/python3.11/site-packages/starlette/middleware/exceptions.py", line 79, in __call__
    raise exc
  File "/Users/rejeanzapanta/Downloads/OptiSync/ml-service/venv/lib/python3.11/site-packages/starlette/middleware/exceptions.py", line 68, in __call__
    await self.app(scope, receive, sender)
  File "/Users/rejeanzapanta/Downloads/OptiSync/ml-service/venv/lib/python3.11/site-packages/fastapi/middleware/asyncexitstack.py", line 20, in __call__
    raise e
  File "/Users/rejeanzapanta/Downloads/OptiSync/ml-service/venv/lib/python3.11/site-packages/fastapi/middleware/asyncexitstack.py", line 17, in __call__
    await self.app(scope, receive, send)
  File "/Users/rejeanzapanta/Downloads/OptiSync/ml-service/venv/lib/python3.11/site-packages/starlette/routing.py", line 718, in __call__
    await route.handle(scope, receive, send)
  File "/Users/rejeanzapanta/Downloads/OptiSync/ml-service/venv/lib/python3.11/site-packages/starlette/routing.py", line 276, in handle
    await self.app(scope, receive, send)
  File "/Users/rejeanzapanta/Downloads/OptiSync/ml-service/venv/lib/python3.11/site-packages/starlette/routing.py", line 66, in app
    response = await func(request)
               ^^^^^^^^^^^^^^^^^^^
  File "/Users/rejeanzapanta/Downloads/OptiSync/ml-service/venv/lib/python3.11/site-packages/fastapi/routing.py", line 303, in app
    response = actual_response_class(content, **response_args)
               ^^^^^^^^^^^^^^^^^^^^^^^^^^^^^^^^^^^^^^^^^^^^^^^
  File "/Users/rejeanzapanta/Downloads/OptiSync/ml-service/venv/lib/python3.11/site-packages/starlette/responses.py", line 196, in __init__
    super().__init__(content, status_code, headers, media_type, background)
  File "/Users/rejeanzapanta/Downloads/OptiSync/ml-service/venv/lib/python3.11/site-packages/starlette/responses.py", line 55, in __init__
    self.body = self.render(content)
                ^^^^^^^^^^^^^^^^^^^^
  File "/Users/rejeanzapanta/Downloads/OptiSync/ml-service/venv/lib/python3.11/site-packages/starlette/responses.py", line 199, in render
    return json.dumps(
           ^^^^^^^^^^^
  File "/opt/homebrew/Cellar/python@3.11/3.11.15/Frameworks/Python.framework/Versions/3.11/lib/python3.11/json/__init__.py", line 238, in dumps
    **kw).encode(obj)
          ^^^^^^^^^^^
  File "/opt/homebrew/Cellar/python@3.11/3.11.15/Frameworks/Python.framework/Versions/3.11/lib/python3.11/json/encoder.py", line 200, in encode
    chunks = self.iterencode(o, _one_shot=True)
             ^^^^^^^^^^^^^^^^^^^^^^^^^^^^^^^^^^
  File "/opt/homebrew/Cellar/python@3.11/3.11.15/Frameworks/Python.framework/Versions/3.11/lib/python3.11/json/encoder.py", line 258, in iterencode
    return _iterencode(o, 0)
           ^^^^^^^^^^^^^^^^^
ValueError: Out of range float values are not JSON compliant
INFO:app:==================================================
INFO:app:REQUEST [20260318013504414747] - New forecast request received
INFO:app:Total transactions: 18
INFO:app:Total products: 22
INFO:app:Completed transactions: 18
INFO:app:First transaction date: 2026-03-17 15:58:20.811000+00:00
INFO:app:Last transaction date: 2026-03-14 12:00:34.203000+00:00
INFO:app:Date range: 3 days
INFO:app:Converting to DataFrames...
INFO:app:DataFrame shapes: transactions=(18, 4), products=(22, 7)
INFO:app:Calling generate_ensemble_forecast...
INFO:models.forecast:==================================================
INFO:models.forecast:ENTERING generate_ensemble_forecast
INFO:models.forecast:transactions_df shape: (18, 4)
INFO:models.forecast:products_df shape: (22, 7)
INFO:models.forecast:forecast_months: 3
INFO:models.forecast:Transaction date range: 2026-03-14 12:00:34.203000+00:00 to 2026-03-17 15:58:20.811000+00:00
INFO:models.forecast:Total sales: 142885.0
INFO:models.forecast:Number of unique dates: 18
INFO:models.forecast:Starting Prophet task...
INFO:models.forecast:Starting XGBoost task...
INFO:models.forecast:Waiting for model tasks to complete...
INFO:models.forecast:Prophet: Starting training...
INFO:models.forecast:XGBoost: Starting training...
WARNING:models.utils:Limited data: only 3 days (recommended 30+)
WARNING:models.utils:Limited data: only 3 days (recommended 30+)
INFO:models.utils:Prepared time series with 4 days of data
INFO:models.utils:Prepared time series with 4 days of data
INFO:models.prophet_model:Data points: 4
WARNING:models.xgboost_model:Very limited training data: 1 rows
INFO:models.xgboost_model:Training data: 4 rows
INFO:models.xgboost_model:Training XGBoost model...
INFO:models.xgboost_model:XGBoost model trained successfully with 4 rows
INFO:models.forecast:XGBoost: Training complete
/Users/rejeanzapanta/Downloads/OptiSync/ml-service/venv/lib/python3.11/site-packages/sklearn/base.py:432: UserWarning: X has feature names, but StandardScaler was fitted without feature names
  warnings.warn(
/Users/rejeanzapanta/Downloads/OptiSync/ml-service/venv/lib/python3.11/site-packages/sklearn/utils/validation.py:767: FutureWarning: is_sparse is deprecated and will be removed in a future version. Check `isinstance(dtype, pd.SparseDtype)` instead.
  if not hasattr(array, "sparse") and array.dtypes.apply(is_sparse).any():
/Users/rejeanzapanta/Downloads/OptiSync/ml-service/venv/lib/python3.11/site-packages/sklearn/utils/validation.py:605: FutureWarning: is_sparse is deprecated and will be removed in a future version. Check `isinstance(dtype, pd.SparseDtype)` instead.
  if is_sparse(pd_dtype):
/Users/rejeanzapanta/Downloads/OptiSync/ml-service/venv/lib/python3.11/site-packages/sklearn/utils/validation.py:614: FutureWarning: is_sparse is deprecated and will be removed in a future version. Check `isinstance(dtype, pd.SparseDtype)` instead.
  if is_sparse(pd_dtype) or not is_extension_array_dtype(pd_dtype):
INFO:models.xgboost_model:Generated XGBoost forecast for 90 days
INFO:models.forecast:XGBoost: Forecast generated with shape (90, 5)
INFO:models.prophet_model:Training Prophet model...
INFO:prophet:n_changepoints greater than number of observations. Using 2.
DEBUG:cmdstanpy:input tempfile: /var/folders/18/11jzyg511q797ytnd5bh2rm00000gn/T/tmpe6e0tlxd/c5c864jg.json
DEBUG:cmdstanpy:input tempfile: /var/folders/18/11jzyg511q797ytnd5bh2rm00000gn/T/tmpe6e0tlxd/8afl_8f2.json
DEBUG:cmdstanpy:idx 0
DEBUG:cmdstanpy:running CmdStan, num_threads: None
DEBUG:cmdstanpy:CmdStan args: ['/Users/rejeanzapanta/Downloads/OptiSync/ml-service/venv/lib/python3.11/site-packages/prophet/stan_model/prophet_model.bin', 'random', 'seed=46162', 'data', 'file=/var/folders/18/11jzyg511q797ytnd5bh2rm00000gn/T/tmpe6e0tlxd/c5c864jg.json', 'init=/var/folders/18/11jzyg511q797ytnd5bh2rm00000gn/T/tmpe6e0tlxd/8afl_8f2.json', 'output', 'file=/var/folders/18/11jzyg511q797ytnd5bh2rm00000gn/T/tmpe6e0tlxd/prophet_modelg_17yu5i/prophet_model-20260318013504.csv', 'method=optimize', 'algorithm=newton', 'iter=10000']
01:35:04 - cmdstanpy - INFO - Chain [1] start processing
INFO:cmdstanpy:Chain [1] start processing
01:35:04 - cmdstanpy - INFO - Chain [1] done processing
INFO:cmdstanpy:Chain [1] done processing
INFO:models.prophet_model:Prophet model trained successfully with 4 data points
INFO:models.forecast:Prophet: Training complete
INFO:models.prophet_model:Generated forecast for 90 days
INFO:models.forecast:Prophet: Forecast generated with shape (94, 5)
INFO:models.forecast:Prophet success: True
INFO:models.forecast:XGBoost success: True
INFO:models.forecast:Creating ensemble forecast...
INFO:models.forecast:Creating ensemble forecast...
INFO:models.forecast:Ensemble forecast created with 184 rows
INFO:models.forecast:Formatted forecast with 9 data points
INFO:models.forecast:Generating recommendations...
INFO:models.forecast:Generated 2 recommendations
INFO:models.forecast:Calculating metrics...
INFO:models.forecast:Model used: ensemble
INFO:models.forecast:Confidence: 90.0
INFO:models.forecast:==================================================
INFO:app:Forecast generated. Model used: ensemble
INFO:app:REQUEST [20260318013504414747] - COMPLETED
INFO:app:==================================================
INFO:     127.0.0.1:54627 - "POST /api/forecast/demand HTTP/1.1" 500 Internal Server Error
ERROR:    Exception in ASGI application
Traceback (most recent call last):
  File "/Users/rejeanzapanta/Downloads/OptiSync/ml-service/venv/lib/python3.11/site-packages/uvicorn/protocols/http/httptools_impl.py", line 426, in run_asgi
    result = await app(  # type: ignore[func-returns-value]
             ^^^^^^^^^^^^^^^^^^^^^^^^^^^^^^^^^^^^^^^^^^^^^^
  File "/Users/rejeanzapanta/Downloads/OptiSync/ml-service/venv/lib/python3.11/site-packages/uvicorn/middleware/proxy_headers.py", line 84, in __call__
    return await self.app(scope, receive, send)
           ^^^^^^^^^^^^^^^^^^^^^^^^^^^^^^^^^^^^
  File "/Users/rejeanzapanta/Downloads/OptiSync/ml-service/venv/lib/python3.11/site-packages/fastapi/applications.py", line 1106, in __call__
    await super().__call__(scope, receive, send)
  File "/Users/rejeanzapanta/Downloads/OptiSync/ml-service/venv/lib/python3.11/site-packages/starlette/applications.py", line 122, in __call__
    await self.middleware_stack(scope, receive, send)
  File "/Users/rejeanzapanta/Downloads/OptiSync/ml-service/venv/lib/python3.11/site-packages/starlette/middleware/errors.py", line 184, in __call__
    raise exc
  File "/Users/rejeanzapanta/Downloads/OptiSync/ml-service/venv/lib/python3.11/site-packages/starlette/middleware/errors.py", line 162, in __call__
    await self.app(scope, receive, _send)
  File "/Users/rejeanzapanta/Downloads/OptiSync/ml-service/venv/lib/python3.11/site-packages/starlette/middleware/cors.py", line 91, in __call__
    await self.simple_response(scope, receive, send, request_headers=headers)
  File "/Users/rejeanzapanta/Downloads/OptiSync/ml-service/venv/lib/python3.11/site-packages/starlette/middleware/cors.py", line 146, in simple_response
    await self.app(scope, receive, send)
  File "/Users/rejeanzapanta/Downloads/OptiSync/ml-service/venv/lib/python3.11/site-packages/starlette/middleware/exceptions.py", line 79, in __call__
    raise exc
  File "/Users/rejeanzapanta/Downloads/OptiSync/ml-service/venv/lib/python3.11/site-packages/starlette/middleware/exceptions.py", line 68, in __call__
    await self.app(scope, receive, sender)
  File "/Users/rejeanzapanta/Downloads/OptiSync/ml-service/venv/lib/python3.11/site-packages/fastapi/middleware/asyncexitstack.py", line 20, in __call__
    raise e
  File "/Users/rejeanzapanta/Downloads/OptiSync/ml-service/venv/lib/python3.11/site-packages/fastapi/middleware/asyncexitstack.py", line 17, in __call__
    await self.app(scope, receive, send)
  File "/Users/rejeanzapanta/Downloads/OptiSync/ml-service/venv/lib/python3.11/site-packages/starlette/routing.py", line 718, in __call__
    await route.handle(scope, receive, send)
  File "/Users/rejeanzapanta/Downloads/OptiSync/ml-service/venv/lib/python3.11/site-packages/starlette/routing.py", line 276, in handle
    await self.app(scope, receive, send)
  File "/Users/rejeanzapanta/Downloads/OptiSync/ml-service/venv/lib/python3.11/site-packages/starlette/routing.py", line 66, in app
    response = await func(request)
               ^^^^^^^^^^^^^^^^^^^
  File "/Users/rejeanzapanta/Downloads/OptiSync/ml-service/venv/lib/python3.11/site-packages/fastapi/routing.py", line 303, in app
    response = actual_response_class(content, **response_args)
               ^^^^^^^^^^^^^^^^^^^^^^^^^^^^^^^^^^^^^^^^^^^^^^^
  File "/Users/rejeanzapanta/Downloads/OptiSync/ml-service/venv/lib/python3.11/site-packages/starlette/responses.py", line 196, in __init__
    super().__init__(content, status_code, headers, media_type, background)
  File "/Users/rejeanzapanta/Downloads/OptiSync/ml-service/venv/lib/python3.11/site-packages/starlette/responses.py", line 55, in __init__
    self.body = self.render(content)
                ^^^^^^^^^^^^^^^^^^^^
  File "/Users/rejeanzapanta/Downloads/OptiSync/ml-service/venv/lib/python3.11/site-packages/starlette/responses.py", line 199, in render
    return json.dumps(
           ^^^^^^^^^^^
  File "/opt/homebrew/Cellar/python@3.11/3.11.15/Frameworks/Python.framework/Versions/3.11/lib/python3.11/json/__init__.py", line 238, in dumps
    **kw).encode(obj)
          ^^^^^^^^^^^
  File "/opt/homebrew/Cellar/python@3.11/3.11.15/Frameworks/Python.framework/Versions/3.11/lib/python3.11/json/encoder.py", line 200, in encode
    chunks = self.iterencode(o, _one_shot=True)
             ^^^^^^^^^^^^^^^^^^^^^^^^^^^^^^^^^^
  File "/opt/homebrew/Cellar/python@3.11/3.11.15/Frameworks/Python.framework/Versions/3.11/lib/python3.11/json/encoder.py", line 258, in iterencode
    return _iterencode(o, 0)
           ^^^^^^^^^^^^^^^^^
ValueError: Out of range float values are not JSON compliant
INFO:app:==================================================
INFO:app:REQUEST [20260318013755656639] - New forecast request received
INFO:app:Total transactions: 18
INFO:app:Total products: 22
INFO:app:Completed transactions: 18
INFO:app:First transaction date: 2026-03-17 15:58:20.811000+00:00
INFO:app:Last transaction date: 2026-03-14 12:00:34.203000+00:00
INFO:app:Date range: 3 days
INFO:app:Converting to DataFrames...
INFO:app:DataFrame shapes: transactions=(18, 4), products=(22, 7)
INFO:app:Calling generate_ensemble_forecast...
INFO:models.forecast:==================================================
INFO:models.forecast:ENTERING generate_ensemble_forecast
INFO:models.forecast:transactions_df shape: (18, 4)
INFO:models.forecast:products_df shape: (22, 7)
INFO:models.forecast:forecast_months: 3
INFO:models.forecast:Transaction date range: 2026-03-14 12:00:34.203000+00:00 to 2026-03-17 15:58:20.811000+00:00
INFO:models.forecast:Total sales: 142885.0
INFO:models.forecast:Number of unique dates: 18
INFO:models.forecast:Starting Prophet task...
INFO:models.forecast:Starting XGBoost task...
INFO:models.forecast:Waiting for model tasks to complete...
INFO:models.forecast:Prophet: Starting training...
INFO:models.forecast:XGBoost: Starting training...
WARNING:models.utils:Limited data: only 3 days (recommended 30+)
WARNING:models.utils:Limited data: only 3 days (recommended 30+)
INFO:models.utils:Prepared time series with 4 days of data
INFO:models.prophet_model:Data points: 4
INFO:models.utils:Prepared time series with 4 days of data
WARNING:models.xgboost_model:Very limited training data: 1 rows
INFO:models.xgboost_model:Training data: 4 rows
INFO:models.xgboost_model:Training XGBoost model...
INFO:models.xgboost_model:XGBoost model trained successfully with 4 rows
INFO:models.forecast:XGBoost: Training complete
/Users/rejeanzapanta/Downloads/OptiSync/ml-service/venv/lib/python3.11/site-packages/sklearn/base.py:432: UserWarning: X has feature names, but StandardScaler was fitted without feature names
  warnings.warn(
/Users/rejeanzapanta/Downloads/OptiSync/ml-service/venv/lib/python3.11/site-packages/sklearn/utils/validation.py:767: FutureWarning: is_sparse is deprecated and will be removed in a future version. Check `isinstance(dtype, pd.SparseDtype)` instead.
  if not hasattr(array, "sparse") and array.dtypes.apply(is_sparse).any():
/Users/rejeanzapanta/Downloads/OptiSync/ml-service/venv/lib/python3.11/site-packages/sklearn/utils/validation.py:605: FutureWarning: is_sparse is deprecated and will be removed in a future version. Check `isinstance(dtype, pd.SparseDtype)` instead.
  if is_sparse(pd_dtype):
/Users/rejeanzapanta/Downloads/OptiSync/ml-service/venv/lib/python3.11/site-packages/sklearn/utils/validation.py:614: FutureWarning: is_sparse is deprecated and will be removed in a future version. Check `isinstance(dtype, pd.SparseDtype)` instead.
  if is_sparse(pd_dtype) or not is_extension_array_dtype(pd_dtype):
INFO:models.xgboost_model:Generated XGBoost forecast for 90 days
INFO:models.forecast:XGBoost: Forecast generated with shape (90, 5)
INFO:models.prophet_model:Training Prophet model...
INFO:prophet:n_changepoints greater than number of observations. Using 2.
DEBUG:cmdstanpy:input tempfile: /var/folders/18/11jzyg511q797ytnd5bh2rm00000gn/T/tmpe6e0tlxd/8xpc0ctu.json
DEBUG:cmdstanpy:input tempfile: /var/folders/18/11jzyg511q797ytnd5bh2rm00000gn/T/tmpe6e0tlxd/p0pgu59r.json
DEBUG:cmdstanpy:idx 0
DEBUG:cmdstanpy:running CmdStan, num_threads: None
DEBUG:cmdstanpy:CmdStan args: ['/Users/rejeanzapanta/Downloads/OptiSync/ml-service/venv/lib/python3.11/site-packages/prophet/stan_model/prophet_model.bin', 'random', 'seed=84109', 'data', 'file=/var/folders/18/11jzyg511q797ytnd5bh2rm00000gn/T/tmpe6e0tlxd/8xpc0ctu.json', 'init=/var/folders/18/11jzyg511q797ytnd5bh2rm00000gn/T/tmpe6e0tlxd/p0pgu59r.json', 'output', 'file=/var/folders/18/11jzyg511q797ytnd5bh2rm00000gn/T/tmpe6e0tlxd/prophet_model1ecwsxoh/prophet_model-20260318013755.csv', 'method=optimize', 'algorithm=newton', 'iter=10000']
01:37:55 - cmdstanpy - INFO - Chain [1] start processing
INFO:cmdstanpy:Chain [1] start processing
01:37:55 - cmdstanpy - INFO - Chain [1] done processing
INFO:cmdstanpy:Chain [1] done processing
INFO:models.prophet_model:Prophet model trained successfully with 4 data points
INFO:models.forecast:Prophet: Training complete
INFO:models.prophet_model:Generated forecast for 90 days
INFO:models.forecast:Prophet: Forecast generated with shape (94, 5)
INFO:models.forecast:Prophet success: True
INFO:models.forecast:XGBoost success: True
INFO:models.forecast:Creating ensemble forecast...
INFO:models.forecast:Creating ensemble forecast...
INFO:models.forecast:Ensemble forecast created with 184 rows
INFO:models.forecast:Formatted forecast with 9 data points
INFO:models.forecast:Generating recommendations...
INFO:models.forecast:Generated 2 recommendations
INFO:models.forecast:Calculating metrics...
INFO:models.forecast:Model used: ensemble
INFO:models.forecast:Confidence: 90.0
INFO:models.forecast:==================================================
INFO:app:Forecast generated. Model used: ensemble
INFO:app:REQUEST [20260318013755656639] - COMPLETED
INFO:app:==================================================
INFO:     127.0.0.1:54662 - "POST /api/forecast/demand HTTP/1.1" 500 Internal Server Error
ERROR:    Exception in ASGI application
Traceback (most recent call last):
  File "/Users/rejeanzapanta/Downloads/OptiSync/ml-service/venv/lib/python3.11/site-packages/uvicorn/protocols/http/httptools_impl.py", line 426, in run_asgi
    result = await app(  # type: ignore[func-returns-value]
             ^^^^^^^^^^^^^^^^^^^^^^^^^^^^^^^^^^^^^^^^^^^^^^
  File "/Users/rejeanzapanta/Downloads/OptiSync/ml-service/venv/lib/python3.11/site-packages/uvicorn/middleware/proxy_headers.py", line 84, in __call__
    return await self.app(scope, receive, send)
           ^^^^^^^^^^^^^^^^^^^^^^^^^^^^^^^^^^^^
  File "/Users/rejeanzapanta/Downloads/OptiSync/ml-service/venv/lib/python3.11/site-packages/fastapi/applications.py", line 1106, in __call__
    await super().__call__(scope, receive, send)
  File "/Users/rejeanzapanta/Downloads/OptiSync/ml-service/venv/lib/python3.11/site-packages/starlette/applications.py", line 122, in __call__
    await self.middleware_stack(scope, receive, send)
  File "/Users/rejeanzapanta/Downloads/OptiSync/ml-service/venv/lib/python3.11/site-packages/starlette/middleware/errors.py", line 184, in __call__
    raise exc
  File "/Users/rejeanzapanta/Downloads/OptiSync/ml-service/venv/lib/python3.11/site-packages/starlette/middleware/errors.py", line 162, in __call__
    await self.app(scope, receive, _send)
  File "/Users/rejeanzapanta/Downloads/OptiSync/ml-service/venv/lib/python3.11/site-packages/starlette/middleware/cors.py", line 91, in __call__
    await self.simple_response(scope, receive, send, request_headers=headers)
  File "/Users/rejeanzapanta/Downloads/OptiSync/ml-service/venv/lib/python3.11/site-packages/starlette/middleware/cors.py", line 146, in simple_response
    await self.app(scope, receive, send)
  File "/Users/rejeanzapanta/Downloads/OptiSync/ml-service/venv/lib/python3.11/site-packages/starlette/middleware/exceptions.py", line 79, in __call__
    raise exc
  File "/Users/rejeanzapanta/Downloads/OptiSync/ml-service/venv/lib/python3.11/site-packages/starlette/middleware/exceptions.py", line 68, in __call__
    await self.app(scope, receive, sender)
  File "/Users/rejeanzapanta/Downloads/OptiSync/ml-service/venv/lib/python3.11/site-packages/fastapi/middleware/asyncexitstack.py", line 20, in __call__
    raise e
  File "/Users/rejeanzapanta/Downloads/OptiSync/ml-service/venv/lib/python3.11/site-packages/fastapi/middleware/asyncexitstack.py", line 17, in __call__
    await self.app(scope, receive, send)
  File "/Users/rejeanzapanta/Downloads/OptiSync/ml-service/venv/lib/python3.11/site-packages/starlette/routing.py", line 718, in __call__
    await route.handle(scope, receive, send)
  File "/Users/rejeanzapanta/Downloads/OptiSync/ml-service/venv/lib/python3.11/site-packages/starlette/routing.py", line 276, in handle
    await self.app(scope, receive, send)
  File "/Users/rejeanzapanta/Downloads/OptiSync/ml-service/venv/lib/python3.11/site-packages/starlette/routing.py", line 66, in app
    response = await func(request)
               ^^^^^^^^^^^^^^^^^^^
  File "/Users/rejeanzapanta/Downloads/OptiSync/ml-service/venv/lib/python3.11/site-packages/fastapi/routing.py", line 303, in app
    response = actual_response_class(content, **response_args)
               ^^^^^^^^^^^^^^^^^^^^^^^^^^^^^^^^^^^^^^^^^^^^^^^
  File "/Users/rejeanzapanta/Downloads/OptiSync/ml-service/venv/lib/python3.11/site-packages/starlette/responses.py", line 196, in __init__
    super().__init__(content, status_code, headers, media_type, background)
  File "/Users/rejeanzapanta/Downloads/OptiSync/ml-service/venv/lib/python3.11/site-packages/starlette/responses.py", line 55, in __init__
    self.body = self.render(content)
                ^^^^^^^^^^^^^^^^^^^^
  File "/Users/rejeanzapanta/Downloads/OptiSync/ml-service/venv/lib/python3.11/site-packages/starlette/responses.py", line 199, in render
    return json.dumps(
           ^^^^^^^^^^^
  File "/opt/homebrew/Cellar/python@3.11/3.11.15/Frameworks/Python.framework/Versions/3.11/lib/python3.11/json/__init__.py", line 238, in dumps
    **kw).encode(obj)
          ^^^^^^^^^^^
  File "/opt/homebrew/Cellar/python@3.11/3.11.15/Frameworks/Python.framework/Versions/3.11/lib/python3.11/json/encoder.py", line 200, in encode
    chunks = self.iterencode(o, _one_shot=True)
             ^^^^^^^^^^^^^^^^^^^^^^^^^^^^^^^^^^
  File "/opt/homebrew/Cellar/python@3.11/3.11.15/Frameworks/Python.framework/Versions/3.11/lib/python3.11/json/encoder.py", line 258, in iterencode
    return _iterencode(o, 0)
           ^^^^^^^^^^^^^^^^^
ValueError: Out of range float values are not JSON compliant
INFO:app:==================================================
INFO:app:REQUEST [20260318013833483361] - New forecast request received
INFO:app:Total transactions: 18
INFO:app:Total products: 22
INFO:app:Completed transactions: 18
INFO:app:First transaction date: 2026-03-17 15:58:20.811000+00:00
INFO:app:Last transaction date: 2026-03-14 12:00:34.203000+00:00
INFO:app:Date range: 3 days
INFO:app:Converting to DataFrames...
INFO:app:DataFrame shapes: transactions=(18, 4), products=(22, 7)
INFO:app:Calling generate_ensemble_forecast...
INFO:models.forecast:==================================================
INFO:models.forecast:ENTERING generate_ensemble_forecast
INFO:models.forecast:transactions_df shape: (18, 4)
INFO:models.forecast:products_df shape: (22, 7)
INFO:models.forecast:forecast_months: 3
INFO:models.forecast:Transaction date range: 2026-03-14 12:00:34.203000+00:00 to 2026-03-17 15:58:20.811000+00:00
INFO:models.forecast:Total sales: 142885.0
INFO:models.forecast:Number of unique dates: 18
INFO:models.forecast:Starting Prophet task...
INFO:models.forecast:Starting XGBoost task...
INFO:models.forecast:Waiting for model tasks to complete...
INFO:models.forecast:Prophet: Starting training...
WARNING:models.utils:Limited data: only 3 days (recommended 30+)
INFO:models.utils:Prepared time series with 4 days of data
INFO:models.prophet_model:Data points: 4
INFO:models.forecast:XGBoost: Starting training...
WARNING:models.utils:Limited data: only 3 days (recommended 30+)
INFO:models.utils:Prepared time series with 4 days of data
WARNING:models.xgboost_model:Very limited training data: 1 rows
INFO:models.xgboost_model:Training data: 4 rows
INFO:models.xgboost_model:Training XGBoost model...
INFO:models.xgboost_model:XGBoost model trained successfully with 4 rows
INFO:models.forecast:XGBoost: Training complete
/Users/rejeanzapanta/Downloads/OptiSync/ml-service/venv/lib/python3.11/site-packages/sklearn/base.py:432: UserWarning: X has feature names, but StandardScaler was fitted without feature names
  warnings.warn(
/Users/rejeanzapanta/Downloads/OptiSync/ml-service/venv/lib/python3.11/site-packages/sklearn/utils/validation.py:767: FutureWarning: is_sparse is deprecated and will be removed in a future version. Check `isinstance(dtype, pd.SparseDtype)` instead.
  if not hasattr(array, "sparse") and array.dtypes.apply(is_sparse).any():
/Users/rejeanzapanta/Downloads/OptiSync/ml-service/venv/lib/python3.11/site-packages/sklearn/utils/validation.py:605: FutureWarning: is_sparse is deprecated and will be removed in a future version. Check `isinstance(dtype, pd.SparseDtype)` instead.
  if is_sparse(pd_dtype):
/Users/rejeanzapanta/Downloads/OptiSync/ml-service/venv/lib/python3.11/site-packages/sklearn/utils/validation.py:614: FutureWarning: is_sparse is deprecated and will be removed in a future version. Check `isinstance(dtype, pd.SparseDtype)` instead.
  if is_sparse(pd_dtype) or not is_extension_array_dtype(pd_dtype):
INFO:models.xgboost_model:Generated XGBoost forecast for 90 days
INFO:models.forecast:XGBoost: Forecast generated with shape (90, 5)
INFO:models.prophet_model:Training Prophet model...
INFO:prophet:n_changepoints greater than number of observations. Using 2.
DEBUG:cmdstanpy:input tempfile: /var/folders/18/11jzyg511q797ytnd5bh2rm00000gn/T/tmpe6e0tlxd/1xqjcr7c.json
DEBUG:cmdstanpy:input tempfile: /var/folders/18/11jzyg511q797ytnd5bh2rm00000gn/T/tmpe6e0tlxd/2zuy4_kg.json
DEBUG:cmdstanpy:idx 0
DEBUG:cmdstanpy:running CmdStan, num_threads: None
DEBUG:cmdstanpy:CmdStan args: ['/Users/rejeanzapanta/Downloads/OptiSync/ml-service/venv/lib/python3.11/site-packages/prophet/stan_model/prophet_model.bin', 'random', 'seed=20484', 'data', 'file=/var/folders/18/11jzyg511q797ytnd5bh2rm00000gn/T/tmpe6e0tlxd/1xqjcr7c.json', 'init=/var/folders/18/11jzyg511q797ytnd5bh2rm00000gn/T/tmpe6e0tlxd/2zuy4_kg.json', 'output', 'file=/var/folders/18/11jzyg511q797ytnd5bh2rm00000gn/T/tmpe6e0tlxd/prophet_modelcg4ofg2k/prophet_model-20260318013833.csv', 'method=optimize', 'algorithm=newton', 'iter=10000']
01:38:33 - cmdstanpy - INFO - Chain [1] start processing
INFO:cmdstanpy:Chain [1] start processing
01:38:33 - cmdstanpy - INFO - Chain [1] done processing
INFO:cmdstanpy:Chain [1] done processing
INFO:models.prophet_model:Prophet model trained successfully with 4 data points
INFO:models.forecast:Prophet: Training complete
INFO:models.prophet_model:Generated forecast for 90 days
INFO:models.forecast:Prophet: Forecast generated with shape (94, 5)
INFO:models.forecast:Prophet success: True
INFO:models.forecast:XGBoost success: True
INFO:models.forecast:Creating ensemble forecast...
INFO:models.forecast:Creating ensemble forecast...
INFO:models.forecast:Ensemble forecast created with 184 rows
INFO:models.forecast:Formatted forecast with 9 data points
INFO:models.forecast:Generating recommendations...
INFO:models.forecast:Generated 2 recommendations
INFO:models.forecast:Calculating metrics...
INFO:models.forecast:Model used: ensemble
INFO:models.forecast:Confidence: 90.0
INFO:models.forecast:==================================================
INFO:app:Forecast generated. Model used: ensemble
INFO:app:REQUEST [20260318013833483361] - COMPLETED
INFO:app:==================================================
INFO:     127.0.0.1:54672 - "POST /api/forecast/demand HTTP/1.1" 500 Internal Server Error
ERROR:    Exception in ASGI application
Traceback (most recent call last):
  File "/Users/rejeanzapanta/Downloads/OptiSync/ml-service/venv/lib/python3.11/site-packages/uvicorn/protocols/http/httptools_impl.py", line 426, in run_asgi
    result = await app(  # type: ignore[func-returns-value]
             ^^^^^^^^^^^^^^^^^^^^^^^^^^^^^^^^^^^^^^^^^^^^^^
  File "/Users/rejeanzapanta/Downloads/OptiSync/ml-service/venv/lib/python3.11/site-packages/uvicorn/middleware/proxy_headers.py", line 84, in __call__
    return await self.app(scope, receive, send)
           ^^^^^^^^^^^^^^^^^^^^^^^^^^^^^^^^^^^^
  File "/Users/rejeanzapanta/Downloads/OptiSync/ml-service/venv/lib/python3.11/site-packages/fastapi/applications.py", line 1106, in __call__
    await super().__call__(scope, receive, send)
  File "/Users/rejeanzapanta/Downloads/OptiSync/ml-service/venv/lib/python3.11/site-packages/starlette/applications.py", line 122, in __call__
    await self.middleware_stack(scope, receive, send)
  File "/Users/rejeanzapanta/Downloads/OptiSync/ml-service/venv/lib/python3.11/site-packages/starlette/middleware/errors.py", line 184, in __call__
    raise exc
  File "/Users/rejeanzapanta/Downloads/OptiSync/ml-service/venv/lib/python3.11/site-packages/starlette/middleware/errors.py", line 162, in __call__
    await self.app(scope, receive, _send)
  File "/Users/rejeanzapanta/Downloads/OptiSync/ml-service/venv/lib/python3.11/site-packages/starlette/middleware/cors.py", line 91, in __call__
    await self.simple_response(scope, receive, send, request_headers=headers)
  File "/Users/rejeanzapanta/Downloads/OptiSync/ml-service/venv/lib/python3.11/site-packages/starlette/middleware/cors.py", line 146, in simple_response
    await self.app(scope, receive, send)
  File "/Users/rejeanzapanta/Downloads/OptiSync/ml-service/venv/lib/python3.11/site-packages/starlette/middleware/exceptions.py", line 79, in __call__
    raise exc
  File "/Users/rejeanzapanta/Downloads/OptiSync/ml-service/venv/lib/python3.11/site-packages/starlette/middleware/exceptions.py", line 68, in __call__
    await self.app(scope, receive, sender)
  File "/Users/rejeanzapanta/Downloads/OptiSync/ml-service/venv/lib/python3.11/site-packages/fastapi/middleware/asyncexitstack.py", line 20, in __call__
    raise e
  File "/Users/rejeanzapanta/Downloads/OptiSync/ml-service/venv/lib/python3.11/site-packages/fastapi/middleware/asyncexitstack.py", line 17, in __call__
    await self.app(scope, receive, send)
  File "/Users/rejeanzapanta/Downloads/OptiSync/ml-service/venv/lib/python3.11/site-packages/starlette/routing.py", line 718, in __call__
    await route.handle(scope, receive, send)
  File "/Users/rejeanzapanta/Downloads/OptiSync/ml-service/venv/lib/python3.11/site-packages/starlette/routing.py", line 276, in handle
    await self.app(scope, receive, send)
  File "/Users/rejeanzapanta/Downloads/OptiSync/ml-service/venv/lib/python3.11/site-packages/starlette/routing.py", line 66, in app
    response = await func(request)
               ^^^^^^^^^^^^^^^^^^^
  File "/Users/rejeanzapanta/Downloads/OptiSync/ml-service/venv/lib/python3.11/site-packages/fastapi/routing.py", line 303, in app
    response = actual_response_class(content, **response_args)
               ^^^^^^^^^^^^^^^^^^^^^^^^^^^^^^^^^^^^^^^^^^^^^^^
  File "/Users/rejeanzapanta/Downloads/OptiSync/ml-service/venv/lib/python3.11/site-packages/starlette/responses.py", line 196, in __init__
    super().__init__(content, status_code, headers, media_type, background)
  File "/Users/rejeanzapanta/Downloads/OptiSync/ml-service/venv/lib/python3.11/site-packages/starlette/responses.py", line 55, in __init__
    self.body = self.render(content)
                ^^^^^^^^^^^^^^^^^^^^
  File "/Users/rejeanzapanta/Downloads/OptiSync/ml-service/venv/lib/python3.11/site-packages/starlette/responses.py", line 199, in render
    return json.dumps(
           ^^^^^^^^^^^
  File "/opt/homebrew/Cellar/python@3.11/3.11.15/Frameworks/Python.framework/Versions/3.11/lib/python3.11/json/__init__.py", line 238, in dumps
    **kw).encode(obj)
          ^^^^^^^^^^^
  File "/opt/homebrew/Cellar/python@3.11/3.11.15/Frameworks/Python.framework/Versions/3.11/lib/python3.11/json/encoder.py", line 200, in encode
    chunks = self.iterencode(o, _one_shot=True)
             ^^^^^^^^^^^^^^^^^^^^^^^^^^^^^^^^^^
  File "/opt/homebrew/Cellar/python@3.11/3.11.15/Frameworks/Python.framework/Versions/3.11/lib/python3.11/json/encoder.py", line 258, in iterencode
    return _iterencode(o, 0)
           ^^^^^^^^^^^^^^^^^
ValueError: Out of range float values are not JSON compliant
INFO:app:==================================================
INFO:app:REQUEST [20260318013835512267] - New forecast request received
INFO:app:Total transactions: 18
INFO:app:Total products: 22
INFO:app:Completed transactions: 18
INFO:app:First transaction date: 2026-03-17 15:58:20.811000+00:00
INFO:app:Last transaction date: 2026-03-14 12:00:34.203000+00:00
INFO:app:Date range: 3 days
INFO:app:Converting to DataFrames...
INFO:app:DataFrame shapes: transactions=(18, 4), products=(22, 7)
INFO:app:Calling generate_ensemble_forecast...
INFO:models.forecast:==================================================
INFO:models.forecast:ENTERING generate_ensemble_forecast
INFO:models.forecast:transactions_df shape: (18, 4)
INFO:models.forecast:products_df shape: (22, 7)
INFO:models.forecast:forecast_months: 3
INFO:models.forecast:Transaction date range: 2026-03-14 12:00:34.203000+00:00 to 2026-03-17 15:58:20.811000+00:00
INFO:models.forecast:Total sales: 142885.0
INFO:models.forecast:Number of unique dates: 18
INFO:models.forecast:Starting Prophet task...
INFO:models.forecast:Starting XGBoost task...
INFO:models.forecast:Waiting for model tasks to complete...
INFO:models.forecast:Prophet: Starting training...
WARNING:models.utils:Limited data: only 3 days (recommended 30+)
INFO:models.forecast:XGBoost: Starting training...
INFO:models.utils:Prepared time series with 4 days of data
WARNING:models.utils:Limited data: only 3 days (recommended 30+)
INFO:models.prophet_model:Data points: 4
INFO:models.utils:Prepared time series with 4 days of data
WARNING:models.xgboost_model:Very limited training data: 1 rows
INFO:models.xgboost_model:Training data: 4 rows
INFO:models.xgboost_model:Training XGBoost model...
INFO:models.xgboost_model:XGBoost model trained successfully with 4 rows
INFO:models.forecast:XGBoost: Training complete
/Users/rejeanzapanta/Downloads/OptiSync/ml-service/venv/lib/python3.11/site-packages/sklearn/base.py:432: UserWarning: X has feature names, but StandardScaler was fitted without feature names
  warnings.warn(
/Users/rejeanzapanta/Downloads/OptiSync/ml-service/venv/lib/python3.11/site-packages/sklearn/utils/validation.py:767: FutureWarning: is_sparse is deprecated and will be removed in a future version. Check `isinstance(dtype, pd.SparseDtype)` instead.
  if not hasattr(array, "sparse") and array.dtypes.apply(is_sparse).any():
/Users/rejeanzapanta/Downloads/OptiSync/ml-service/venv/lib/python3.11/site-packages/sklearn/utils/validation.py:605: FutureWarning: is_sparse is deprecated and will be removed in a future version. Check `isinstance(dtype, pd.SparseDtype)` instead.
  if is_sparse(pd_dtype):
/Users/rejeanzapanta/Downloads/OptiSync/ml-service/venv/lib/python3.11/site-packages/sklearn/utils/validation.py:614: FutureWarning: is_sparse is deprecated and will be removed in a future version. Check `isinstance(dtype, pd.SparseDtype)` instead.
  if is_sparse(pd_dtype) or not is_extension_array_dtype(pd_dtype):
INFO:models.xgboost_model:Generated XGBoost forecast for 90 days
INFO:models.forecast:XGBoost: Forecast generated with shape (90, 5)
INFO:models.prophet_model:Training Prophet model...
INFO:prophet:n_changepoints greater than number of observations. Using 2.
DEBUG:cmdstanpy:input tempfile: /var/folders/18/11jzyg511q797ytnd5bh2rm00000gn/T/tmpe6e0tlxd/86exewcg.json
DEBUG:cmdstanpy:input tempfile: /var/folders/18/11jzyg511q797ytnd5bh2rm00000gn/T/tmpe6e0tlxd/5jzantgy.json
DEBUG:cmdstanpy:idx 0
DEBUG:cmdstanpy:running CmdStan, num_threads: None
DEBUG:cmdstanpy:CmdStan args: ['/Users/rejeanzapanta/Downloads/OptiSync/ml-service/venv/lib/python3.11/site-packages/prophet/stan_model/prophet_model.bin', 'random', 'seed=17587', 'data', 'file=/var/folders/18/11jzyg511q797ytnd5bh2rm00000gn/T/tmpe6e0tlxd/86exewcg.json', 'init=/var/folders/18/11jzyg511q797ytnd5bh2rm00000gn/T/tmpe6e0tlxd/5jzantgy.json', 'output', 'file=/var/folders/18/11jzyg511q797ytnd5bh2rm00000gn/T/tmpe6e0tlxd/prophet_modelg_23s21v/prophet_model-20260318013835.csv', 'method=optimize', 'algorithm=newton', 'iter=10000']
01:38:35 - cmdstanpy - INFO - Chain [1] start processing
INFO:cmdstanpy:Chain [1] start processing
01:38:35 - cmdstanpy - INFO - Chain [1] done processing
INFO:cmdstanpy:Chain [1] done processing
INFO:models.prophet_model:Prophet model trained successfully with 4 data points
INFO:models.forecast:Prophet: Training complete
INFO:models.prophet_model:Generated forecast for 90 days
INFO:models.forecast:Prophet: Forecast generated with shape (94, 5)
INFO:models.forecast:Prophet success: True
INFO:models.forecast:XGBoost success: True
INFO:models.forecast:Creating ensemble forecast...
INFO:models.forecast:Creating ensemble forecast...
INFO:models.forecast:Ensemble forecast created with 184 rows
INFO:models.forecast:Formatted forecast with 9 data points
INFO:models.forecast:Generating recommendations...
INFO:models.forecast:Generated 2 recommendations
INFO:models.forecast:Calculating metrics...
INFO:models.forecast:Model used: ensemble
INFO:models.forecast:Confidence: 90.0
INFO:models.forecast:==================================================
INFO:app:Forecast generated. Model used: ensemble
INFO:app:REQUEST [20260318013835512267] - COMPLETED
INFO:app:==================================================
INFO:     127.0.0.1:54674 - "POST /api/forecast/demand HTTP/1.1" 500 Internal Server Error
ERROR:    Exception in ASGI application
Traceback (most recent call last):
  File "/Users/rejeanzapanta/Downloads/OptiSync/ml-service/venv/lib/python3.11/site-packages/uvicorn/protocols/http/httptools_impl.py", line 426, in run_asgi
    result = await app(  # type: ignore[func-returns-value]
             ^^^^^^^^^^^^^^^^^^^^^^^^^^^^^^^^^^^^^^^^^^^^^^
  File "/Users/rejeanzapanta/Downloads/OptiSync/ml-service/venv/lib/python3.11/site-packages/uvicorn/middleware/proxy_headers.py", line 84, in __call__
    return await self.app(scope, receive, send)
           ^^^^^^^^^^^^^^^^^^^^^^^^^^^^^^^^^^^^
  File "/Users/rejeanzapanta/Downloads/OptiSync/ml-service/venv/lib/python3.11/site-packages/fastapi/applications.py", line 1106, in __call__
    await super().__call__(scope, receive, send)
  File "/Users/rejeanzapanta/Downloads/OptiSync/ml-service/venv/lib/python3.11/site-packages/starlette/applications.py", line 122, in __call__
    await self.middleware_stack(scope, receive, send)
  File "/Users/rejeanzapanta/Downloads/OptiSync/ml-service/venv/lib/python3.11/site-packages/starlette/middleware/errors.py", line 184, in __call__
    raise exc
  File "/Users/rejeanzapanta/Downloads/OptiSync/ml-service/venv/lib/python3.11/site-packages/starlette/middleware/errors.py", line 162, in __call__
    await self.app(scope, receive, _send)
  File "/Users/rejeanzapanta/Downloads/OptiSync/ml-service/venv/lib/python3.11/site-packages/starlette/middleware/cors.py", line 91, in __call__
    await self.simple_response(scope, receive, send, request_headers=headers)
  File "/Users/rejeanzapanta/Downloads/OptiSync/ml-service/venv/lib/python3.11/site-packages/starlette/middleware/cors.py", line 146, in simple_response
    await self.app(scope, receive, send)
  File "/Users/rejeanzapanta/Downloads/OptiSync/ml-service/venv/lib/python3.11/site-packages/starlette/middleware/exceptions.py", line 79, in __call__
    raise exc
  File "/Users/rejeanzapanta/Downloads/OptiSync/ml-service/venv/lib/python3.11/site-packages/starlette/middleware/exceptions.py", line 68, in __call__
    await self.app(scope, receive, sender)
  File "/Users/rejeanzapanta/Downloads/OptiSync/ml-service/venv/lib/python3.11/site-packages/fastapi/middleware/asyncexitstack.py", line 20, in __call__
    raise e
  File "/Users/rejeanzapanta/Downloads/OptiSync/ml-service/venv/lib/python3.11/site-packages/fastapi/middleware/asyncexitstack.py", line 17, in __call__
    await self.app(scope, receive, send)
  File "/Users/rejeanzapanta/Downloads/OptiSync/ml-service/venv/lib/python3.11/site-packages/starlette/routing.py", line 718, in __call__
    await route.handle(scope, receive, send)
  File "/Users/rejeanzapanta/Downloads/OptiSync/ml-service/venv/lib/python3.11/site-packages/starlette/routing.py", line 276, in handle
    await self.app(scope, receive, send)
  File "/Users/rejeanzapanta/Downloads/OptiSync/ml-service/venv/lib/python3.11/site-packages/starlette/routing.py", line 66, in app
    response = await func(request)
               ^^^^^^^^^^^^^^^^^^^
  File "/Users/rejeanzapanta/Downloads/OptiSync/ml-service/venv/lib/python3.11/site-packages/fastapi/routing.py", line 303, in app
    response = actual_response_class(content, **response_args)
               ^^^^^^^^^^^^^^^^^^^^^^^^^^^^^^^^^^^^^^^^^^^^^^^
  File "/Users/rejeanzapanta/Downloads/OptiSync/ml-service/venv/lib/python3.11/site-packages/starlette/responses.py", line 196, in __init__
    super().__init__(content, status_code, headers, media_type, background)
  File "/Users/rejeanzapanta/Downloads/OptiSync/ml-service/venv/lib/python3.11/site-packages/starlette/responses.py", line 55, in __init__
    self.body = self.render(content)
                ^^^^^^^^^^^^^^^^^^^^
  File "/Users/rejeanzapanta/Downloads/OptiSync/ml-service/venv/lib/python3.11/site-packages/starlette/responses.py", line 199, in render
    return json.dumps(
           ^^^^^^^^^^^
  File "/opt/homebrew/Cellar/python@3.11/3.11.15/Frameworks/Python.framework/Versions/3.11/lib/python3.11/json/__init__.py", line 238, in dumps
    **kw).encode(obj)
          ^^^^^^^^^^^
  File "/opt/homebrew/Cellar/python@3.11/3.11.15/Frameworks/Python.framework/Versions/3.11/lib/python3.11/json/encoder.py", line 200, in encode
    chunks = self.iterencode(o, _one_shot=True)
             ^^^^^^^^^^^^^^^^^^^^^^^^^^^^^^^^^^
  File "/opt/homebrew/Cellar/python@3.11/3.11.15/Frameworks/Python.framework/Versions/3.11/lib/python3.11/json/encoder.py", line 258, in iterencode
    return _iterencode(o, 0)
           ^^^^^^^^^^^^^^^^^
ValueError: Out of range float values are not JSON compliant
INFO:app:==================================================
INFO:app:REQUEST [20260318013839402524] - New forecast request received
INFO:app:Total transactions: 18
INFO:app:Total products: 22
INFO:app:Completed transactions: 18
INFO:app:First transaction date: 2026-03-17 15:58:20.811000+00:00
INFO:app:Last transaction date: 2026-03-14 12:00:34.203000+00:00
INFO:app:Date range: 3 days
INFO:app:Converting to DataFrames...
INFO:app:DataFrame shapes: transactions=(18, 4), products=(22, 7)
INFO:app:Calling generate_ensemble_forecast...
INFO:models.forecast:==================================================
INFO:models.forecast:ENTERING generate_ensemble_forecast
INFO:models.forecast:transactions_df shape: (18, 4)
INFO:models.forecast:products_df shape: (22, 7)
INFO:models.forecast:forecast_months: 3
INFO:models.forecast:Transaction date range: 2026-03-14 12:00:34.203000+00:00 to 2026-03-17 15:58:20.811000+00:00
INFO:models.forecast:Total sales: 142885.0
INFO:models.forecast:Number of unique dates: 18
INFO:models.forecast:Starting Prophet task...
INFO:models.forecast:Starting XGBoost task...
INFO:models.forecast:Waiting for model tasks to complete...
INFO:models.forecast:Prophet: Starting training...
INFO:models.forecast:XGBoost: Starting training...
WARNING:models.utils:Limited data: only 3 days (recommended 30+)
WARNING:models.utils:Limited data: only 3 days (recommended 30+)
INFO:models.utils:Prepared time series with 4 days of data
INFO:models.utils:Prepared time series with 4 days of data
INFO:models.prophet_model:Data points: 4
WARNING:models.xgboost_model:Very limited training data: 1 rows
INFO:models.xgboost_model:Training data: 4 rows
INFO:models.xgboost_model:Training XGBoost model...
INFO:models.xgboost_model:XGBoost model trained successfully with 4 rows
INFO:models.forecast:XGBoost: Training complete
/Users/rejeanzapanta/Downloads/OptiSync/ml-service/venv/lib/python3.11/site-packages/sklearn/base.py:432: UserWarning: X has feature names, but StandardScaler was fitted without feature names
  warnings.warn(
/Users/rejeanzapanta/Downloads/OptiSync/ml-service/venv/lib/python3.11/site-packages/sklearn/utils/validation.py:767: FutureWarning: is_sparse is deprecated and will be removed in a future version. Check `isinstance(dtype, pd.SparseDtype)` instead.
  if not hasattr(array, "sparse") and array.dtypes.apply(is_sparse).any():
/Users/rejeanzapanta/Downloads/OptiSync/ml-service/venv/lib/python3.11/site-packages/sklearn/utils/validation.py:605: FutureWarning: is_sparse is deprecated and will be removed in a future version. Check `isinstance(dtype, pd.SparseDtype)` instead.
  if is_sparse(pd_dtype):
/Users/rejeanzapanta/Downloads/OptiSync/ml-service/venv/lib/python3.11/site-packages/sklearn/utils/validation.py:614: FutureWarning: is_sparse is deprecated and will be removed in a future version. Check `isinstance(dtype, pd.SparseDtype)` instead.
  if is_sparse(pd_dtype) or not is_extension_array_dtype(pd_dtype):
INFO:models.xgboost_model:Generated XGBoost forecast for 90 days
INFO:models.forecast:XGBoost: Forecast generated with shape (90, 5)
INFO:models.prophet_model:Training Prophet model...
INFO:prophet:n_changepoints greater than number of observations. Using 2.
DEBUG:cmdstanpy:input tempfile: /var/folders/18/11jzyg511q797ytnd5bh2rm00000gn/T/tmpe6e0tlxd/9ikuoc_e.json
DEBUG:cmdstanpy:input tempfile: /var/folders/18/11jzyg511q797ytnd5bh2rm00000gn/T/tmpe6e0tlxd/7vqx56e2.json
DEBUG:cmdstanpy:idx 0
DEBUG:cmdstanpy:running CmdStan, num_threads: None
DEBUG:cmdstanpy:CmdStan args: ['/Users/rejeanzapanta/Downloads/OptiSync/ml-service/venv/lib/python3.11/site-packages/prophet/stan_model/prophet_model.bin', 'random', 'seed=45384', 'data', 'file=/var/folders/18/11jzyg511q797ytnd5bh2rm00000gn/T/tmpe6e0tlxd/9ikuoc_e.json', 'init=/var/folders/18/11jzyg511q797ytnd5bh2rm00000gn/T/tmpe6e0tlxd/7vqx56e2.json', 'output', 'file=/var/folders/18/11jzyg511q797ytnd5bh2rm00000gn/T/tmpe6e0tlxd/prophet_modelqp3f0pw6/prophet_model-20260318013839.csv', 'method=optimize', 'algorithm=newton', 'iter=10000']
01:38:39 - cmdstanpy - INFO - Chain [1] start processing
INFO:cmdstanpy:Chain [1] start processing
01:38:39 - cmdstanpy - INFO - Chain [1] done processing
INFO:cmdstanpy:Chain [1] done processing
INFO:models.prophet_model:Prophet model trained successfully with 4 data points
INFO:models.forecast:Prophet: Training complete
INFO:models.prophet_model:Generated forecast for 90 days
INFO:models.forecast:Prophet: Forecast generated with shape (94, 5)
INFO:models.forecast:Prophet success: True
INFO:models.forecast:XGBoost success: True
INFO:models.forecast:Creating ensemble forecast...
INFO:models.forecast:Creating ensemble forecast...
INFO:models.forecast:Ensemble forecast created with 184 rows
INFO:models.forecast:Formatted forecast with 9 data points
INFO:models.forecast:Generating recommendations...
INFO:models.forecast:Generated 2 recommendations
INFO:models.forecast:Calculating metrics...
INFO:models.forecast:Model used: ensemble
INFO:models.forecast:Confidence: 90.0
INFO:models.forecast:==================================================
INFO:app:Forecast generated. Model used: ensemble
INFO:app:REQUEST [20260318013839402524] - COMPLETED
INFO:app:==================================================
INFO:     127.0.0.1:54681 - "POST /api/forecast/demand HTTP/1.1" 500 Internal Server Error
ERROR:    Exception in ASGI application
Traceback (most recent call last):
  File "/Users/rejeanzapanta/Downloads/OptiSync/ml-service/venv/lib/python3.11/site-packages/uvicorn/protocols/http/httptools_impl.py", line 426, in run_asgi
    result = await app(  # type: ignore[func-returns-value]
             ^^^^^^^^^^^^^^^^^^^^^^^^^^^^^^^^^^^^^^^^^^^^^^
  File "/Users/rejeanzapanta/Downloads/OptiSync/ml-service/venv/lib/python3.11/site-packages/uvicorn/middleware/proxy_headers.py", line 84, in __call__
    return await self.app(scope, receive, send)
           ^^^^^^^^^^^^^^^^^^^^^^^^^^^^^^^^^^^^
  File "/Users/rejeanzapanta/Downloads/OptiSync/ml-service/venv/lib/python3.11/site-packages/fastapi/applications.py", line 1106, in __call__
    await super().__call__(scope, receive, send)
  File "/Users/rejeanzapanta/Downloads/OptiSync/ml-service/venv/lib/python3.11/site-packages/starlette/applications.py", line 122, in __call__
    await self.middleware_stack(scope, receive, send)
  File "/Users/rejeanzapanta/Downloads/OptiSync/ml-service/venv/lib/python3.11/site-packages/starlette/middleware/errors.py", line 184, in __call__
    raise exc
  File "/Users/rejeanzapanta/Downloads/OptiSync/ml-service/venv/lib/python3.11/site-packages/starlette/middleware/errors.py", line 162, in __call__
    await self.app(scope, receive, _send)
  File "/Users/rejeanzapanta/Downloads/OptiSync/ml-service/venv/lib/python3.11/site-packages/starlette/middleware/cors.py", line 91, in __call__
    await self.simple_response(scope, receive, send, request_headers=headers)
  File "/Users/rejeanzapanta/Downloads/OptiSync/ml-service/venv/lib/python3.11/site-packages/starlette/middleware/cors.py", line 146, in simple_response
    await self.app(scope, receive, send)
  File "/Users/rejeanzapanta/Downloads/OptiSync/ml-service/venv/lib/python3.11/site-packages/starlette/middleware/exceptions.py", line 79, in __call__
    raise exc
  File "/Users/rejeanzapanta/Downloads/OptiSync/ml-service/venv/lib/python3.11/site-packages/starlette/middleware/exceptions.py", line 68, in __call__
    await self.app(scope, receive, sender)
  File "/Users/rejeanzapanta/Downloads/OptiSync/ml-service/venv/lib/python3.11/site-packages/fastapi/middleware/asyncexitstack.py", line 20, in __call__
    raise e
  File "/Users/rejeanzapanta/Downloads/OptiSync/ml-service/venv/lib/python3.11/site-packages/fastapi/middleware/asyncexitstack.py", line 17, in __call__
    await self.app(scope, receive, send)
  File "/Users/rejeanzapanta/Downloads/OptiSync/ml-service/venv/lib/python3.11/site-packages/starlette/routing.py", line 718, in __call__
    await route.handle(scope, receive, send)
  File "/Users/rejeanzapanta/Downloads/OptiSync/ml-service/venv/lib/python3.11/site-packages/starlette/routing.py", line 276, in handle
    await self.app(scope, receive, send)
  File "/Users/rejeanzapanta/Downloads/OptiSync/ml-service/venv/lib/python3.11/site-packages/starlette/routing.py", line 66, in app
    response = await func(request)
               ^^^^^^^^^^^^^^^^^^^
  File "/Users/rejeanzapanta/Downloads/OptiSync/ml-service/venv/lib/python3.11/site-packages/fastapi/routing.py", line 303, in app
    response = actual_response_class(content, **response_args)
               ^^^^^^^^^^^^^^^^^^^^^^^^^^^^^^^^^^^^^^^^^^^^^^^
  File "/Users/rejeanzapanta/Downloads/OptiSync/ml-service/venv/lib/python3.11/site-packages/starlette/responses.py", line 196, in __init__
    super().__init__(content, status_code, headers, media_type, background)
  File "/Users/rejeanzapanta/Downloads/OptiSync/ml-service/venv/lib/python3.11/site-packages/starlette/responses.py", line 55, in __init__
    self.body = self.render(content)
                ^^^^^^^^^^^^^^^^^^^^
  File "/Users/rejeanzapanta/Downloads/OptiSync/ml-service/venv/lib/python3.11/site-packages/starlette/responses.py", line 199, in render
    return json.dumps(
           ^^^^^^^^^^^
  File "/opt/homebrew/Cellar/python@3.11/3.11.15/Frameworks/Python.framework/Versions/3.11/lib/python3.11/json/__init__.py", line 238, in dumps
    **kw).encode(obj)
          ^^^^^^^^^^^
  File "/opt/homebrew/Cellar/python@3.11/3.11.15/Frameworks/Python.framework/Versions/3.11/lib/python3.11/json/encoder.py", line 200, in encode
    chunks = self.iterencode(o, _one_shot=True)
             ^^^^^^^^^^^^^^^^^^^^^^^^^^^^^^^^^^
  File "/opt/homebrew/Cellar/python@3.11/3.11.15/Frameworks/Python.framework/Versions/3.11/lib/python3.11/json/encoder.py", line 258, in iterencode
    return _iterencode(o, 0)
           ^^^^^^^^^^^^^^^^^
ValueError: Out of range float values are not JSON compliant
INFO:app:==================================================
INFO:app:REQUEST [20260318013841405654] - New forecast request received
INFO:app:Total transactions: 18
INFO:app:Total products: 22
INFO:app:Completed transactions: 18
INFO:app:First transaction date: 2026-03-17 15:58:20.811000+00:00
INFO:app:Last transaction date: 2026-03-14 12:00:34.203000+00:00
INFO:app:Date range: 3 days
INFO:app:Converting to DataFrames...
INFO:app:DataFrame shapes: transactions=(18, 4), products=(22, 7)
INFO:app:Calling generate_ensemble_forecast...
INFO:models.forecast:==================================================
INFO:models.forecast:ENTERING generate_ensemble_forecast
INFO:models.forecast:transactions_df shape: (18, 4)
INFO:models.forecast:products_df shape: (22, 7)
INFO:models.forecast:forecast_months: 3
INFO:models.forecast:Transaction date range: 2026-03-14 12:00:34.203000+00:00 to 2026-03-17 15:58:20.811000+00:00
INFO:models.forecast:Total sales: 142885.0
INFO:models.forecast:Number of unique dates: 18
INFO:models.forecast:Starting Prophet task...
INFO:models.forecast:Starting XGBoost task...
INFO:models.forecast:Waiting for model tasks to complete...
INFO:models.forecast:Prophet: Starting training...
INFO:models.forecast:XGBoost: Starting training...
WARNING:models.utils:Limited data: only 3 days (recommended 30+)
WARNING:models.utils:Limited data: only 3 days (recommended 30+)
INFO:models.utils:Prepared time series with 4 days of data
INFO:models.utils:Prepared time series with 4 days of data
INFO:models.prophet_model:Data points: 4
WARNING:models.xgboost_model:Very limited training data: 1 rows
INFO:models.xgboost_model:Training data: 4 rows
INFO:models.xgboost_model:Training XGBoost model...
INFO:models.xgboost_model:XGBoost model trained successfully with 4 rows
INFO:models.forecast:XGBoost: Training complete
/Users/rejeanzapanta/Downloads/OptiSync/ml-service/venv/lib/python3.11/site-packages/sklearn/base.py:432: UserWarning: X has feature names, but StandardScaler was fitted without feature names
  warnings.warn(
/Users/rejeanzapanta/Downloads/OptiSync/ml-service/venv/lib/python3.11/site-packages/sklearn/utils/validation.py:767: FutureWarning: is_sparse is deprecated and will be removed in a future version. Check `isinstance(dtype, pd.SparseDtype)` instead.
  if not hasattr(array, "sparse") and array.dtypes.apply(is_sparse).any():
/Users/rejeanzapanta/Downloads/OptiSync/ml-service/venv/lib/python3.11/site-packages/sklearn/utils/validation.py:605: FutureWarning: is_sparse is deprecated and will be removed in a future version. Check `isinstance(dtype, pd.SparseDtype)` instead.
  if is_sparse(pd_dtype):
/Users/rejeanzapanta/Downloads/OptiSync/ml-service/venv/lib/python3.11/site-packages/sklearn/utils/validation.py:614: FutureWarning: is_sparse is deprecated and will be removed in a future version. Check `isinstance(dtype, pd.SparseDtype)` instead.
  if is_sparse(pd_dtype) or not is_extension_array_dtype(pd_dtype):
INFO:models.xgboost_model:Generated XGBoost forecast for 90 days
INFO:models.forecast:XGBoost: Forecast generated with shape (90, 5)
INFO:models.prophet_model:Training Prophet model...
INFO:prophet:n_changepoints greater than number of observations. Using 2.
DEBUG:cmdstanpy:input tempfile: /var/folders/18/11jzyg511q797ytnd5bh2rm00000gn/T/tmpe6e0tlxd/58crpf0a.json
DEBUG:cmdstanpy:input tempfile: /var/folders/18/11jzyg511q797ytnd5bh2rm00000gn/T/tmpe6e0tlxd/oor50p0r.json
DEBUG:cmdstanpy:idx 0
DEBUG:cmdstanpy:running CmdStan, num_threads: None
DEBUG:cmdstanpy:CmdStan args: ['/Users/rejeanzapanta/Downloads/OptiSync/ml-service/venv/lib/python3.11/site-packages/prophet/stan_model/prophet_model.bin', 'random', 'seed=97888', 'data', 'file=/var/folders/18/11jzyg511q797ytnd5bh2rm00000gn/T/tmpe6e0tlxd/58crpf0a.json', 'init=/var/folders/18/11jzyg511q797ytnd5bh2rm00000gn/T/tmpe6e0tlxd/oor50p0r.json', 'output', 'file=/var/folders/18/11jzyg511q797ytnd5bh2rm00000gn/T/tmpe6e0tlxd/prophet_modelemsng3xm/prophet_model-20260318013841.csv', 'method=optimize', 'algorithm=newton', 'iter=10000']
01:38:41 - cmdstanpy - INFO - Chain [1] start processing
INFO:cmdstanpy:Chain [1] start processing
01:38:41 - cmdstanpy - INFO - Chain [1] done processing
INFO:cmdstanpy:Chain [1] done processing
INFO:models.prophet_model:Prophet model trained successfully with 4 data points
INFO:models.forecast:Prophet: Training complete
INFO:models.prophet_model:Generated forecast for 90 days
INFO:models.forecast:Prophet: Forecast generated with shape (94, 5)
INFO:models.forecast:Prophet success: True
INFO:models.forecast:XGBoost success: True
INFO:models.forecast:Creating ensemble forecast...
INFO:models.forecast:Creating ensemble forecast...
INFO:models.forecast:Ensemble forecast created with 184 rows
INFO:models.forecast:Formatted forecast with 9 data points
INFO:models.forecast:Generating recommendations...
INFO:models.forecast:Generated 2 recommendations
INFO:models.forecast:Calculating metrics...
INFO:models.forecast:Model used: ensemble
INFO:models.forecast:Confidence: 90.0
INFO:models.forecast:==================================================
INFO:app:Forecast generated. Model used: ensemble
INFO:app:REQUEST [20260318013841405654] - COMPLETED
INFO:app:==================================================
INFO:     127.0.0.1:54683 - "POST /api/forecast/demand HTTP/1.1" 500 Internal Server Error
ERROR:    Exception in ASGI application
Traceback (most recent call last):
  File "/Users/rejeanzapanta/Downloads/OptiSync/ml-service/venv/lib/python3.11/site-packages/uvicorn/protocols/http/httptools_impl.py", line 426, in run_asgi
    result = await app(  # type: ignore[func-returns-value]
             ^^^^^^^^^^^^^^^^^^^^^^^^^^^^^^^^^^^^^^^^^^^^^^
  File "/Users/rejeanzapanta/Downloads/OptiSync/ml-service/venv/lib/python3.11/site-packages/uvicorn/middleware/proxy_headers.py", line 84, in __call__
    return await self.app(scope, receive, send)
           ^^^^^^^^^^^^^^^^^^^^^^^^^^^^^^^^^^^^
  File "/Users/rejeanzapanta/Downloads/OptiSync/ml-service/venv/lib/python3.11/site-packages/fastapi/applications.py", line 1106, in __call__
    await super().__call__(scope, receive, send)
  File "/Users/rejeanzapanta/Downloads/OptiSync/ml-service/venv/lib/python3.11/site-packages/starlette/applications.py", line 122, in __call__
    await self.middleware_stack(scope, receive, send)
  File "/Users/rejeanzapanta/Downloads/OptiSync/ml-service/venv/lib/python3.11/site-packages/starlette/middleware/errors.py", line 184, in __call__
    raise exc
  File "/Users/rejeanzapanta/Downloads/OptiSync/ml-service/venv/lib/python3.11/site-packages/starlette/middleware/errors.py", line 162, in __call__
    await self.app(scope, receive, _send)
  File "/Users/rejeanzapanta/Downloads/OptiSync/ml-service/venv/lib/python3.11/site-packages/starlette/middleware/cors.py", line 91, in __call__
    await self.simple_response(scope, receive, send, request_headers=headers)
  File "/Users/rejeanzapanta/Downloads/OptiSync/ml-service/venv/lib/python3.11/site-packages/starlette/middleware/cors.py", line 146, in simple_response
    await self.app(scope, receive, send)
  File "/Users/rejeanzapanta/Downloads/OptiSync/ml-service/venv/lib/python3.11/site-packages/starlette/middleware/exceptions.py", line 79, in __call__
    raise exc
  File "/Users/rejeanzapanta/Downloads/OptiSync/ml-service/venv/lib/python3.11/site-packages/starlette/middleware/exceptions.py", line 68, in __call__
    await self.app(scope, receive, sender)
  File "/Users/rejeanzapanta/Downloads/OptiSync/ml-service/venv/lib/python3.11/site-packages/fastapi/middleware/asyncexitstack.py", line 20, in __call__
    raise e
  File "/Users/rejeanzapanta/Downloads/OptiSync/ml-service/venv/lib/python3.11/site-packages/fastapi/middleware/asyncexitstack.py", line 17, in __call__
    await self.app(scope, receive, send)
  File "/Users/rejeanzapanta/Downloads/OptiSync/ml-service/venv/lib/python3.11/site-packages/starlette/routing.py", line 718, in __call__
    await route.handle(scope, receive, send)
  File "/Users/rejeanzapanta/Downloads/OptiSync/ml-service/venv/lib/python3.11/site-packages/starlette/routing.py", line 276, in handle
    await self.app(scope, receive, send)
  File "/Users/rejeanzapanta/Downloads/OptiSync/ml-service/venv/lib/python3.11/site-packages/starlette/routing.py", line 66, in app
    response = await func(request)
               ^^^^^^^^^^^^^^^^^^^
  File "/Users/rejeanzapanta/Downloads/OptiSync/ml-service/venv/lib/python3.11/site-packages/fastapi/routing.py", line 303, in app
    response = actual_response_class(content, **response_args)
               ^^^^^^^^^^^^^^^^^^^^^^^^^^^^^^^^^^^^^^^^^^^^^^^
  File "/Users/rejeanzapanta/Downloads/OptiSync/ml-service/venv/lib/python3.11/site-packages/starlette/responses.py", line 196, in __init__
    super().__init__(content, status_code, headers, media_type, background)
  File "/Users/rejeanzapanta/Downloads/OptiSync/ml-service/venv/lib/python3.11/site-packages/starlette/responses.py", line 55, in __init__
    self.body = self.render(content)
                ^^^^^^^^^^^^^^^^^^^^
  File "/Users/rejeanzapanta/Downloads/OptiSync/ml-service/venv/lib/python3.11/site-packages/starlette/responses.py", line 199, in render
    return json.dumps(
           ^^^^^^^^^^^
  File "/opt/homebrew/Cellar/python@3.11/3.11.15/Frameworks/Python.framework/Versions/3.11/lib/python3.11/json/__init__.py", line 238, in dumps
    **kw).encode(obj)
          ^^^^^^^^^^^
  File "/opt/homebrew/Cellar/python@3.11/3.11.15/Frameworks/Python.framework/Versions/3.11/lib/python3.11/json/encoder.py", line 200, in encode
    chunks = self.iterencode(o, _one_shot=True)
             ^^^^^^^^^^^^^^^^^^^^^^^^^^^^^^^^^^
  File "/opt/homebrew/Cellar/python@3.11/3.11.15/Frameworks/Python.framework/Versions/3.11/lib/python3.11/json/encoder.py", line 258, in iterencode
    return _iterencode(o, 0)
           ^^^^^^^^^^^^^^^^^
ValueError: Out of range float values are not JSON compliant
INFO:app:==================================================
INFO:app:REQUEST [20260318014327856995] - New forecast request received
INFO:app:Total transactions: 18
INFO:app:Total products: 22
INFO:app:Completed transactions: 18
INFO:app:First transaction date: 2026-03-17 15:58:20.811000+00:00
INFO:app:Last transaction date: 2026-03-14 12:00:34.203000+00:00
INFO:app:Date range: 3 days
INFO:app:Converting to DataFrames...
INFO:app:DataFrame shapes: transactions=(18, 4), products=(22, 7)
INFO:app:Calling generate_ensemble_forecast...
INFO:models.forecast:==================================================
INFO:models.forecast:ENTERING generate_ensemble_forecast
INFO:models.forecast:transactions_df shape: (18, 4)
INFO:models.forecast:products_df shape: (22, 7)
INFO:models.forecast:forecast_months: 3
INFO:models.forecast:Transaction date range: 2026-03-14 12:00:34.203000+00:00 to 2026-03-17 15:58:20.811000+00:00
INFO:models.forecast:Total sales: 142885.0
INFO:models.forecast:Number of unique dates: 18
INFO:models.forecast:Starting Prophet task...
INFO:models.forecast:Starting XGBoost task...
INFO:models.forecast:Waiting for model tasks to complete...
INFO:models.forecast:Prophet: Starting training...
INFO:models.forecast:XGBoost: Starting training...
WARNING:models.utils:Limited data: only 3 days (recommended 30+)
WARNING:models.utils:Limited data: only 3 days (recommended 30+)
INFO:models.utils:Prepared time series with 4 days of data
INFO:models.utils:Prepared time series with 4 days of data
INFO:models.prophet_model:Data points: 4
WARNING:models.xgboost_model:Very limited training data: 1 rows
INFO:models.xgboost_model:Training data: 4 rows
INFO:models.xgboost_model:Training XGBoost model...
INFO:models.xgboost_model:XGBoost model trained successfully with 4 rows
INFO:models.forecast:XGBoost: Training complete
/Users/rejeanzapanta/Downloads/OptiSync/ml-service/venv/lib/python3.11/site-packages/sklearn/base.py:432: UserWarning: X has feature names, but StandardScaler was fitted without feature names
  warnings.warn(
/Users/rejeanzapanta/Downloads/OptiSync/ml-service/venv/lib/python3.11/site-packages/sklearn/utils/validation.py:767: FutureWarning: is_sparse is deprecated and will be removed in a future version. Check `isinstance(dtype, pd.SparseDtype)` instead.
  if not hasattr(array, "sparse") and array.dtypes.apply(is_sparse).any():
/Users/rejeanzapanta/Downloads/OptiSync/ml-service/venv/lib/python3.11/site-packages/sklearn/utils/validation.py:605: FutureWarning: is_sparse is deprecated and will be removed in a future version. Check `isinstance(dtype, pd.SparseDtype)` instead.
  if is_sparse(pd_dtype):
/Users/rejeanzapanta/Downloads/OptiSync/ml-service/venv/lib/python3.11/site-packages/sklearn/utils/validation.py:614: FutureWarning: is_sparse is deprecated and will be removed in a future version. Check `isinstance(dtype, pd.SparseDtype)` instead.
  if is_sparse(pd_dtype) or not is_extension_array_dtype(pd_dtype):
INFO:models.xgboost_model:Generated XGBoost forecast for 90 days
INFO:models.forecast:XGBoost: Forecast generated with shape (90, 5)
INFO:models.prophet_model:Training Prophet model...
INFO:prophet:n_changepoints greater than number of observations. Using 2.
DEBUG:cmdstanpy:input tempfile: /var/folders/18/11jzyg511q797ytnd5bh2rm00000gn/T/tmpe6e0tlxd/otyl8r3b.json
DEBUG:cmdstanpy:input tempfile: /var/folders/18/11jzyg511q797ytnd5bh2rm00000gn/T/tmpe6e0tlxd/_vmdrutr.json
DEBUG:cmdstanpy:idx 0
DEBUG:cmdstanpy:running CmdStan, num_threads: None
DEBUG:cmdstanpy:CmdStan args: ['/Users/rejeanzapanta/Downloads/OptiSync/ml-service/venv/lib/python3.11/site-packages/prophet/stan_model/prophet_model.bin', 'random', 'seed=58050', 'data', 'file=/var/folders/18/11jzyg511q797ytnd5bh2rm00000gn/T/tmpe6e0tlxd/otyl8r3b.json', 'init=/var/folders/18/11jzyg511q797ytnd5bh2rm00000gn/T/tmpe6e0tlxd/_vmdrutr.json', 'output', 'file=/var/folders/18/11jzyg511q797ytnd5bh2rm00000gn/T/tmpe6e0tlxd/prophet_modeln3ev4rh3/prophet_model-20260318014327.csv', 'method=optimize', 'algorithm=newton', 'iter=10000']
01:43:27 - cmdstanpy - INFO - Chain [1] start processing
INFO:cmdstanpy:Chain [1] start processing
01:43:27 - cmdstanpy - INFO - Chain [1] done processing
INFO:cmdstanpy:Chain [1] done processing
INFO:models.prophet_model:Prophet model trained successfully with 4 data points
INFO:models.forecast:Prophet: Training complete
INFO:models.prophet_model:Generated forecast for 90 days
INFO:models.forecast:Prophet: Forecast generated with shape (94, 5)
INFO:models.forecast:Prophet success: True
INFO:models.forecast:XGBoost success: True
INFO:models.forecast:Creating ensemble forecast...
INFO:models.forecast:Creating ensemble forecast...
INFO:models.forecast:Ensemble forecast created with 184 rows
INFO:models.forecast:Formatted forecast with 9 data points
INFO:models.forecast:Generating recommendations...
INFO:models.forecast:Generated 2 recommendations
INFO:models.forecast:Calculating metrics...
INFO:models.forecast:Model used: ensemble
INFO:models.forecast:Confidence: 90.0
INFO:models.forecast:==================================================
INFO:app:Forecast generated. Model used: ensemble
INFO:app:REQUEST [20260318014327856995] - COMPLETED
INFO:app:==================================================
INFO:     127.0.0.1:54704 - "POST /api/forecast/demand HTTP/1.1" 500 Internal Server Error
ERROR:    Exception in ASGI application
Traceback (most recent call last):
  File "/Users/rejeanzapanta/Downloads/OptiSync/ml-service/venv/lib/python3.11/site-packages/uvicorn/protocols/http/httptools_impl.py", line 426, in run_asgi
    result = await app(  # type: ignore[func-returns-value]
             ^^^^^^^^^^^^^^^^^^^^^^^^^^^^^^^^^^^^^^^^^^^^^^
  File "/Users/rejeanzapanta/Downloads/OptiSync/ml-service/venv/lib/python3.11/site-packages/uvicorn/middleware/proxy_headers.py", line 84, in __call__
    return await self.app(scope, receive, send)
           ^^^^^^^^^^^^^^^^^^^^^^^^^^^^^^^^^^^^
  File "/Users/rejeanzapanta/Downloads/OptiSync/ml-service/venv/lib/python3.11/site-packages/fastapi/applications.py", line 1106, in __call__
    await super().__call__(scope, receive, send)
  File "/Users/rejeanzapanta/Downloads/OptiSync/ml-service/venv/lib/python3.11/site-packages/starlette/applications.py", line 122, in __call__
    await self.middleware_stack(scope, receive, send)
  File "/Users/rejeanzapanta/Downloads/OptiSync/ml-service/venv/lib/python3.11/site-packages/starlette/middleware/errors.py", line 184, in __call__
    raise exc
  File "/Users/rejeanzapanta/Downloads/OptiSync/ml-service/venv/lib/python3.11/site-packages/starlette/middleware/errors.py", line 162, in __call__
    await self.app(scope, receive, _send)
  File "/Users/rejeanzapanta/Downloads/OptiSync/ml-service/venv/lib/python3.11/site-packages/starlette/middleware/cors.py", line 91, in __call__
    await self.simple_response(scope, receive, send, request_headers=headers)
  File "/Users/rejeanzapanta/Downloads/OptiSync/ml-service/venv/lib/python3.11/site-packages/starlette/middleware/cors.py", line 146, in simple_response
    await self.app(scope, receive, send)
  File "/Users/rejeanzapanta/Downloads/OptiSync/ml-service/venv/lib/python3.11/site-packages/starlette/middleware/exceptions.py", line 79, in __call__
    raise exc
  File "/Users/rejeanzapanta/Downloads/OptiSync/ml-service/venv/lib/python3.11/site-packages/starlette/middleware/exceptions.py", line 68, in __call__
    await self.app(scope, receive, sender)
  File "/Users/rejeanzapanta/Downloads/OptiSync/ml-service/venv/lib/python3.11/site-packages/fastapi/middleware/asyncexitstack.py", line 20, in __call__
    raise e
  File "/Users/rejeanzapanta/Downloads/OptiSync/ml-service/venv/lib/python3.11/site-packages/fastapi/middleware/asyncexitstack.py", line 17, in __call__
    await self.app(scope, receive, send)
  File "/Users/rejeanzapanta/Downloads/OptiSync/ml-service/venv/lib/python3.11/site-packages/starlette/routing.py", line 718, in __call__
    await route.handle(scope, receive, send)
  File "/Users/rejeanzapanta/Downloads/OptiSync/ml-service/venv/lib/python3.11/site-packages/starlette/routing.py", line 276, in handle
    await self.app(scope, receive, send)
  File "/Users/rejeanzapanta/Downloads/OptiSync/ml-service/venv/lib/python3.11/site-packages/starlette/routing.py", line 66, in app
    response = await func(request)
               ^^^^^^^^^^^^^^^^^^^
  File "/Users/rejeanzapanta/Downloads/OptiSync/ml-service/venv/lib/python3.11/site-packages/fastapi/routing.py", line 303, in app
    response = actual_response_class(content, **response_args)
               ^^^^^^^^^^^^^^^^^^^^^^^^^^^^^^^^^^^^^^^^^^^^^^^
  File "/Users/rejeanzapanta/Downloads/OptiSync/ml-service/venv/lib/python3.11/site-packages/starlette/responses.py", line 196, in __init__
    super().__init__(content, status_code, headers, media_type, background)
  File "/Users/rejeanzapanta/Downloads/OptiSync/ml-service/venv/lib/python3.11/site-packages/starlette/responses.py", line 55, in __init__
    self.body = self.render(content)
                ^^^^^^^^^^^^^^^^^^^^
  File "/Users/rejeanzapanta/Downloads/OptiSync/ml-service/venv/lib/python3.11/site-packages/starlette/responses.py", line 199, in render
    return json.dumps(
           ^^^^^^^^^^^
  File "/opt/homebrew/Cellar/python@3.11/3.11.15/Frameworks/Python.framework/Versions/3.11/lib/python3.11/json/__init__.py", line 238, in dumps
    **kw).encode(obj)
          ^^^^^^^^^^^
  File "/opt/homebrew/Cellar/python@3.11/3.11.15/Frameworks/Python.framework/Versions/3.11/lib/python3.11/json/encoder.py", line 200, in encode
    chunks = self.iterencode(o, _one_shot=True)
             ^^^^^^^^^^^^^^^^^^^^^^^^^^^^^^^^^^
  File "/opt/homebrew/Cellar/python@3.11/3.11.15/Frameworks/Python.framework/Versions/3.11/lib/python3.11/json/encoder.py", line 258, in iterencode
    return _iterencode(o, 0)
           ^^^^^^^^^^^^^^^^^
ValueError: Out of range float values are not JSON compliant
INFO:     127.0.0.1:54767 - "OPTIONS /api/forecast/demand HTTP/1.1" 200 OK
INFO:app:==================================================
INFO:app:REQUEST [20260318014936093493] - New forecast request received
INFO:app:Total transactions: 18
INFO:app:Total products: 22
INFO:app:Completed transactions: 18
INFO:app:First transaction date: 2026-03-17 15:58:20.811000+00:00
INFO:app:Last transaction date: 2026-03-14 12:00:34.203000+00:00
INFO:app:Date range: 3 days
INFO:app:Converting to DataFrames...
INFO:app:DataFrame shapes: transactions=(18, 4), products=(22, 7)
INFO:app:Calling generate_ensemble_forecast...
INFO:models.forecast:==================================================
INFO:models.forecast:ENTERING generate_ensemble_forecast
INFO:models.forecast:transactions_df shape: (18, 4)
INFO:models.forecast:products_df shape: (22, 7)
INFO:models.forecast:forecast_months: 3
INFO:models.forecast:Transaction date range: 2026-03-14 12:00:34.203000+00:00 to 2026-03-17 15:58:20.811000+00:00
INFO:models.forecast:Total sales: 142885.0
INFO:models.forecast:Number of unique dates: 18
INFO:models.forecast:Starting Prophet task...
INFO:models.forecast:Starting XGBoost task...
INFO:models.forecast:Waiting for model tasks to complete...
INFO:models.forecast:Prophet: Starting training...
WARNING:models.utils:Limited data: only 3 days (recommended 30+)
INFO:models.utils:Prepared time series with 4 days of data
INFO:models.forecast:XGBoost: Starting training...
INFO:models.prophet_model:Data points: 4
WARNING:models.utils:Limited data: only 3 days (recommended 30+)
INFO:models.utils:Prepared time series with 4 days of data
WARNING:models.xgboost_model:Very limited training data: 1 rows
INFO:models.xgboost_model:Training data: 4 rows
INFO:models.xgboost_model:Training XGBoost model...
INFO:models.xgboost_model:XGBoost model trained successfully with 4 rows
INFO:models.forecast:XGBoost: Training complete
/Users/rejeanzapanta/Downloads/OptiSync/ml-service/venv/lib/python3.11/site-packages/sklearn/base.py:432: UserWarning: X has feature names, but StandardScaler was fitted without feature names
  warnings.warn(
/Users/rejeanzapanta/Downloads/OptiSync/ml-service/venv/lib/python3.11/site-packages/sklearn/utils/validation.py:767: FutureWarning: is_sparse is deprecated and will be removed in a future version. Check `isinstance(dtype, pd.SparseDtype)` instead.
  if not hasattr(array, "sparse") and array.dtypes.apply(is_sparse).any():
/Users/rejeanzapanta/Downloads/OptiSync/ml-service/venv/lib/python3.11/site-packages/sklearn/utils/validation.py:605: FutureWarning: is_sparse is deprecated and will be removed in a future version. Check `isinstance(dtype, pd.SparseDtype)` instead.
  if is_sparse(pd_dtype):
/Users/rejeanzapanta/Downloads/OptiSync/ml-service/venv/lib/python3.11/site-packages/sklearn/utils/validation.py:614: FutureWarning: is_sparse is deprecated and will be removed in a future version. Check `isinstance(dtype, pd.SparseDtype)` instead.
  if is_sparse(pd_dtype) or not is_extension_array_dtype(pd_dtype):
INFO:models.xgboost_model:Generated XGBoost forecast for 90 days
INFO:models.forecast:XGBoost: Forecast generated with shape (90, 5)
INFO:models.prophet_model:Training Prophet model...
INFO:prophet:n_changepoints greater than number of observations. Using 2.
DEBUG:cmdstanpy:input tempfile: /var/folders/18/11jzyg511q797ytnd5bh2rm00000gn/T/tmpe6e0tlxd/si2ja6l8.json
DEBUG:cmdstanpy:input tempfile: /var/folders/18/11jzyg511q797ytnd5bh2rm00000gn/T/tmpe6e0tlxd/l6gtjgks.json
DEBUG:cmdstanpy:idx 0
DEBUG:cmdstanpy:running CmdStan, num_threads: None
DEBUG:cmdstanpy:CmdStan args: ['/Users/rejeanzapanta/Downloads/OptiSync/ml-service/venv/lib/python3.11/site-packages/prophet/stan_model/prophet_model.bin', 'random', 'seed=97751', 'data', 'file=/var/folders/18/11jzyg511q797ytnd5bh2rm00000gn/T/tmpe6e0tlxd/si2ja6l8.json', 'init=/var/folders/18/11jzyg511q797ytnd5bh2rm00000gn/T/tmpe6e0tlxd/l6gtjgks.json', 'output', 'file=/var/folders/18/11jzyg511q797ytnd5bh2rm00000gn/T/tmpe6e0tlxd/prophet_model3dsmh1g1/prophet_model-20260318014936.csv', 'method=optimize', 'algorithm=newton', 'iter=10000']
01:49:36 - cmdstanpy - INFO - Chain [1] start processing
INFO:cmdstanpy:Chain [1] start processing
01:49:36 - cmdstanpy - INFO - Chain [1] done processing
INFO:cmdstanpy:Chain [1] done processing
INFO:models.prophet_model:Prophet model trained successfully with 4 data points
INFO:models.forecast:Prophet: Training complete
INFO:models.prophet_model:Generated forecast for 90 days
INFO:models.forecast:Prophet: Forecast generated with shape (94, 5)
INFO:models.forecast:Prophet success: True
INFO:models.forecast:XGBoost success: True
INFO:models.forecast:Creating ensemble forecast...
INFO:models.forecast:Creating ensemble forecast...
INFO:models.forecast:Ensemble forecast created with 184 rows
INFO:models.forecast:Formatted forecast with 9 data points
INFO:models.forecast:Generating recommendations...
INFO:models.forecast:Generated 2 recommendations
INFO:models.forecast:Calculating metrics...
INFO:models.forecast:Model used: ensemble
INFO:models.forecast:Confidence: 90.0
INFO:models.forecast:==================================================
INFO:app:Forecast generated. Model used: ensemble
INFO:app:REQUEST [20260318014936093493] - COMPLETED
INFO:app:==================================================
INFO:     127.0.0.1:54767 - "POST /api/forecast/demand HTTP/1.1" 500 Internal Server Error
ERROR:    Exception in ASGI application
Traceback (most recent call last):
  File "/Users/rejeanzapanta/Downloads/OptiSync/ml-service/venv/lib/python3.11/site-packages/uvicorn/protocols/http/httptools_impl.py", line 426, in run_asgi
    result = await app(  # type: ignore[func-returns-value]
             ^^^^^^^^^^^^^^^^^^^^^^^^^^^^^^^^^^^^^^^^^^^^^^
  File "/Users/rejeanzapanta/Downloads/OptiSync/ml-service/venv/lib/python3.11/site-packages/uvicorn/middleware/proxy_headers.py", line 84, in __call__
    return await self.app(scope, receive, send)
           ^^^^^^^^^^^^^^^^^^^^^^^^^^^^^^^^^^^^
  File "/Users/rejeanzapanta/Downloads/OptiSync/ml-service/venv/lib/python3.11/site-packages/fastapi/applications.py", line 1106, in __call__
    await super().__call__(scope, receive, send)
  File "/Users/rejeanzapanta/Downloads/OptiSync/ml-service/venv/lib/python3.11/site-packages/starlette/applications.py", line 122, in __call__
    await self.middleware_stack(scope, receive, send)
  File "/Users/rejeanzapanta/Downloads/OptiSync/ml-service/venv/lib/python3.11/site-packages/starlette/middleware/errors.py", line 184, in __call__
    raise exc
  File "/Users/rejeanzapanta/Downloads/OptiSync/ml-service/venv/lib/python3.11/site-packages/starlette/middleware/errors.py", line 162, in __call__
    await self.app(scope, receive, _send)
  File "/Users/rejeanzapanta/Downloads/OptiSync/ml-service/venv/lib/python3.11/site-packages/starlette/middleware/cors.py", line 91, in __call__
    await self.simple_response(scope, receive, send, request_headers=headers)
  File "/Users/rejeanzapanta/Downloads/OptiSync/ml-service/venv/lib/python3.11/site-packages/starlette/middleware/cors.py", line 146, in simple_response
    await self.app(scope, receive, send)
  File "/Users/rejeanzapanta/Downloads/OptiSync/ml-service/venv/lib/python3.11/site-packages/starlette/middleware/exceptions.py", line 79, in __call__
    raise exc
  File "/Users/rejeanzapanta/Downloads/OptiSync/ml-service/venv/lib/python3.11/site-packages/starlette/middleware/exceptions.py", line 68, in __call__
    await self.app(scope, receive, sender)
  File "/Users/rejeanzapanta/Downloads/OptiSync/ml-service/venv/lib/python3.11/site-packages/fastapi/middleware/asyncexitstack.py", line 20, in __call__
    raise e
  File "/Users/rejeanzapanta/Downloads/OptiSync/ml-service/venv/lib/python3.11/site-packages/fastapi/middleware/asyncexitstack.py", line 17, in __call__
    await self.app(scope, receive, send)
  File "/Users/rejeanzapanta/Downloads/OptiSync/ml-service/venv/lib/python3.11/site-packages/starlette/routing.py", line 718, in __call__
    await route.handle(scope, receive, send)
  File "/Users/rejeanzapanta/Downloads/OptiSync/ml-service/venv/lib/python3.11/site-packages/starlette/routing.py", line 276, in handle
    await self.app(scope, receive, send)
  File "/Users/rejeanzapanta/Downloads/OptiSync/ml-service/venv/lib/python3.11/site-packages/starlette/routing.py", line 66, in app
    response = await func(request)
               ^^^^^^^^^^^^^^^^^^^
  File "/Users/rejeanzapanta/Downloads/OptiSync/ml-service/venv/lib/python3.11/site-packages/fastapi/routing.py", line 303, in app
    response = actual_response_class(content, **response_args)
               ^^^^^^^^^^^^^^^^^^^^^^^^^^^^^^^^^^^^^^^^^^^^^^^
  File "/Users/rejeanzapanta/Downloads/OptiSync/ml-service/venv/lib/python3.11/site-packages/starlette/responses.py", line 196, in __init__
    super().__init__(content, status_code, headers, media_type, background)
  File "/Users/rejeanzapanta/Downloads/OptiSync/ml-service/venv/lib/python3.11/site-packages/starlette/responses.py", line 55, in __init__
    self.body = self.render(content)
                ^^^^^^^^^^^^^^^^^^^^
  File "/Users/rejeanzapanta/Downloads/OptiSync/ml-service/venv/lib/python3.11/site-packages/starlette/responses.py", line 199, in render
    return json.dumps(
           ^^^^^^^^^^^
  File "/opt/homebrew/Cellar/python@3.11/3.11.15/Frameworks/Python.framework/Versions/3.11/lib/python3.11/json/__init__.py", line 238, in dumps
    **kw).encode(obj)
          ^^^^^^^^^^^
  File "/opt/homebrew/Cellar/python@3.11/3.11.15/Frameworks/Python.framework/Versions/3.11/lib/python3.11/json/encoder.py", line 200, in encode
    chunks = self.iterencode(o, _one_shot=True)
             ^^^^^^^^^^^^^^^^^^^^^^^^^^^^^^^^^^
  File "/opt/homebrew/Cellar/python@3.11/3.11.15/Frameworks/Python.framework/Versions/3.11/lib/python3.11/json/encoder.py", line 258, in iterencode
    return _iterencode(o, 0)
           ^^^^^^^^^^^^^^^^^
ValueError: Out of range float values are not JSON compliant
INFO:app:==================================================
INFO:app:REQUEST [20260318014944273318] - New forecast request received
INFO:app:Total transactions: 18
INFO:app:Total products: 22
INFO:app:Completed transactions: 18
INFO:app:First transaction date: 2026-03-17 15:58:20.811000+00:00
INFO:app:Last transaction date: 2026-03-14 12:00:34.203000+00:00
INFO:app:Date range: 3 days
INFO:app:Converting to DataFrames...
INFO:app:DataFrame shapes: transactions=(18, 4), products=(22, 7)
INFO:app:Calling generate_ensemble_forecast...
INFO:models.forecast:==================================================
INFO:models.forecast:ENTERING generate_ensemble_forecast
INFO:models.forecast:transactions_df shape: (18, 4)
INFO:models.forecast:products_df shape: (22, 7)
INFO:models.forecast:forecast_months: 3
INFO:models.forecast:Transaction date range: 2026-03-14 12:00:34.203000+00:00 to 2026-03-17 15:58:20.811000+00:00
INFO:models.forecast:Total sales: 142885.0
INFO:models.forecast:Number of unique dates: 18
INFO:models.forecast:Starting Prophet task...
INFO:models.forecast:Starting XGBoost task...
INFO:models.forecast:Waiting for model tasks to complete...
INFO:models.forecast:Prophet: Starting training...
INFO:models.forecast:XGBoost: Starting training...
WARNING:models.utils:Limited data: only 3 days (recommended 30+)
WARNING:models.utils:Limited data: only 3 days (recommended 30+)
INFO:models.utils:Prepared time series with 4 days of data
INFO:models.utils:Prepared time series with 4 days of data
INFO:models.prophet_model:Data points: 4
WARNING:models.xgboost_model:Very limited training data: 1 rows
INFO:models.xgboost_model:Training data: 4 rows
INFO:models.xgboost_model:Training XGBoost model...
INFO:models.xgboost_model:XGBoost model trained successfully with 4 rows
INFO:models.forecast:XGBoost: Training complete
/Users/rejeanzapanta/Downloads/OptiSync/ml-service/venv/lib/python3.11/site-packages/sklearn/base.py:432: UserWarning: X has feature names, but StandardScaler was fitted without feature names
  warnings.warn(
/Users/rejeanzapanta/Downloads/OptiSync/ml-service/venv/lib/python3.11/site-packages/sklearn/utils/validation.py:767: FutureWarning: is_sparse is deprecated and will be removed in a future version. Check `isinstance(dtype, pd.SparseDtype)` instead.
  if not hasattr(array, "sparse") and array.dtypes.apply(is_sparse).any():
/Users/rejeanzapanta/Downloads/OptiSync/ml-service/venv/lib/python3.11/site-packages/sklearn/utils/validation.py:605: FutureWarning: is_sparse is deprecated and will be removed in a future version. Check `isinstance(dtype, pd.SparseDtype)` instead.
  if is_sparse(pd_dtype):
/Users/rejeanzapanta/Downloads/OptiSync/ml-service/venv/lib/python3.11/site-packages/sklearn/utils/validation.py:614: FutureWarning: is_sparse is deprecated and will be removed in a future version. Check `isinstance(dtype, pd.SparseDtype)` instead.
  if is_sparse(pd_dtype) or not is_extension_array_dtype(pd_dtype):
INFO:models.xgboost_model:Generated XGBoost forecast for 90 days
INFO:models.forecast:XGBoost: Forecast generated with shape (90, 5)
INFO:models.prophet_model:Training Prophet model...
INFO:prophet:n_changepoints greater than number of observations. Using 2.
DEBUG:cmdstanpy:input tempfile: /var/folders/18/11jzyg511q797ytnd5bh2rm00000gn/T/tmpe6e0tlxd/rsb2_ioo.json
DEBUG:cmdstanpy:input tempfile: /var/folders/18/11jzyg511q797ytnd5bh2rm00000gn/T/tmpe6e0tlxd/1c4g4sx2.json
DEBUG:cmdstanpy:idx 0
DEBUG:cmdstanpy:running CmdStan, num_threads: None
DEBUG:cmdstanpy:CmdStan args: ['/Users/rejeanzapanta/Downloads/OptiSync/ml-service/venv/lib/python3.11/site-packages/prophet/stan_model/prophet_model.bin', 'random', 'seed=68660', 'data', 'file=/var/folders/18/11jzyg511q797ytnd5bh2rm00000gn/T/tmpe6e0tlxd/rsb2_ioo.json', 'init=/var/folders/18/11jzyg511q797ytnd5bh2rm00000gn/T/tmpe6e0tlxd/1c4g4sx2.json', 'output', 'file=/var/folders/18/11jzyg511q797ytnd5bh2rm00000gn/T/tmpe6e0tlxd/prophet_modelpoxl6fig/prophet_model-20260318014944.csv', 'method=optimize', 'algorithm=newton', 'iter=10000']
01:49:44 - cmdstanpy - INFO - Chain [1] start processing
INFO:cmdstanpy:Chain [1] start processing
01:49:44 - cmdstanpy - INFO - Chain [1] done processing
INFO:cmdstanpy:Chain [1] done processing
INFO:models.prophet_model:Prophet model trained successfully with 4 data points
INFO:models.forecast:Prophet: Training complete
INFO:models.prophet_model:Generated forecast for 90 days
INFO:models.forecast:Prophet: Forecast generated with shape (94, 5)
INFO:models.forecast:Prophet success: True
INFO:models.forecast:XGBoost success: True
INFO:models.forecast:Creating ensemble forecast...
INFO:models.forecast:Creating ensemble forecast...
INFO:models.forecast:Ensemble forecast created with 184 rows
INFO:models.forecast:Formatted forecast with 9 data points
INFO:models.forecast:Generating recommendations...
INFO:models.forecast:Generated 2 recommendations
INFO:models.forecast:Calculating metrics...
INFO:models.forecast:Model used: ensemble
INFO:models.forecast:Confidence: 90.0
INFO:models.forecast:==================================================
INFO:app:Forecast generated. Model used: ensemble
INFO:app:REQUEST [20260318014944273318] - COMPLETED
INFO:app:==================================================
INFO:     127.0.0.1:54788 - "POST /api/forecast/demand HTTP/1.1" 500 Internal Server Error
ERROR:    Exception in ASGI application
Traceback (most recent call last):
  File "/Users/rejeanzapanta/Downloads/OptiSync/ml-service/venv/lib/python3.11/site-packages/uvicorn/protocols/http/httptools_impl.py", line 426, in run_asgi
    result = await app(  # type: ignore[func-returns-value]
             ^^^^^^^^^^^^^^^^^^^^^^^^^^^^^^^^^^^^^^^^^^^^^^
  File "/Users/rejeanzapanta/Downloads/OptiSync/ml-service/venv/lib/python3.11/site-packages/uvicorn/middleware/proxy_headers.py", line 84, in __call__
    return await self.app(scope, receive, send)
           ^^^^^^^^^^^^^^^^^^^^^^^^^^^^^^^^^^^^
  File "/Users/rejeanzapanta/Downloads/OptiSync/ml-service/venv/lib/python3.11/site-packages/fastapi/applications.py", line 1106, in __call__
    await super().__call__(scope, receive, send)
  File "/Users/rejeanzapanta/Downloads/OptiSync/ml-service/venv/lib/python3.11/site-packages/starlette/applications.py", line 122, in __call__
    await self.middleware_stack(scope, receive, send)
  File "/Users/rejeanzapanta/Downloads/OptiSync/ml-service/venv/lib/python3.11/site-packages/starlette/middleware/errors.py", line 184, in __call__
    raise exc
  File "/Users/rejeanzapanta/Downloads/OptiSync/ml-service/venv/lib/python3.11/site-packages/starlette/middleware/errors.py", line 162, in __call__
    await self.app(scope, receive, _send)
  File "/Users/rejeanzapanta/Downloads/OptiSync/ml-service/venv/lib/python3.11/site-packages/starlette/middleware/cors.py", line 91, in __call__
    await self.simple_response(scope, receive, send, request_headers=headers)
  File "/Users/rejeanzapanta/Downloads/OptiSync/ml-service/venv/lib/python3.11/site-packages/starlette/middleware/cors.py", line 146, in simple_response
    await self.app(scope, receive, send)
  File "/Users/rejeanzapanta/Downloads/OptiSync/ml-service/venv/lib/python3.11/site-packages/starlette/middleware/exceptions.py", line 79, in __call__
    raise exc
  File "/Users/rejeanzapanta/Downloads/OptiSync/ml-service/venv/lib/python3.11/site-packages/starlette/middleware/exceptions.py", line 68, in __call__
    await self.app(scope, receive, sender)
  File "/Users/rejeanzapanta/Downloads/OptiSync/ml-service/venv/lib/python3.11/site-packages/fastapi/middleware/asyncexitstack.py", line 20, in __call__
    raise e
  File "/Users/rejeanzapanta/Downloads/OptiSync/ml-service/venv/lib/python3.11/site-packages/fastapi/middleware/asyncexitstack.py", line 17, in __call__
    await self.app(scope, receive, send)
  File "/Users/rejeanzapanta/Downloads/OptiSync/ml-service/venv/lib/python3.11/site-packages/starlette/routing.py", line 718, in __call__
    await route.handle(scope, receive, send)
  File "/Users/rejeanzapanta/Downloads/OptiSync/ml-service/venv/lib/python3.11/site-packages/starlette/routing.py", line 276, in handle
    await self.app(scope, receive, send)
  File "/Users/rejeanzapanta/Downloads/OptiSync/ml-service/venv/lib/python3.11/site-packages/starlette/routing.py", line 66, in app
    response = await func(request)
               ^^^^^^^^^^^^^^^^^^^
  File "/Users/rejeanzapanta/Downloads/OptiSync/ml-service/venv/lib/python3.11/site-packages/fastapi/routing.py", line 303, in app
    response = actual_response_class(content, **response_args)
               ^^^^^^^^^^^^^^^^^^^^^^^^^^^^^^^^^^^^^^^^^^^^^^^
  File "/Users/rejeanzapanta/Downloads/OptiSync/ml-service/venv/lib/python3.11/site-packages/starlette/responses.py", line 196, in __init__
    super().__init__(content, status_code, headers, media_type, background)
  File "/Users/rejeanzapanta/Downloads/OptiSync/ml-service/venv/lib/python3.11/site-packages/starlette/responses.py", line 55, in __init__
    self.body = self.render(content)
                ^^^^^^^^^^^^^^^^^^^^
  File "/Users/rejeanzapanta/Downloads/OptiSync/ml-service/venv/lib/python3.11/site-packages/starlette/responses.py", line 199, in render
    return json.dumps(
           ^^^^^^^^^^^
  File "/opt/homebrew/Cellar/python@3.11/3.11.15/Frameworks/Python.framework/Versions/3.11/lib/python3.11/json/__init__.py", line 238, in dumps
    **kw).encode(obj)
          ^^^^^^^^^^^
  File "/opt/homebrew/Cellar/python@3.11/3.11.15/Frameworks/Python.framework/Versions/3.11/lib/python3.11/json/encoder.py", line 200, in encode
    chunks = self.iterencode(o, _one_shot=True)
             ^^^^^^^^^^^^^^^^^^^^^^^^^^^^^^^^^^
  File "/opt/homebrew/Cellar/python@3.11/3.11.15/Frameworks/Python.framework/Versions/3.11/lib/python3.11/json/encoder.py", line 258, in iterencode
    return _iterencode(o, 0)
           ^^^^^^^^^^^^^^^^^
ValueError: Out of range float values are not JSON compliant
INFO:app:==================================================
INFO:app:REQUEST [20260318015010676827] - New forecast request received
INFO:app:Total transactions: 18
INFO:app:Total products: 22
INFO:app:Completed transactions: 18
INFO:app:First transaction date: 2026-03-17 15:58:20.811000+00:00
INFO:app:Last transaction date: 2026-03-14 12:00:34.203000+00:00
INFO:app:Date range: 3 days
INFO:app:Converting to DataFrames...
INFO:app:DataFrame shapes: transactions=(18, 4), products=(22, 7)
INFO:app:Calling generate_ensemble_forecast...
INFO:models.forecast:==================================================
INFO:models.forecast:ENTERING generate_ensemble_forecast
INFO:models.forecast:transactions_df shape: (18, 4)
INFO:models.forecast:products_df shape: (22, 7)
INFO:models.forecast:forecast_months: 3
INFO:models.forecast:Transaction date range: 2026-03-14 12:00:34.203000+00:00 to 2026-03-17 15:58:20.811000+00:00
INFO:models.forecast:Total sales: 142885.0
INFO:models.forecast:Number of unique dates: 18
INFO:models.forecast:Starting Prophet task...
INFO:models.forecast:Starting XGBoost task...
INFO:models.forecast:Waiting for model tasks to complete...
INFO:models.forecast:Prophet: Starting training...
INFO:models.forecast:XGBoost: Starting training...
WARNING:models.utils:Limited data: only 3 days (recommended 30+)
WARNING:models.utils:Limited data: only 3 days (recommended 30+)
INFO:models.utils:Prepared time series with 4 days of data
INFO:models.utils:Prepared time series with 4 days of data
INFO:models.prophet_model:Data points: 4
WARNING:models.xgboost_model:Very limited training data: 1 rows
INFO:models.xgboost_model:Training data: 4 rows
INFO:models.xgboost_model:Training XGBoost model...
INFO:models.xgboost_model:XGBoost model trained successfully with 4 rows
INFO:models.forecast:XGBoost: Training complete
/Users/rejeanzapanta/Downloads/OptiSync/ml-service/venv/lib/python3.11/site-packages/sklearn/base.py:432: UserWarning: X has feature names, but StandardScaler was fitted without feature names
  warnings.warn(
/Users/rejeanzapanta/Downloads/OptiSync/ml-service/venv/lib/python3.11/site-packages/sklearn/utils/validation.py:767: FutureWarning: is_sparse is deprecated and will be removed in a future version. Check `isinstance(dtype, pd.SparseDtype)` instead.
  if not hasattr(array, "sparse") and array.dtypes.apply(is_sparse).any():
/Users/rejeanzapanta/Downloads/OptiSync/ml-service/venv/lib/python3.11/site-packages/sklearn/utils/validation.py:605: FutureWarning: is_sparse is deprecated and will be removed in a future version. Check `isinstance(dtype, pd.SparseDtype)` instead.
  if is_sparse(pd_dtype):
/Users/rejeanzapanta/Downloads/OptiSync/ml-service/venv/lib/python3.11/site-packages/sklearn/utils/validation.py:614: FutureWarning: is_sparse is deprecated and will be removed in a future version. Check `isinstance(dtype, pd.SparseDtype)` instead.
  if is_sparse(pd_dtype) or not is_extension_array_dtype(pd_dtype):
INFO:models.xgboost_model:Generated XGBoost forecast for 90 days
INFO:models.forecast:XGBoost: Forecast generated with shape (90, 5)
INFO:models.prophet_model:Training Prophet model...
INFO:prophet:n_changepoints greater than number of observations. Using 2.
DEBUG:cmdstanpy:input tempfile: /var/folders/18/11jzyg511q797ytnd5bh2rm00000gn/T/tmpe6e0tlxd/90kz673c.json
DEBUG:cmdstanpy:input tempfile: /var/folders/18/11jzyg511q797ytnd5bh2rm00000gn/T/tmpe6e0tlxd/jttlu3kd.json
DEBUG:cmdstanpy:idx 0
DEBUG:cmdstanpy:running CmdStan, num_threads: None
DEBUG:cmdstanpy:CmdStan args: ['/Users/rejeanzapanta/Downloads/OptiSync/ml-service/venv/lib/python3.11/site-packages/prophet/stan_model/prophet_model.bin', 'random', 'seed=10310', 'data', 'file=/var/folders/18/11jzyg511q797ytnd5bh2rm00000gn/T/tmpe6e0tlxd/90kz673c.json', 'init=/var/folders/18/11jzyg511q797ytnd5bh2rm00000gn/T/tmpe6e0tlxd/jttlu3kd.json', 'output', 'file=/var/folders/18/11jzyg511q797ytnd5bh2rm00000gn/T/tmpe6e0tlxd/prophet_modelceagdy6t/prophet_model-20260318015010.csv', 'method=optimize', 'algorithm=newton', 'iter=10000']
01:50:10 - cmdstanpy - INFO - Chain [1] start processing
INFO:cmdstanpy:Chain [1] start processing
01:50:10 - cmdstanpy - INFO - Chain [1] done processing
INFO:cmdstanpy:Chain [1] done processing
INFO:models.prophet_model:Prophet model trained successfully with 4 data points
INFO:models.forecast:Prophet: Training complete
INFO:models.prophet_model:Generated forecast for 90 days
INFO:models.forecast:Prophet: Forecast generated with shape (94, 5)
INFO:models.forecast:Prophet success: True
INFO:models.forecast:XGBoost success: True
INFO:models.forecast:Creating ensemble forecast...
INFO:models.forecast:Creating ensemble forecast...
INFO:models.forecast:Ensemble forecast created with 184 rows
INFO:models.forecast:Formatted forecast with 9 data points
INFO:models.forecast:Generating recommendations...
INFO:models.forecast:Generated 2 recommendations
INFO:models.forecast:Calculating metrics...
INFO:models.forecast:Model used: ensemble
INFO:models.forecast:Confidence: 90.0
INFO:models.forecast:==================================================
INFO:app:Forecast generated. Model used: ensemble
INFO:app:REQUEST [20260318015010676827] - COMPLETED
INFO:app:==================================================
INFO:     127.0.0.1:54796 - "POST /api/forecast/demand HTTP/1.1" 500 Internal Server Error
ERROR:    Exception in ASGI application
Traceback (most recent call last):
  File "/Users/rejeanzapanta/Downloads/OptiSync/ml-service/venv/lib/python3.11/site-packages/uvicorn/protocols/http/httptools_impl.py", line 426, in run_asgi
    result = await app(  # type: ignore[func-returns-value]
             ^^^^^^^^^^^^^^^^^^^^^^^^^^^^^^^^^^^^^^^^^^^^^^
  File "/Users/rejeanzapanta/Downloads/OptiSync/ml-service/venv/lib/python3.11/site-packages/uvicorn/middleware/proxy_headers.py", line 84, in __call__
    return await self.app(scope, receive, send)
           ^^^^^^^^^^^^^^^^^^^^^^^^^^^^^^^^^^^^
  File "/Users/rejeanzapanta/Downloads/OptiSync/ml-service/venv/lib/python3.11/site-packages/fastapi/applications.py", line 1106, in __call__
    await super().__call__(scope, receive, send)
  File "/Users/rejeanzapanta/Downloads/OptiSync/ml-service/venv/lib/python3.11/site-packages/starlette/applications.py", line 122, in __call__
    await self.middleware_stack(scope, receive, send)
  File "/Users/rejeanzapanta/Downloads/OptiSync/ml-service/venv/lib/python3.11/site-packages/starlette/middleware/errors.py", line 184, in __call__
    raise exc
  File "/Users/rejeanzapanta/Downloads/OptiSync/ml-service/venv/lib/python3.11/site-packages/starlette/middleware/errors.py", line 162, in __call__
    await self.app(scope, receive, _send)
  File "/Users/rejeanzapanta/Downloads/OptiSync/ml-service/venv/lib/python3.11/site-packages/starlette/middleware/cors.py", line 91, in __call__
    await self.simple_response(scope, receive, send, request_headers=headers)
  File "/Users/rejeanzapanta/Downloads/OptiSync/ml-service/venv/lib/python3.11/site-packages/starlette/middleware/cors.py", line 146, in simple_response
    await self.app(scope, receive, send)
  File "/Users/rejeanzapanta/Downloads/OptiSync/ml-service/venv/lib/python3.11/site-packages/starlette/middleware/exceptions.py", line 79, in __call__
    raise exc
  File "/Users/rejeanzapanta/Downloads/OptiSync/ml-service/venv/lib/python3.11/site-packages/starlette/middleware/exceptions.py", line 68, in __call__
    await self.app(scope, receive, sender)
  File "/Users/rejeanzapanta/Downloads/OptiSync/ml-service/venv/lib/python3.11/site-packages/fastapi/middleware/asyncexitstack.py", line 20, in __call__
    raise e
  File "/Users/rejeanzapanta/Downloads/OptiSync/ml-service/venv/lib/python3.11/site-packages/fastapi/middleware/asyncexitstack.py", line 17, in __call__
    await self.app(scope, receive, send)
  File "/Users/rejeanzapanta/Downloads/OptiSync/ml-service/venv/lib/python3.11/site-packages/starlette/routing.py", line 718, in __call__
    await route.handle(scope, receive, send)
  File "/Users/rejeanzapanta/Downloads/OptiSync/ml-service/venv/lib/python3.11/site-packages/starlette/routing.py", line 276, in handle
    await self.app(scope, receive, send)
  File "/Users/rejeanzapanta/Downloads/OptiSync/ml-service/venv/lib/python3.11/site-packages/starlette/routing.py", line 66, in app
    response = await func(request)
               ^^^^^^^^^^^^^^^^^^^
  File "/Users/rejeanzapanta/Downloads/OptiSync/ml-service/venv/lib/python3.11/site-packages/fastapi/routing.py", line 303, in app
    response = actual_response_class(content, **response_args)
               ^^^^^^^^^^^^^^^^^^^^^^^^^^^^^^^^^^^^^^^^^^^^^^^
  File "/Users/rejeanzapanta/Downloads/OptiSync/ml-service/venv/lib/python3.11/site-packages/starlette/responses.py", line 196, in __init__
    super().__init__(content, status_code, headers, media_type, background)
  File "/Users/rejeanzapanta/Downloads/OptiSync/ml-service/venv/lib/python3.11/site-packages/starlette/responses.py", line 55, in __init__
    self.body = self.render(content)
                ^^^^^^^^^^^^^^^^^^^^
  File "/Users/rejeanzapanta/Downloads/OptiSync/ml-service/venv/lib/python3.11/site-packages/starlette/responses.py", line 199, in render
    return json.dumps(
           ^^^^^^^^^^^
  File "/opt/homebrew/Cellar/python@3.11/3.11.15/Frameworks/Python.framework/Versions/3.11/lib/python3.11/json/__init__.py", line 238, in dumps
    **kw).encode(obj)
          ^^^^^^^^^^^
  File "/opt/homebrew/Cellar/python@3.11/3.11.15/Frameworks/Python.framework/Versions/3.11/lib/python3.11/json/encoder.py", line 200, in encode
    chunks = self.iterencode(o, _one_shot=True)
             ^^^^^^^^^^^^^^^^^^^^^^^^^^^^^^^^^^
  File "/opt/homebrew/Cellar/python@3.11/3.11.15/Frameworks/Python.framework/Versions/3.11/lib/python3.11/json/encoder.py", line 258, in iterencode
    return _iterencode(o, 0)
           ^^^^^^^^^^^^^^^^^
ValueError: Out of range float values are not JSON compliant
INFO:app:==================================================
INFO:app:REQUEST [20260318015017962664] - New forecast request received
INFO:app:Total transactions: 19
INFO:app:Total products: 22
INFO:app:Completed transactions: 19
INFO:app:First transaction date: 2026-03-17 17:50:15.825000+00:00
INFO:app:Last transaction date: 2026-03-14 12:00:34.203000+00:00
INFO:app:Date range: 3 days
INFO:app:Converting to DataFrames...
INFO:app:DataFrame shapes: transactions=(19, 4), products=(22, 7)
INFO:app:Calling generate_ensemble_forecast...
INFO:models.forecast:==================================================
INFO:models.forecast:ENTERING generate_ensemble_forecast
INFO:models.forecast:transactions_df shape: (19, 4)
INFO:models.forecast:products_df shape: (22, 7)
INFO:models.forecast:forecast_months: 3
INFO:models.forecast:Transaction date range: 2026-03-14 12:00:34.203000+00:00 to 2026-03-17 17:50:15.825000+00:00
INFO:models.forecast:Total sales: 142925.0
INFO:models.forecast:Number of unique dates: 19
INFO:models.forecast:Starting Prophet task...
INFO:models.forecast:Starting XGBoost task...
INFO:models.forecast:Waiting for model tasks to complete...
INFO:models.forecast:Prophet: Starting training...
INFO:models.forecast:XGBoost: Starting training...
WARNING:models.utils:Limited data: only 3 days (recommended 30+)
WARNING:models.utils:Limited data: only 3 days (recommended 30+)
INFO:models.utils:Prepared time series with 4 days of data
INFO:models.utils:Prepared time series with 4 days of data
INFO:models.prophet_model:Data points: 4
WARNING:models.xgboost_model:Very limited training data: 1 rows
INFO:models.xgboost_model:Training data: 4 rows
INFO:models.xgboost_model:Training XGBoost model...
INFO:models.xgboost_model:XGBoost model trained successfully with 4 rows
INFO:models.forecast:XGBoost: Training complete
/Users/rejeanzapanta/Downloads/OptiSync/ml-service/venv/lib/python3.11/site-packages/sklearn/base.py:432: UserWarning: X has feature names, but StandardScaler was fitted without feature names
  warnings.warn(
/Users/rejeanzapanta/Downloads/OptiSync/ml-service/venv/lib/python3.11/site-packages/sklearn/utils/validation.py:767: FutureWarning: is_sparse is deprecated and will be removed in a future version. Check `isinstance(dtype, pd.SparseDtype)` instead.
  if not hasattr(array, "sparse") and array.dtypes.apply(is_sparse).any():
/Users/rejeanzapanta/Downloads/OptiSync/ml-service/venv/lib/python3.11/site-packages/sklearn/utils/validation.py:605: FutureWarning: is_sparse is deprecated and will be removed in a future version. Check `isinstance(dtype, pd.SparseDtype)` instead.
  if is_sparse(pd_dtype):
/Users/rejeanzapanta/Downloads/OptiSync/ml-service/venv/lib/python3.11/site-packages/sklearn/utils/validation.py:614: FutureWarning: is_sparse is deprecated and will be removed in a future version. Check `isinstance(dtype, pd.SparseDtype)` instead.
  if is_sparse(pd_dtype) or not is_extension_array_dtype(pd_dtype):
INFO:models.xgboost_model:Generated XGBoost forecast for 90 days
INFO:models.forecast:XGBoost: Forecast generated with shape (90, 5)
INFO:models.prophet_model:Training Prophet model...
INFO:prophet:n_changepoints greater than number of observations. Using 2.
DEBUG:cmdstanpy:input tempfile: /var/folders/18/11jzyg511q797ytnd5bh2rm00000gn/T/tmpe6e0tlxd/skvgfet9.json
DEBUG:cmdstanpy:input tempfile: /var/folders/18/11jzyg511q797ytnd5bh2rm00000gn/T/tmpe6e0tlxd/arwpmjgf.json
DEBUG:cmdstanpy:idx 0
DEBUG:cmdstanpy:running CmdStan, num_threads: None
DEBUG:cmdstanpy:CmdStan args: ['/Users/rejeanzapanta/Downloads/OptiSync/ml-service/venv/lib/python3.11/site-packages/prophet/stan_model/prophet_model.bin', 'random', 'seed=62954', 'data', 'file=/var/folders/18/11jzyg511q797ytnd5bh2rm00000gn/T/tmpe6e0tlxd/skvgfet9.json', 'init=/var/folders/18/11jzyg511q797ytnd5bh2rm00000gn/T/tmpe6e0tlxd/arwpmjgf.json', 'output', 'file=/var/folders/18/11jzyg511q797ytnd5bh2rm00000gn/T/tmpe6e0tlxd/prophet_modelzd7ju6xf/prophet_model-20260318015018.csv', 'method=optimize', 'algorithm=newton', 'iter=10000']
01:50:18 - cmdstanpy - INFO - Chain [1] start processing
INFO:cmdstanpy:Chain [1] start processing
01:50:18 - cmdstanpy - INFO - Chain [1] done processing
INFO:cmdstanpy:Chain [1] done processing
INFO:models.prophet_model:Prophet model trained successfully with 4 data points
INFO:models.forecast:Prophet: Training complete
INFO:models.prophet_model:Generated forecast for 90 days
INFO:models.forecast:Prophet: Forecast generated with shape (94, 5)
INFO:models.forecast:Prophet success: True
INFO:models.forecast:XGBoost success: True
INFO:models.forecast:Creating ensemble forecast...
INFO:models.forecast:Creating ensemble forecast...
INFO:models.forecast:Ensemble forecast created with 184 rows
INFO:models.forecast:Formatted forecast with 9 data points
INFO:models.forecast:Generating recommendations...
INFO:models.forecast:Generated 2 recommendations
INFO:models.forecast:Calculating metrics...
INFO:models.forecast:Model used: ensemble
INFO:models.forecast:Confidence: 90.0
INFO:models.forecast:==================================================
INFO:app:Forecast generated. Model used: ensemble
INFO:app:REQUEST [20260318015017962664] - COMPLETED
INFO:app:==================================================
INFO:     127.0.0.1:54798 - "POST /api/forecast/demand HTTP/1.1" 500 Internal Server Error
ERROR:    Exception in ASGI application
Traceback (most recent call last):
  File "/Users/rejeanzapanta/Downloads/OptiSync/ml-service/venv/lib/python3.11/site-packages/uvicorn/protocols/http/httptools_impl.py", line 426, in run_asgi
    result = await app(  # type: ignore[func-returns-value]
             ^^^^^^^^^^^^^^^^^^^^^^^^^^^^^^^^^^^^^^^^^^^^^^
  File "/Users/rejeanzapanta/Downloads/OptiSync/ml-service/venv/lib/python3.11/site-packages/uvicorn/middleware/proxy_headers.py", line 84, in __call__
    return await self.app(scope, receive, send)
           ^^^^^^^^^^^^^^^^^^^^^^^^^^^^^^^^^^^^
  File "/Users/rejeanzapanta/Downloads/OptiSync/ml-service/venv/lib/python3.11/site-packages/fastapi/applications.py", line 1106, in __call__
    await super().__call__(scope, receive, send)
  File "/Users/rejeanzapanta/Downloads/OptiSync/ml-service/venv/lib/python3.11/site-packages/starlette/applications.py", line 122, in __call__
    await self.middleware_stack(scope, receive, send)
  File "/Users/rejeanzapanta/Downloads/OptiSync/ml-service/venv/lib/python3.11/site-packages/starlette/middleware/errors.py", line 184, in __call__
    raise exc
  File "/Users/rejeanzapanta/Downloads/OptiSync/ml-service/venv/lib/python3.11/site-packages/starlette/middleware/errors.py", line 162, in __call__
    await self.app(scope, receive, _send)
  File "/Users/rejeanzapanta/Downloads/OptiSync/ml-service/venv/lib/python3.11/site-packages/starlette/middleware/cors.py", line 91, in __call__
    await self.simple_response(scope, receive, send, request_headers=headers)
  File "/Users/rejeanzapanta/Downloads/OptiSync/ml-service/venv/lib/python3.11/site-packages/starlette/middleware/cors.py", line 146, in simple_response
    await self.app(scope, receive, send)
  File "/Users/rejeanzapanta/Downloads/OptiSync/ml-service/venv/lib/python3.11/site-packages/starlette/middleware/exceptions.py", line 79, in __call__
    raise exc
  File "/Users/rejeanzapanta/Downloads/OptiSync/ml-service/venv/lib/python3.11/site-packages/starlette/middleware/exceptions.py", line 68, in __call__
    await self.app(scope, receive, sender)
  File "/Users/rejeanzapanta/Downloads/OptiSync/ml-service/venv/lib/python3.11/site-packages/fastapi/middleware/asyncexitstack.py", line 20, in __call__
    raise e
  File "/Users/rejeanzapanta/Downloads/OptiSync/ml-service/venv/lib/python3.11/site-packages/fastapi/middleware/asyncexitstack.py", line 17, in __call__
    await self.app(scope, receive, send)
  File "/Users/rejeanzapanta/Downloads/OptiSync/ml-service/venv/lib/python3.11/site-packages/starlette/routing.py", line 718, in __call__
    await route.handle(scope, receive, send)
  File "/Users/rejeanzapanta/Downloads/OptiSync/ml-service/venv/lib/python3.11/site-packages/starlette/routing.py", line 276, in handle
    await self.app(scope, receive, send)
  File "/Users/rejeanzapanta/Downloads/OptiSync/ml-service/venv/lib/python3.11/site-packages/starlette/routing.py", line 66, in app
    response = await func(request)
               ^^^^^^^^^^^^^^^^^^^
  File "/Users/rejeanzapanta/Downloads/OptiSync/ml-service/venv/lib/python3.11/site-packages/fastapi/routing.py", line 303, in app
    response = actual_response_class(content, **response_args)
               ^^^^^^^^^^^^^^^^^^^^^^^^^^^^^^^^^^^^^^^^^^^^^^^
  File "/Users/rejeanzapanta/Downloads/OptiSync/ml-service/venv/lib/python3.11/site-packages/starlette/responses.py", line 196, in __init__
    super().__init__(content, status_code, headers, media_type, background)
  File "/Users/rejeanzapanta/Downloads/OptiSync/ml-service/venv/lib/python3.11/site-packages/starlette/responses.py", line 55, in __init__
    self.body = self.render(content)
                ^^^^^^^^^^^^^^^^^^^^
  File "/Users/rejeanzapanta/Downloads/OptiSync/ml-service/venv/lib/python3.11/site-packages/starlette/responses.py", line 199, in render
    return json.dumps(
           ^^^^^^^^^^^
  File "/opt/homebrew/Cellar/python@3.11/3.11.15/Frameworks/Python.framework/Versions/3.11/lib/python3.11/json/__init__.py", line 238, in dumps
    **kw).encode(obj)
          ^^^^^^^^^^^
  File "/opt/homebrew/Cellar/python@3.11/3.11.15/Frameworks/Python.framework/Versions/3.11/lib/python3.11/json/encoder.py", line 200, in encode
    chunks = self.iterencode(o, _one_shot=True)
             ^^^^^^^^^^^^^^^^^^^^^^^^^^^^^^^^^^
  File "/opt/homebrew/Cellar/python@3.11/3.11.15/Frameworks/Python.framework/Versions/3.11/lib/python3.11/json/encoder.py", line 258, in iterencode
    return _iterencode(o, 0)
           ^^^^^^^^^^^^^^^^^
ValueError: Out of range float values are not JSON compliant
INFO:app:==================================================
INFO:app:REQUEST [20260318015226912474] - New forecast request received
INFO:app:Total transactions: 19
INFO:app:Total products: 22
INFO:app:Completed transactions: 19
INFO:app:First transaction date: 2026-03-17 17:50:15.825000+00:00
INFO:app:Last transaction date: 2026-03-14 12:00:34.203000+00:00
INFO:app:Date range: 3 days
INFO:app:Converting to DataFrames...
INFO:app:DataFrame shapes: transactions=(19, 4), products=(22, 7)
INFO:app:Calling generate_ensemble_forecast...
INFO:models.forecast:==================================================
INFO:models.forecast:ENTERING generate_ensemble_forecast
INFO:models.forecast:transactions_df shape: (19, 4)
INFO:models.forecast:products_df shape: (22, 7)
INFO:models.forecast:forecast_months: 3
INFO:models.forecast:Transaction date range: 2026-03-14 12:00:34.203000+00:00 to 2026-03-17 17:50:15.825000+00:00
INFO:models.forecast:Total sales: 142925.0
INFO:models.forecast:Number of unique dates: 19
INFO:models.forecast:Starting Prophet task...
INFO:models.forecast:Starting XGBoost task...
INFO:models.forecast:Waiting for model tasks to complete...
INFO:models.forecast:Prophet: Starting training...
INFO:models.forecast:XGBoost: Starting training...
WARNING:models.utils:Limited data: only 3 days (recommended 30+)
WARNING:models.utils:Limited data: only 3 days (recommended 30+)
INFO:models.utils:Prepared time series with 4 days of data
INFO:models.utils:Prepared time series with 4 days of data
INFO:models.prophet_model:Data points: 4
WARNING:models.xgboost_model:Very limited training data: 1 rows
INFO:models.xgboost_model:Training data: 4 rows
INFO:models.xgboost_model:Training XGBoost model...
INFO:models.xgboost_model:XGBoost model trained successfully with 4 rows
INFO:models.forecast:XGBoost: Training complete
/Users/rejeanzapanta/Downloads/OptiSync/ml-service/venv/lib/python3.11/site-packages/sklearn/base.py:432: UserWarning: X has feature names, but StandardScaler was fitted without feature names
  warnings.warn(
/Users/rejeanzapanta/Downloads/OptiSync/ml-service/venv/lib/python3.11/site-packages/sklearn/utils/validation.py:767: FutureWarning: is_sparse is deprecated and will be removed in a future version. Check `isinstance(dtype, pd.SparseDtype)` instead.
  if not hasattr(array, "sparse") and array.dtypes.apply(is_sparse).any():
/Users/rejeanzapanta/Downloads/OptiSync/ml-service/venv/lib/python3.11/site-packages/sklearn/utils/validation.py:605: FutureWarning: is_sparse is deprecated and will be removed in a future version. Check `isinstance(dtype, pd.SparseDtype)` instead.
  if is_sparse(pd_dtype):
/Users/rejeanzapanta/Downloads/OptiSync/ml-service/venv/lib/python3.11/site-packages/sklearn/utils/validation.py:614: FutureWarning: is_sparse is deprecated and will be removed in a future version. Check `isinstance(dtype, pd.SparseDtype)` instead.
  if is_sparse(pd_dtype) or not is_extension_array_dtype(pd_dtype):
INFO:models.xgboost_model:Generated XGBoost forecast for 90 days
INFO:models.forecast:XGBoost: Forecast generated with shape (90, 5)
INFO:models.prophet_model:Training Prophet model...
INFO:prophet:n_changepoints greater than number of observations. Using 2.
DEBUG:cmdstanpy:input tempfile: /var/folders/18/11jzyg511q797ytnd5bh2rm00000gn/T/tmpe6e0tlxd/8w00ohrn.json
DEBUG:cmdstanpy:input tempfile: /var/folders/18/11jzyg511q797ytnd5bh2rm00000gn/T/tmpe6e0tlxd/v7oswc29.json
DEBUG:cmdstanpy:idx 0
DEBUG:cmdstanpy:running CmdStan, num_threads: None
DEBUG:cmdstanpy:CmdStan args: ['/Users/rejeanzapanta/Downloads/OptiSync/ml-service/venv/lib/python3.11/site-packages/prophet/stan_model/prophet_model.bin', 'random', 'seed=99617', 'data', 'file=/var/folders/18/11jzyg511q797ytnd5bh2rm00000gn/T/tmpe6e0tlxd/8w00ohrn.json', 'init=/var/folders/18/11jzyg511q797ytnd5bh2rm00000gn/T/tmpe6e0tlxd/v7oswc29.json', 'output', 'file=/var/folders/18/11jzyg511q797ytnd5bh2rm00000gn/T/tmpe6e0tlxd/prophet_modeledyq4263/prophet_model-20260318015226.csv', 'method=optimize', 'algorithm=newton', 'iter=10000']
01:52:26 - cmdstanpy - INFO - Chain [1] start processing
INFO:cmdstanpy:Chain [1] start processing
01:52:26 - cmdstanpy - INFO - Chain [1] done processing
INFO:cmdstanpy:Chain [1] done processing
INFO:models.prophet_model:Prophet model trained successfully with 4 data points
INFO:models.forecast:Prophet: Training complete
INFO:models.prophet_model:Generated forecast for 90 days
INFO:models.forecast:Prophet: Forecast generated with shape (94, 5)
INFO:models.forecast:Prophet success: True
INFO:models.forecast:XGBoost success: True
INFO:models.forecast:Creating ensemble forecast...
INFO:models.forecast:Creating ensemble forecast...
INFO:models.forecast:Ensemble forecast created with 184 rows
INFO:models.forecast:Formatted forecast with 9 data points
INFO:models.forecast:Generating recommendations...
INFO:models.forecast:Generated 2 recommendations
INFO:models.forecast:Calculating metrics...
INFO:models.forecast:Model used: ensemble
INFO:models.forecast:Confidence: 90.0
INFO:models.forecast:==================================================
INFO:app:Forecast generated. Model used: ensemble
INFO:app:REQUEST [20260318015226912474] - COMPLETED
INFO:app:==================================================
INFO:     127.0.0.1:54813 - "POST /api/forecast/demand HTTP/1.1" 500 Internal Server Error
ERROR:    Exception in ASGI application
Traceback (most recent call last):
  File "/Users/rejeanzapanta/Downloads/OptiSync/ml-service/venv/lib/python3.11/site-packages/uvicorn/protocols/http/httptools_impl.py", line 426, in run_asgi
    result = await app(  # type: ignore[func-returns-value]
             ^^^^^^^^^^^^^^^^^^^^^^^^^^^^^^^^^^^^^^^^^^^^^^
  File "/Users/rejeanzapanta/Downloads/OptiSync/ml-service/venv/lib/python3.11/site-packages/uvicorn/middleware/proxy_headers.py", line 84, in __call__
    return await self.app(scope, receive, send)
           ^^^^^^^^^^^^^^^^^^^^^^^^^^^^^^^^^^^^
  File "/Users/rejeanzapanta/Downloads/OptiSync/ml-service/venv/lib/python3.11/site-packages/fastapi/applications.py", line 1106, in __call__
    await super().__call__(scope, receive, send)
  File "/Users/rejeanzapanta/Downloads/OptiSync/ml-service/venv/lib/python3.11/site-packages/starlette/applications.py", line 122, in __call__
    await self.middleware_stack(scope, receive, send)
  File "/Users/rejeanzapanta/Downloads/OptiSync/ml-service/venv/lib/python3.11/site-packages/starlette/middleware/errors.py", line 184, in __call__
    raise exc
  File "/Users/rejeanzapanta/Downloads/OptiSync/ml-service/venv/lib/python3.11/site-packages/starlette/middleware/errors.py", line 162, in __call__
    await self.app(scope, receive, _send)
  File "/Users/rejeanzapanta/Downloads/OptiSync/ml-service/venv/lib/python3.11/site-packages/starlette/middleware/cors.py", line 91, in __call__
    await self.simple_response(scope, receive, send, request_headers=headers)
  File "/Users/rejeanzapanta/Downloads/OptiSync/ml-service/venv/lib/python3.11/site-packages/starlette/middleware/cors.py", line 146, in simple_response
    await self.app(scope, receive, send)
  File "/Users/rejeanzapanta/Downloads/OptiSync/ml-service/venv/lib/python3.11/site-packages/starlette/middleware/exceptions.py", line 79, in __call__
    raise exc
  File "/Users/rejeanzapanta/Downloads/OptiSync/ml-service/venv/lib/python3.11/site-packages/starlette/middleware/exceptions.py", line 68, in __call__
    await self.app(scope, receive, sender)
  File "/Users/rejeanzapanta/Downloads/OptiSync/ml-service/venv/lib/python3.11/site-packages/fastapi/middleware/asyncexitstack.py", line 20, in __call__
    raise e
  File "/Users/rejeanzapanta/Downloads/OptiSync/ml-service/venv/lib/python3.11/site-packages/fastapi/middleware/asyncexitstack.py", line 17, in __call__
    await self.app(scope, receive, send)
  File "/Users/rejeanzapanta/Downloads/OptiSync/ml-service/venv/lib/python3.11/site-packages/starlette/routing.py", line 718, in __call__
    await route.handle(scope, receive, send)
  File "/Users/rejeanzapanta/Downloads/OptiSync/ml-service/venv/lib/python3.11/site-packages/starlette/routing.py", line 276, in handle
    await self.app(scope, receive, send)
  File "/Users/rejeanzapanta/Downloads/OptiSync/ml-service/venv/lib/python3.11/site-packages/starlette/routing.py", line 66, in app
    response = await func(request)
               ^^^^^^^^^^^^^^^^^^^
  File "/Users/rejeanzapanta/Downloads/OptiSync/ml-service/venv/lib/python3.11/site-packages/fastapi/routing.py", line 303, in app
    response = actual_response_class(content, **response_args)
               ^^^^^^^^^^^^^^^^^^^^^^^^^^^^^^^^^^^^^^^^^^^^^^^
  File "/Users/rejeanzapanta/Downloads/OptiSync/ml-service/venv/lib/python3.11/site-packages/starlette/responses.py", line 196, in __init__
    super().__init__(content, status_code, headers, media_type, background)
  File "/Users/rejeanzapanta/Downloads/OptiSync/ml-service/venv/lib/python3.11/site-packages/starlette/responses.py", line 55, in __init__
    self.body = self.render(content)
                ^^^^^^^^^^^^^^^^^^^^
  File "/Users/rejeanzapanta/Downloads/OptiSync/ml-service/venv/lib/python3.11/site-packages/starlette/responses.py", line 199, in render
    return json.dumps(
           ^^^^^^^^^^^
  File "/opt/homebrew/Cellar/python@3.11/3.11.15/Frameworks/Python.framework/Versions/3.11/lib/python3.11/json/__init__.py", line 238, in dumps
    **kw).encode(obj)
          ^^^^^^^^^^^
  File "/opt/homebrew/Cellar/python@3.11/3.11.15/Frameworks/Python.framework/Versions/3.11/lib/python3.11/json/encoder.py", line 200, in encode
    chunks = self.iterencode(o, _one_shot=True)
             ^^^^^^^^^^^^^^^^^^^^^^^^^^^^^^^^^^
  File "/opt/homebrew/Cellar/python@3.11/3.11.15/Frameworks/Python.framework/Versions/3.11/lib/python3.11/json/encoder.py", line 258, in iterencode
    return _iterencode(o, 0)
           ^^^^^^^^^^^^^^^^^
ValueError: Out of range float values are not JSON compliant
INFO:app:==================================================
INFO:app:REQUEST [20260318015713592848] - New forecast request received
INFO:app:Total transactions: 19
INFO:app:Total products: 22
INFO:app:Completed transactions: 19
INFO:app:First transaction date: 2026-03-17 17:50:15.825000+00:00
INFO:app:Last transaction date: 2026-03-14 12:00:34.203000+00:00
INFO:app:Date range: 3 days
INFO:app:Converting to DataFrames...
INFO:app:DataFrame shapes: transactions=(19, 4), products=(22, 7)
INFO:app:Calling generate_ensemble_forecast...
INFO:models.forecast:==================================================
INFO:models.forecast:ENTERING generate_ensemble_forecast
INFO:models.forecast:transactions_df shape: (19, 4)
INFO:models.forecast:products_df shape: (22, 7)
INFO:models.forecast:forecast_months: 3
INFO:models.forecast:Transaction date range: 2026-03-14 12:00:34.203000+00:00 to 2026-03-17 17:50:15.825000+00:00
INFO:models.forecast:Total sales: 142925.0
INFO:models.forecast:Number of unique dates: 19
INFO:models.forecast:Starting Prophet task...
INFO:models.forecast:Starting XGBoost task...
INFO:models.forecast:Waiting for model tasks to complete...
INFO:models.forecast:Prophet: Starting training...
WARNING:models.utils:Limited data: only 3 days (recommended 30+)
INFO:models.utils:Prepared time series with 4 days of data
INFO:models.forecast:XGBoost: Starting training...
INFO:models.prophet_model:Data points: 4
WARNING:models.utils:Limited data: only 3 days (recommended 30+)
INFO:models.utils:Prepared time series with 4 days of data
WARNING:models.xgboost_model:Very limited training data: 1 rows
INFO:models.xgboost_model:Training data: 4 rows
INFO:models.xgboost_model:Training XGBoost model...
INFO:models.xgboost_model:XGBoost model trained successfully with 4 rows
INFO:models.forecast:XGBoost: Training complete
/Users/rejeanzapanta/Downloads/OptiSync/ml-service/venv/lib/python3.11/site-packages/sklearn/base.py:432: UserWarning: X has feature names, but StandardScaler was fitted without feature names
  warnings.warn(
/Users/rejeanzapanta/Downloads/OptiSync/ml-service/venv/lib/python3.11/site-packages/sklearn/utils/validation.py:767: FutureWarning: is_sparse is deprecated and will be removed in a future version. Check `isinstance(dtype, pd.SparseDtype)` instead.
  if not hasattr(array, "sparse") and array.dtypes.apply(is_sparse).any():
/Users/rejeanzapanta/Downloads/OptiSync/ml-service/venv/lib/python3.11/site-packages/sklearn/utils/validation.py:605: FutureWarning: is_sparse is deprecated and will be removed in a future version. Check `isinstance(dtype, pd.SparseDtype)` instead.
  if is_sparse(pd_dtype):
/Users/rejeanzapanta/Downloads/OptiSync/ml-service/venv/lib/python3.11/site-packages/sklearn/utils/validation.py:614: FutureWarning: is_sparse is deprecated and will be removed in a future version. Check `isinstance(dtype, pd.SparseDtype)` instead.
  if is_sparse(pd_dtype) or not is_extension_array_dtype(pd_dtype):
INFO:models.xgboost_model:Generated XGBoost forecast for 90 days
INFO:models.forecast:XGBoost: Forecast generated with shape (90, 5)
INFO:models.prophet_model:Training Prophet model...
INFO:prophet:n_changepoints greater than number of observations. Using 2.
DEBUG:cmdstanpy:input tempfile: /var/folders/18/11jzyg511q797ytnd5bh2rm00000gn/T/tmpe6e0tlxd/77_1jacp.json
DEBUG:cmdstanpy:input tempfile: /var/folders/18/11jzyg511q797ytnd5bh2rm00000gn/T/tmpe6e0tlxd/nh50m89x.json
DEBUG:cmdstanpy:idx 0
DEBUG:cmdstanpy:running CmdStan, num_threads: None
DEBUG:cmdstanpy:CmdStan args: ['/Users/rejeanzapanta/Downloads/OptiSync/ml-service/venv/lib/python3.11/site-packages/prophet/stan_model/prophet_model.bin', 'random', 'seed=94379', 'data', 'file=/var/folders/18/11jzyg511q797ytnd5bh2rm00000gn/T/tmpe6e0tlxd/77_1jacp.json', 'init=/var/folders/18/11jzyg511q797ytnd5bh2rm00000gn/T/tmpe6e0tlxd/nh50m89x.json', 'output', 'file=/var/folders/18/11jzyg511q797ytnd5bh2rm00000gn/T/tmpe6e0tlxd/prophet_modelbfzvfo5t/prophet_model-20260318015713.csv', 'method=optimize', 'algorithm=newton', 'iter=10000']
01:57:13 - cmdstanpy - INFO - Chain [1] start processing
INFO:cmdstanpy:Chain [1] start processing
01:57:13 - cmdstanpy - INFO - Chain [1] done processing
INFO:cmdstanpy:Chain [1] done processing
INFO:models.prophet_model:Prophet model trained successfully with 4 data points
INFO:models.forecast:Prophet: Training complete
INFO:models.prophet_model:Generated forecast for 90 days
INFO:models.forecast:Prophet: Forecast generated with shape (94, 5)
INFO:models.forecast:Prophet success: True
INFO:models.forecast:XGBoost success: True
INFO:models.forecast:Creating ensemble forecast...
INFO:models.forecast:Creating ensemble forecast...
INFO:models.forecast:Ensemble forecast created with 184 rows
INFO:models.forecast:Formatted forecast with 9 data points
INFO:models.forecast:Generating recommendations...
INFO:models.forecast:Generated 2 recommendations
INFO:models.forecast:Calculating metrics...
INFO:models.forecast:Model used: ensemble
INFO:models.forecast:Confidence: 90.0
INFO:models.forecast:==================================================
INFO:app:Forecast generated. Model used: ensemble
INFO:app:REQUEST [20260318015713592848] - COMPLETED
INFO:app:==================================================
INFO:     127.0.0.1:54855 - "POST /api/forecast/demand HTTP/1.1" 500 Internal Server Error
ERROR:    Exception in ASGI application
Traceback (most recent call last):
  File "/Users/rejeanzapanta/Downloads/OptiSync/ml-service/venv/lib/python3.11/site-packages/uvicorn/protocols/http/httptools_impl.py", line 426, in run_asgi
    result = await app(  # type: ignore[func-returns-value]
             ^^^^^^^^^^^^^^^^^^^^^^^^^^^^^^^^^^^^^^^^^^^^^^
  File "/Users/rejeanzapanta/Downloads/OptiSync/ml-service/venv/lib/python3.11/site-packages/uvicorn/middleware/proxy_headers.py", line 84, in __call__
    return await self.app(scope, receive, send)
           ^^^^^^^^^^^^^^^^^^^^^^^^^^^^^^^^^^^^
  File "/Users/rejeanzapanta/Downloads/OptiSync/ml-service/venv/lib/python3.11/site-packages/fastapi/applications.py", line 1106, in __call__
    await super().__call__(scope, receive, send)
  File "/Users/rejeanzapanta/Downloads/OptiSync/ml-service/venv/lib/python3.11/site-packages/starlette/applications.py", line 122, in __call__
    await self.middleware_stack(scope, receive, send)
  File "/Users/rejeanzapanta/Downloads/OptiSync/ml-service/venv/lib/python3.11/site-packages/starlette/middleware/errors.py", line 184, in __call__
    raise exc
  File "/Users/rejeanzapanta/Downloads/OptiSync/ml-service/venv/lib/python3.11/site-packages/starlette/middleware/errors.py", line 162, in __call__
    await self.app(scope, receive, _send)
  File "/Users/rejeanzapanta/Downloads/OptiSync/ml-service/venv/lib/python3.11/site-packages/starlette/middleware/cors.py", line 91, in __call__
    await self.simple_response(scope, receive, send, request_headers=headers)
  File "/Users/rejeanzapanta/Downloads/OptiSync/ml-service/venv/lib/python3.11/site-packages/starlette/middleware/cors.py", line 146, in simple_response
    await self.app(scope, receive, send)
  File "/Users/rejeanzapanta/Downloads/OptiSync/ml-service/venv/lib/python3.11/site-packages/starlette/middleware/exceptions.py", line 79, in __call__
    raise exc
  File "/Users/rejeanzapanta/Downloads/OptiSync/ml-service/venv/lib/python3.11/site-packages/starlette/middleware/exceptions.py", line 68, in __call__
    await self.app(scope, receive, sender)
  File "/Users/rejeanzapanta/Downloads/OptiSync/ml-service/venv/lib/python3.11/site-packages/fastapi/middleware/asyncexitstack.py", line 20, in __call__
    raise e
  File "/Users/rejeanzapanta/Downloads/OptiSync/ml-service/venv/lib/python3.11/site-packages/fastapi/middleware/asyncexitstack.py", line 17, in __call__
    await self.app(scope, receive, send)
  File "/Users/rejeanzapanta/Downloads/OptiSync/ml-service/venv/lib/python3.11/site-packages/starlette/routing.py", line 718, in __call__
    await route.handle(scope, receive, send)
  File "/Users/rejeanzapanta/Downloads/OptiSync/ml-service/venv/lib/python3.11/site-packages/starlette/routing.py", line 276, in handle
    await self.app(scope, receive, send)
  File "/Users/rejeanzapanta/Downloads/OptiSync/ml-service/venv/lib/python3.11/site-packages/starlette/routing.py", line 66, in app
    response = await func(request)
               ^^^^^^^^^^^^^^^^^^^
  File "/Users/rejeanzapanta/Downloads/OptiSync/ml-service/venv/lib/python3.11/site-packages/fastapi/routing.py", line 303, in app
    response = actual_response_class(content, **response_args)
               ^^^^^^^^^^^^^^^^^^^^^^^^^^^^^^^^^^^^^^^^^^^^^^^
  File "/Users/rejeanzapanta/Downloads/OptiSync/ml-service/venv/lib/python3.11/site-packages/starlette/responses.py", line 196, in __init__
    super().__init__(content, status_code, headers, media_type, background)
  File "/Users/rejeanzapanta/Downloads/OptiSync/ml-service/venv/lib/python3.11/site-packages/starlette/responses.py", line 55, in __init__
    self.body = self.render(content)
                ^^^^^^^^^^^^^^^^^^^^
  File "/Users/rejeanzapanta/Downloads/OptiSync/ml-service/venv/lib/python3.11/site-packages/starlette/responses.py", line 199, in render
    return json.dumps(
           ^^^^^^^^^^^
  File "/opt/homebrew/Cellar/python@3.11/3.11.15/Frameworks/Python.framework/Versions/3.11/lib/python3.11/json/__init__.py", line 238, in dumps
    **kw).encode(obj)
          ^^^^^^^^^^^
  File "/opt/homebrew/Cellar/python@3.11/3.11.15/Frameworks/Python.framework/Versions/3.11/lib/python3.11/json/encoder.py", line 200, in encode
    chunks = self.iterencode(o, _one_shot=True)
             ^^^^^^^^^^^^^^^^^^^^^^^^^^^^^^^^^^
  File "/opt/homebrew/Cellar/python@3.11/3.11.15/Frameworks/Python.framework/Versions/3.11/lib/python3.11/json/encoder.py", line 258, in iterencode
    return _iterencode(o, 0)
           ^^^^^^^^^^^^^^^^^
ValueError: Out of range float values are not JSON compliant
INFO:app:==================================================
INFO:app:REQUEST [20260318015726799876] - New forecast request received
INFO:app:Total transactions: 19
INFO:app:Total products: 22
INFO:app:Completed transactions: 19
INFO:app:First transaction date: 2026-03-17 17:50:15.825000+00:00
INFO:app:Last transaction date: 2026-03-14 12:00:34.203000+00:00
INFO:app:Date range: 3 days
INFO:app:Converting to DataFrames...
INFO:app:DataFrame shapes: transactions=(19, 4), products=(22, 7)
INFO:app:Calling generate_ensemble_forecast...
INFO:models.forecast:==================================================
INFO:models.forecast:ENTERING generate_ensemble_forecast
INFO:models.forecast:transactions_df shape: (19, 4)
INFO:models.forecast:products_df shape: (22, 7)
INFO:models.forecast:forecast_months: 3
INFO:models.forecast:Transaction date range: 2026-03-14 12:00:34.203000+00:00 to 2026-03-17 17:50:15.825000+00:00
INFO:models.forecast:Total sales: 142925.0
INFO:models.forecast:Number of unique dates: 19
INFO:models.forecast:Starting Prophet task...
INFO:models.forecast:Starting XGBoost task...
INFO:models.forecast:Waiting for model tasks to complete...
INFO:models.forecast:Prophet: Starting training...
INFO:models.forecast:XGBoost: Starting training...
WARNING:models.utils:Limited data: only 3 days (recommended 30+)
WARNING:models.utils:Limited data: only 3 days (recommended 30+)
INFO:models.utils:Prepared time series with 4 days of data
INFO:models.utils:Prepared time series with 4 days of data
INFO:models.prophet_model:Data points: 4
WARNING:models.xgboost_model:Very limited training data: 1 rows
INFO:models.xgboost_model:Training data: 4 rows
INFO:models.xgboost_model:Training XGBoost model...
INFO:models.xgboost_model:XGBoost model trained successfully with 4 rows
INFO:models.forecast:XGBoost: Training complete
/Users/rejeanzapanta/Downloads/OptiSync/ml-service/venv/lib/python3.11/site-packages/sklearn/base.py:432: UserWarning: X has feature names, but StandardScaler was fitted without feature names
  warnings.warn(
/Users/rejeanzapanta/Downloads/OptiSync/ml-service/venv/lib/python3.11/site-packages/sklearn/utils/validation.py:767: FutureWarning: is_sparse is deprecated and will be removed in a future version. Check `isinstance(dtype, pd.SparseDtype)` instead.
  if not hasattr(array, "sparse") and array.dtypes.apply(is_sparse).any():
/Users/rejeanzapanta/Downloads/OptiSync/ml-service/venv/lib/python3.11/site-packages/sklearn/utils/validation.py:605: FutureWarning: is_sparse is deprecated and will be removed in a future version. Check `isinstance(dtype, pd.SparseDtype)` instead.
  if is_sparse(pd_dtype):
/Users/rejeanzapanta/Downloads/OptiSync/ml-service/venv/lib/python3.11/site-packages/sklearn/utils/validation.py:614: FutureWarning: is_sparse is deprecated and will be removed in a future version. Check `isinstance(dtype, pd.SparseDtype)` instead.
  if is_sparse(pd_dtype) or not is_extension_array_dtype(pd_dtype):
INFO:models.xgboost_model:Generated XGBoost forecast for 90 days
INFO:models.forecast:XGBoost: Forecast generated with shape (90, 5)
INFO:models.prophet_model:Training Prophet model...
INFO:prophet:n_changepoints greater than number of observations. Using 2.
DEBUG:cmdstanpy:input tempfile: /var/folders/18/11jzyg511q797ytnd5bh2rm00000gn/T/tmpe6e0tlxd/pysh2qo4.json
DEBUG:cmdstanpy:input tempfile: /var/folders/18/11jzyg511q797ytnd5bh2rm00000gn/T/tmpe6e0tlxd/28lke7xq.json
DEBUG:cmdstanpy:idx 0
DEBUG:cmdstanpy:running CmdStan, num_threads: None
DEBUG:cmdstanpy:CmdStan args: ['/Users/rejeanzapanta/Downloads/OptiSync/ml-service/venv/lib/python3.11/site-packages/prophet/stan_model/prophet_model.bin', 'random', 'seed=32296', 'data', 'file=/var/folders/18/11jzyg511q797ytnd5bh2rm00000gn/T/tmpe6e0tlxd/pysh2qo4.json', 'init=/var/folders/18/11jzyg511q797ytnd5bh2rm00000gn/T/tmpe6e0tlxd/28lke7xq.json', 'output', 'file=/var/folders/18/11jzyg511q797ytnd5bh2rm00000gn/T/tmpe6e0tlxd/prophet_modeliq1mhxt0/prophet_model-20260318015726.csv', 'method=optimize', 'algorithm=newton', 'iter=10000']
01:57:26 - cmdstanpy - INFO - Chain [1] start processing
INFO:cmdstanpy:Chain [1] start processing
01:57:26 - cmdstanpy - INFO - Chain [1] done processing
INFO:cmdstanpy:Chain [1] done processing
INFO:models.prophet_model:Prophet model trained successfully with 4 data points
INFO:models.forecast:Prophet: Training complete
INFO:models.prophet_model:Generated forecast for 90 days
INFO:models.forecast:Prophet: Forecast generated with shape (94, 5)
INFO:models.forecast:Prophet success: True
INFO:models.forecast:XGBoost success: True
INFO:models.forecast:Creating ensemble forecast...
INFO:models.forecast:Creating ensemble forecast...
INFO:models.forecast:Ensemble forecast created with 184 rows
INFO:models.forecast:Formatted forecast with 9 data points
INFO:models.forecast:Generating recommendations...
INFO:models.forecast:Generated 2 recommendations
INFO:models.forecast:Calculating metrics...
INFO:models.forecast:Model used: ensemble
INFO:models.forecast:Confidence: 90.0
INFO:models.forecast:==================================================
INFO:app:Forecast generated. Model used: ensemble
INFO:app:REQUEST [20260318015726799876] - COMPLETED
INFO:app:==================================================
INFO:     127.0.0.1:54863 - "POST /api/forecast/demand HTTP/1.1" 500 Internal Server Error
ERROR:    Exception in ASGI application
Traceback (most recent call last):
  File "/Users/rejeanzapanta/Downloads/OptiSync/ml-service/venv/lib/python3.11/site-packages/uvicorn/protocols/http/httptools_impl.py", line 426, in run_asgi
    result = await app(  # type: ignore[func-returns-value]
             ^^^^^^^^^^^^^^^^^^^^^^^^^^^^^^^^^^^^^^^^^^^^^^
  File "/Users/rejeanzapanta/Downloads/OptiSync/ml-service/venv/lib/python3.11/site-packages/uvicorn/middleware/proxy_headers.py", line 84, in __call__
    return await self.app(scope, receive, send)
           ^^^^^^^^^^^^^^^^^^^^^^^^^^^^^^^^^^^^
  File "/Users/rejeanzapanta/Downloads/OptiSync/ml-service/venv/lib/python3.11/site-packages/fastapi/applications.py", line 1106, in __call__
    await super().__call__(scope, receive, send)
  File "/Users/rejeanzapanta/Downloads/OptiSync/ml-service/venv/lib/python3.11/site-packages/starlette/applications.py", line 122, in __call__
    await self.middleware_stack(scope, receive, send)
  File "/Users/rejeanzapanta/Downloads/OptiSync/ml-service/venv/lib/python3.11/site-packages/starlette/middleware/errors.py", line 184, in __call__
    raise exc
  File "/Users/rejeanzapanta/Downloads/OptiSync/ml-service/venv/lib/python3.11/site-packages/starlette/middleware/errors.py", line 162, in __call__
    await self.app(scope, receive, _send)
  File "/Users/rejeanzapanta/Downloads/OptiSync/ml-service/venv/lib/python3.11/site-packages/starlette/middleware/cors.py", line 91, in __call__
    await self.simple_response(scope, receive, send, request_headers=headers)
  File "/Users/rejeanzapanta/Downloads/OptiSync/ml-service/venv/lib/python3.11/site-packages/starlette/middleware/cors.py", line 146, in simple_response
    await self.app(scope, receive, send)
  File "/Users/rejeanzapanta/Downloads/OptiSync/ml-service/venv/lib/python3.11/site-packages/starlette/middleware/exceptions.py", line 79, in __call__
    raise exc
  File "/Users/rejeanzapanta/Downloads/OptiSync/ml-service/venv/lib/python3.11/site-packages/starlette/middleware/exceptions.py", line 68, in __call__
    await self.app(scope, receive, sender)
  File "/Users/rejeanzapanta/Downloads/OptiSync/ml-service/venv/lib/python3.11/site-packages/fastapi/middleware/asyncexitstack.py", line 20, in __call__
    raise e
  File "/Users/rejeanzapanta/Downloads/OptiSync/ml-service/venv/lib/python3.11/site-packages/fastapi/middleware/asyncexitstack.py", line 17, in __call__
    await self.app(scope, receive, send)
  File "/Users/rejeanzapanta/Downloads/OptiSync/ml-service/venv/lib/python3.11/site-packages/starlette/routing.py", line 718, in __call__
    await route.handle(scope, receive, send)
  File "/Users/rejeanzapanta/Downloads/OptiSync/ml-service/venv/lib/python3.11/site-packages/starlette/routing.py", line 276, in handle
    await self.app(scope, receive, send)
  File "/Users/rejeanzapanta/Downloads/OptiSync/ml-service/venv/lib/python3.11/site-packages/starlette/routing.py", line 66, in app
    response = await func(request)
               ^^^^^^^^^^^^^^^^^^^
  File "/Users/rejeanzapanta/Downloads/OptiSync/ml-service/venv/lib/python3.11/site-packages/fastapi/routing.py", line 303, in app
    response = actual_response_class(content, **response_args)
               ^^^^^^^^^^^^^^^^^^^^^^^^^^^^^^^^^^^^^^^^^^^^^^^
  File "/Users/rejeanzapanta/Downloads/OptiSync/ml-service/venv/lib/python3.11/site-packages/starlette/responses.py", line 196, in __init__
    super().__init__(content, status_code, headers, media_type, background)
  File "/Users/rejeanzapanta/Downloads/OptiSync/ml-service/venv/lib/python3.11/site-packages/starlette/responses.py", line 55, in __init__
    self.body = self.render(content)
                ^^^^^^^^^^^^^^^^^^^^
  File "/Users/rejeanzapanta/Downloads/OptiSync/ml-service/venv/lib/python3.11/site-packages/starlette/responses.py", line 199, in render
    return json.dumps(
           ^^^^^^^^^^^
  File "/opt/homebrew/Cellar/python@3.11/3.11.15/Frameworks/Python.framework/Versions/3.11/lib/python3.11/json/__init__.py", line 238, in dumps
    **kw).encode(obj)
          ^^^^^^^^^^^
  File "/opt/homebrew/Cellar/python@3.11/3.11.15/Frameworks/Python.framework/Versions/3.11/lib/python3.11/json/encoder.py", line 200, in encode
    chunks = self.iterencode(o, _one_shot=True)
             ^^^^^^^^^^^^^^^^^^^^^^^^^^^^^^^^^^
  File "/opt/homebrew/Cellar/python@3.11/3.11.15/Frameworks/Python.framework/Versions/3.11/lib/python3.11/json/encoder.py", line 258, in iterencode
    return _iterencode(o, 0)
           ^^^^^^^^^^^^^^^^^
ValueError: Out of range float values are not JSON compliant
INFO:app:==================================================
INFO:app:REQUEST [20260318015734763990] - New forecast request received
INFO:app:Total transactions: 19
INFO:app:Total products: 22
INFO:app:Completed transactions: 19
INFO:app:First transaction date: 2026-03-17 17:50:15.825000+00:00
INFO:app:Last transaction date: 2026-03-14 12:00:34.203000+00:00
INFO:app:Date range: 3 days
INFO:app:Converting to DataFrames...
INFO:app:DataFrame shapes: transactions=(19, 4), products=(22, 7)
INFO:app:Calling generate_ensemble_forecast...
INFO:models.forecast:==================================================
INFO:models.forecast:ENTERING generate_ensemble_forecast
INFO:models.forecast:transactions_df shape: (19, 4)
INFO:models.forecast:products_df shape: (22, 7)
INFO:models.forecast:forecast_months: 3
INFO:models.forecast:Transaction date range: 2026-03-14 12:00:34.203000+00:00 to 2026-03-17 17:50:15.825000+00:00
INFO:models.forecast:Total sales: 142925.0
INFO:models.forecast:Number of unique dates: 19
INFO:models.forecast:Starting Prophet task...
INFO:models.forecast:Starting XGBoost task...
INFO:models.forecast:Waiting for model tasks to complete...
INFO:models.forecast:Prophet: Starting training...
INFO:models.forecast:XGBoost: Starting training...
WARNING:models.utils:Limited data: only 3 days (recommended 30+)
WARNING:models.utils:Limited data: only 3 days (recommended 30+)
INFO:models.utils:Prepared time series with 4 days of data
INFO:models.utils:Prepared time series with 4 days of data
INFO:models.prophet_model:Data points: 4
WARNING:models.xgboost_model:Very limited training data: 1 rows
INFO:models.xgboost_model:Training data: 4 rows
INFO:models.xgboost_model:Training XGBoost model...
INFO:models.xgboost_model:XGBoost model trained successfully with 4 rows
INFO:models.forecast:XGBoost: Training complete
/Users/rejeanzapanta/Downloads/OptiSync/ml-service/venv/lib/python3.11/site-packages/sklearn/base.py:432: UserWarning: X has feature names, but StandardScaler was fitted without feature names
  warnings.warn(
/Users/rejeanzapanta/Downloads/OptiSync/ml-service/venv/lib/python3.11/site-packages/sklearn/utils/validation.py:767: FutureWarning: is_sparse is deprecated and will be removed in a future version. Check `isinstance(dtype, pd.SparseDtype)` instead.
  if not hasattr(array, "sparse") and array.dtypes.apply(is_sparse).any():
/Users/rejeanzapanta/Downloads/OptiSync/ml-service/venv/lib/python3.11/site-packages/sklearn/utils/validation.py:605: FutureWarning: is_sparse is deprecated and will be removed in a future version. Check `isinstance(dtype, pd.SparseDtype)` instead.
  if is_sparse(pd_dtype):
/Users/rejeanzapanta/Downloads/OptiSync/ml-service/venv/lib/python3.11/site-packages/sklearn/utils/validation.py:614: FutureWarning: is_sparse is deprecated and will be removed in a future version. Check `isinstance(dtype, pd.SparseDtype)` instead.
  if is_sparse(pd_dtype) or not is_extension_array_dtype(pd_dtype):
INFO:models.xgboost_model:Generated XGBoost forecast for 90 days
INFO:models.forecast:XGBoost: Forecast generated with shape (90, 5)
INFO:models.prophet_model:Training Prophet model...
INFO:prophet:n_changepoints greater than number of observations. Using 2.
DEBUG:cmdstanpy:input tempfile: /var/folders/18/11jzyg511q797ytnd5bh2rm00000gn/T/tmpe6e0tlxd/n73pli7m.json
DEBUG:cmdstanpy:input tempfile: /var/folders/18/11jzyg511q797ytnd5bh2rm00000gn/T/tmpe6e0tlxd/gw1bu979.json
DEBUG:cmdstanpy:idx 0
DEBUG:cmdstanpy:running CmdStan, num_threads: None
DEBUG:cmdstanpy:CmdStan args: ['/Users/rejeanzapanta/Downloads/OptiSync/ml-service/venv/lib/python3.11/site-packages/prophet/stan_model/prophet_model.bin', 'random', 'seed=32378', 'data', 'file=/var/folders/18/11jzyg511q797ytnd5bh2rm00000gn/T/tmpe6e0tlxd/n73pli7m.json', 'init=/var/folders/18/11jzyg511q797ytnd5bh2rm00000gn/T/tmpe6e0tlxd/gw1bu979.json', 'output', 'file=/var/folders/18/11jzyg511q797ytnd5bh2rm00000gn/T/tmpe6e0tlxd/prophet_modela0n5ez8y/prophet_model-20260318015734.csv', 'method=optimize', 'algorithm=newton', 'iter=10000']
01:57:34 - cmdstanpy - INFO - Chain [1] start processing
INFO:cmdstanpy:Chain [1] start processing
01:57:34 - cmdstanpy - INFO - Chain [1] done processing
INFO:cmdstanpy:Chain [1] done processing
INFO:models.prophet_model:Prophet model trained successfully with 4 data points
INFO:models.forecast:Prophet: Training complete
INFO:models.prophet_model:Generated forecast for 90 days
INFO:models.forecast:Prophet: Forecast generated with shape (94, 5)
INFO:models.forecast:Prophet success: True
INFO:models.forecast:XGBoost success: True
INFO:models.forecast:Creating ensemble forecast...
INFO:models.forecast:Creating ensemble forecast...
INFO:models.forecast:Ensemble forecast created with 184 rows
INFO:models.forecast:Formatted forecast with 9 data points
INFO:models.forecast:Generating recommendations...
INFO:models.forecast:Generated 2 recommendations
INFO:models.forecast:Calculating metrics...
INFO:models.forecast:Model used: ensemble
INFO:models.forecast:Confidence: 90.0
INFO:models.forecast:==================================================
INFO:app:Forecast generated. Model used: ensemble
INFO:app:REQUEST [20260318015734763990] - COMPLETED
INFO:app:==================================================
INFO:     127.0.0.1:54868 - "POST /api/forecast/demand HTTP/1.1" 500 Internal Server Error
ERROR:    Exception in ASGI application
Traceback (most recent call last):
  File "/Users/rejeanzapanta/Downloads/OptiSync/ml-service/venv/lib/python3.11/site-packages/uvicorn/protocols/http/httptools_impl.py", line 426, in run_asgi
    result = await app(  # type: ignore[func-returns-value]
             ^^^^^^^^^^^^^^^^^^^^^^^^^^^^^^^^^^^^^^^^^^^^^^
  File "/Users/rejeanzapanta/Downloads/OptiSync/ml-service/venv/lib/python3.11/site-packages/uvicorn/middleware/proxy_headers.py", line 84, in __call__
    return await self.app(scope, receive, send)
           ^^^^^^^^^^^^^^^^^^^^^^^^^^^^^^^^^^^^
  File "/Users/rejeanzapanta/Downloads/OptiSync/ml-service/venv/lib/python3.11/site-packages/fastapi/applications.py", line 1106, in __call__
    await super().__call__(scope, receive, send)
  File "/Users/rejeanzapanta/Downloads/OptiSync/ml-service/venv/lib/python3.11/site-packages/starlette/applications.py", line 122, in __call__
    await self.middleware_stack(scope, receive, send)
  File "/Users/rejeanzapanta/Downloads/OptiSync/ml-service/venv/lib/python3.11/site-packages/starlette/middleware/errors.py", line 184, in __call__
    raise exc
  File "/Users/rejeanzapanta/Downloads/OptiSync/ml-service/venv/lib/python3.11/site-packages/starlette/middleware/errors.py", line 162, in __call__
    await self.app(scope, receive, _send)
  File "/Users/rejeanzapanta/Downloads/OptiSync/ml-service/venv/lib/python3.11/site-packages/starlette/middleware/cors.py", line 91, in __call__
    await self.simple_response(scope, receive, send, request_headers=headers)
  File "/Users/rejeanzapanta/Downloads/OptiSync/ml-service/venv/lib/python3.11/site-packages/starlette/middleware/cors.py", line 146, in simple_response
    await self.app(scope, receive, send)
  File "/Users/rejeanzapanta/Downloads/OptiSync/ml-service/venv/lib/python3.11/site-packages/starlette/middleware/exceptions.py", line 79, in __call__
    raise exc
  File "/Users/rejeanzapanta/Downloads/OptiSync/ml-service/venv/lib/python3.11/site-packages/starlette/middleware/exceptions.py", line 68, in __call__
    await self.app(scope, receive, sender)
  File "/Users/rejeanzapanta/Downloads/OptiSync/ml-service/venv/lib/python3.11/site-packages/fastapi/middleware/asyncexitstack.py", line 20, in __call__
    raise e
  File "/Users/rejeanzapanta/Downloads/OptiSync/ml-service/venv/lib/python3.11/site-packages/fastapi/middleware/asyncexitstack.py", line 17, in __call__
    await self.app(scope, receive, send)
  File "/Users/rejeanzapanta/Downloads/OptiSync/ml-service/venv/lib/python3.11/site-packages/starlette/routing.py", line 718, in __call__
    await route.handle(scope, receive, send)
  File "/Users/rejeanzapanta/Downloads/OptiSync/ml-service/venv/lib/python3.11/site-packages/starlette/routing.py", line 276, in handle
    await self.app(scope, receive, send)
  File "/Users/rejeanzapanta/Downloads/OptiSync/ml-service/venv/lib/python3.11/site-packages/starlette/routing.py", line 66, in app
    response = await func(request)
               ^^^^^^^^^^^^^^^^^^^
  File "/Users/rejeanzapanta/Downloads/OptiSync/ml-service/venv/lib/python3.11/site-packages/fastapi/routing.py", line 303, in app
    response = actual_response_class(content, **response_args)
               ^^^^^^^^^^^^^^^^^^^^^^^^^^^^^^^^^^^^^^^^^^^^^^^
  File "/Users/rejeanzapanta/Downloads/OptiSync/ml-service/venv/lib/python3.11/site-packages/starlette/responses.py", line 196, in __init__
    super().__init__(content, status_code, headers, media_type, background)
  File "/Users/rejeanzapanta/Downloads/OptiSync/ml-service/venv/lib/python3.11/site-packages/starlette/responses.py", line 55, in __init__
    self.body = self.render(content)
                ^^^^^^^^^^^^^^^^^^^^
  File "/Users/rejeanzapanta/Downloads/OptiSync/ml-service/venv/lib/python3.11/site-packages/starlette/responses.py", line 199, in render
    return json.dumps(
           ^^^^^^^^^^^
  File "/opt/homebrew/Cellar/python@3.11/3.11.15/Frameworks/Python.framework/Versions/3.11/lib/python3.11/json/__init__.py", line 238, in dumps
    **kw).encode(obj)
          ^^^^^^^^^^^
  File "/opt/homebrew/Cellar/python@3.11/3.11.15/Frameworks/Python.framework/Versions/3.11/lib/python3.11/json/encoder.py", line 200, in encode
    chunks = self.iterencode(o, _one_shot=True)
             ^^^^^^^^^^^^^^^^^^^^^^^^^^^^^^^^^^
  File "/opt/homebrew/Cellar/python@3.11/3.11.15/Frameworks/Python.framework/Versions/3.11/lib/python3.11/json/encoder.py", line 258, in iterencode
    return _iterencode(o, 0)
           ^^^^^^^^^^^^^^^^^
ValueError: Out of range float values are not JSON compliant
INFO:app:==================================================
INFO:app:REQUEST [20260318015739150918] - New forecast request received
INFO:app:Total transactions: 19
INFO:app:Total products: 22
INFO:app:Completed transactions: 19
INFO:app:First transaction date: 2026-03-17 17:50:15.825000+00:00
INFO:app:Last transaction date: 2026-03-14 12:00:34.203000+00:00
INFO:app:Date range: 3 days
INFO:app:Converting to DataFrames...
INFO:app:DataFrame shapes: transactions=(19, 4), products=(22, 7)
INFO:app:Calling generate_ensemble_forecast...
INFO:models.forecast:==================================================
INFO:models.forecast:ENTERING generate_ensemble_forecast
INFO:models.forecast:transactions_df shape: (19, 4)
INFO:models.forecast:products_df shape: (22, 7)
INFO:models.forecast:forecast_months: 3
INFO:models.forecast:Transaction date range: 2026-03-14 12:00:34.203000+00:00 to 2026-03-17 17:50:15.825000+00:00
INFO:models.forecast:Total sales: 142925.0
INFO:models.forecast:Number of unique dates: 19
INFO:models.forecast:Starting Prophet task...
INFO:models.forecast:Starting XGBoost task...
INFO:models.forecast:Waiting for model tasks to complete...
INFO:models.forecast:Prophet: Starting training...
INFO:models.forecast:XGBoost: Starting training...
WARNING:models.utils:Limited data: only 3 days (recommended 30+)
WARNING:models.utils:Limited data: only 3 days (recommended 30+)
INFO:models.utils:Prepared time series with 4 days of data
INFO:models.utils:Prepared time series with 4 days of data
INFO:models.prophet_model:Data points: 4
WARNING:models.xgboost_model:Very limited training data: 1 rows
INFO:models.xgboost_model:Training data: 4 rows
INFO:models.xgboost_model:Training XGBoost model...
INFO:models.xgboost_model:XGBoost model trained successfully with 4 rows
INFO:models.forecast:XGBoost: Training complete
/Users/rejeanzapanta/Downloads/OptiSync/ml-service/venv/lib/python3.11/site-packages/sklearn/base.py:432: UserWarning: X has feature names, but StandardScaler was fitted without feature names
  warnings.warn(
/Users/rejeanzapanta/Downloads/OptiSync/ml-service/venv/lib/python3.11/site-packages/sklearn/utils/validation.py:767: FutureWarning: is_sparse is deprecated and will be removed in a future version. Check `isinstance(dtype, pd.SparseDtype)` instead.
  if not hasattr(array, "sparse") and array.dtypes.apply(is_sparse).any():
/Users/rejeanzapanta/Downloads/OptiSync/ml-service/venv/lib/python3.11/site-packages/sklearn/utils/validation.py:605: FutureWarning: is_sparse is deprecated and will be removed in a future version. Check `isinstance(dtype, pd.SparseDtype)` instead.
  if is_sparse(pd_dtype):
/Users/rejeanzapanta/Downloads/OptiSync/ml-service/venv/lib/python3.11/site-packages/sklearn/utils/validation.py:614: FutureWarning: is_sparse is deprecated and will be removed in a future version. Check `isinstance(dtype, pd.SparseDtype)` instead.
  if is_sparse(pd_dtype) or not is_extension_array_dtype(pd_dtype):
INFO:models.xgboost_model:Generated XGBoost forecast for 90 days
INFO:models.forecast:XGBoost: Forecast generated with shape (90, 5)
INFO:models.prophet_model:Training Prophet model...
INFO:prophet:n_changepoints greater than number of observations. Using 2.
DEBUG:cmdstanpy:input tempfile: /var/folders/18/11jzyg511q797ytnd5bh2rm00000gn/T/tmpe6e0tlxd/s2s75iyr.json
DEBUG:cmdstanpy:input tempfile: /var/folders/18/11jzyg511q797ytnd5bh2rm00000gn/T/tmpe6e0tlxd/ku_e4cem.json
DEBUG:cmdstanpy:idx 0
DEBUG:cmdstanpy:running CmdStan, num_threads: None
DEBUG:cmdstanpy:CmdStan args: ['/Users/rejeanzapanta/Downloads/OptiSync/ml-service/venv/lib/python3.11/site-packages/prophet/stan_model/prophet_model.bin', 'random', 'seed=2774', 'data', 'file=/var/folders/18/11jzyg511q797ytnd5bh2rm00000gn/T/tmpe6e0tlxd/s2s75iyr.json', 'init=/var/folders/18/11jzyg511q797ytnd5bh2rm00000gn/T/tmpe6e0tlxd/ku_e4cem.json', 'output', 'file=/var/folders/18/11jzyg511q797ytnd5bh2rm00000gn/T/tmpe6e0tlxd/prophet_modeljfboo916/prophet_model-20260318015739.csv', 'method=optimize', 'algorithm=newton', 'iter=10000']
01:57:39 - cmdstanpy - INFO - Chain [1] start processing
INFO:cmdstanpy:Chain [1] start processing
01:57:39 - cmdstanpy - INFO - Chain [1] done processing
INFO:cmdstanpy:Chain [1] done processing
INFO:models.prophet_model:Prophet model trained successfully with 4 data points
INFO:models.forecast:Prophet: Training complete
INFO:models.prophet_model:Generated forecast for 90 days
INFO:models.forecast:Prophet: Forecast generated with shape (94, 5)
INFO:models.forecast:Prophet success: True
INFO:models.forecast:XGBoost success: True
INFO:models.forecast:Creating ensemble forecast...
INFO:models.forecast:Creating ensemble forecast...
INFO:models.forecast:Ensemble forecast created with 184 rows
INFO:models.forecast:Formatted forecast with 9 data points
INFO:models.forecast:Generating recommendations...
INFO:models.forecast:Generated 2 recommendations
INFO:models.forecast:Calculating metrics...
INFO:models.forecast:Model used: ensemble
INFO:models.forecast:Confidence: 90.0
INFO:models.forecast:==================================================
INFO:app:Forecast generated. Model used: ensemble
INFO:app:REQUEST [20260318015739150918] - COMPLETED
INFO:app:==================================================
INFO:     127.0.0.1:54875 - "POST /api/forecast/demand HTTP/1.1" 500 Internal Server Error
ERROR:    Exception in ASGI application
Traceback (most recent call last):
  File "/Users/rejeanzapanta/Downloads/OptiSync/ml-service/venv/lib/python3.11/site-packages/uvicorn/protocols/http/httptools_impl.py", line 426, in run_asgi
    result = await app(  # type: ignore[func-returns-value]
             ^^^^^^^^^^^^^^^^^^^^^^^^^^^^^^^^^^^^^^^^^^^^^^
  File "/Users/rejeanzapanta/Downloads/OptiSync/ml-service/venv/lib/python3.11/site-packages/uvicorn/middleware/proxy_headers.py", line 84, in __call__
    return await self.app(scope, receive, send)
           ^^^^^^^^^^^^^^^^^^^^^^^^^^^^^^^^^^^^
  File "/Users/rejeanzapanta/Downloads/OptiSync/ml-service/venv/lib/python3.11/site-packages/fastapi/applications.py", line 1106, in __call__
    await super().__call__(scope, receive, send)
  File "/Users/rejeanzapanta/Downloads/OptiSync/ml-service/venv/lib/python3.11/site-packages/starlette/applications.py", line 122, in __call__
    await self.middleware_stack(scope, receive, send)
  File "/Users/rejeanzapanta/Downloads/OptiSync/ml-service/venv/lib/python3.11/site-packages/starlette/middleware/errors.py", line 184, in __call__
    raise exc
  File "/Users/rejeanzapanta/Downloads/OptiSync/ml-service/venv/lib/python3.11/site-packages/starlette/middleware/errors.py", line 162, in __call__
    await self.app(scope, receive, _send)
  File "/Users/rejeanzapanta/Downloads/OptiSync/ml-service/venv/lib/python3.11/site-packages/starlette/middleware/cors.py", line 91, in __call__
    await self.simple_response(scope, receive, send, request_headers=headers)
  File "/Users/rejeanzapanta/Downloads/OptiSync/ml-service/venv/lib/python3.11/site-packages/starlette/middleware/cors.py", line 146, in simple_response
    await self.app(scope, receive, send)
  File "/Users/rejeanzapanta/Downloads/OptiSync/ml-service/venv/lib/python3.11/site-packages/starlette/middleware/exceptions.py", line 79, in __call__
    raise exc
  File "/Users/rejeanzapanta/Downloads/OptiSync/ml-service/venv/lib/python3.11/site-packages/starlette/middleware/exceptions.py", line 68, in __call__
    await self.app(scope, receive, sender)
  File "/Users/rejeanzapanta/Downloads/OptiSync/ml-service/venv/lib/python3.11/site-packages/fastapi/middleware/asyncexitstack.py", line 20, in __call__
    raise e
  File "/Users/rejeanzapanta/Downloads/OptiSync/ml-service/venv/lib/python3.11/site-packages/fastapi/middleware/asyncexitstack.py", line 17, in __call__
    await self.app(scope, receive, send)
  File "/Users/rejeanzapanta/Downloads/OptiSync/ml-service/venv/lib/python3.11/site-packages/starlette/routing.py", line 718, in __call__
    await route.handle(scope, receive, send)
  File "/Users/rejeanzapanta/Downloads/OptiSync/ml-service/venv/lib/python3.11/site-packages/starlette/routing.py", line 276, in handle
    await self.app(scope, receive, send)
  File "/Users/rejeanzapanta/Downloads/OptiSync/ml-service/venv/lib/python3.11/site-packages/starlette/routing.py", line 66, in app
    response = await func(request)
               ^^^^^^^^^^^^^^^^^^^
  File "/Users/rejeanzapanta/Downloads/OptiSync/ml-service/venv/lib/python3.11/site-packages/fastapi/routing.py", line 303, in app
    response = actual_response_class(content, **response_args)
               ^^^^^^^^^^^^^^^^^^^^^^^^^^^^^^^^^^^^^^^^^^^^^^^
  File "/Users/rejeanzapanta/Downloads/OptiSync/ml-service/venv/lib/python3.11/site-packages/starlette/responses.py", line 196, in __init__
    super().__init__(content, status_code, headers, media_type, background)
  File "/Users/rejeanzapanta/Downloads/OptiSync/ml-service/venv/lib/python3.11/site-packages/starlette/responses.py", line 55, in __init__
    self.body = self.render(content)
                ^^^^^^^^^^^^^^^^^^^^
  File "/Users/rejeanzapanta/Downloads/OptiSync/ml-service/venv/lib/python3.11/site-packages/starlette/responses.py", line 199, in render
    return json.dumps(
           ^^^^^^^^^^^
  File "/opt/homebrew/Cellar/python@3.11/3.11.15/Frameworks/Python.framework/Versions/3.11/lib/python3.11/json/__init__.py", line 238, in dumps
    **kw).encode(obj)
          ^^^^^^^^^^^
  File "/opt/homebrew/Cellar/python@3.11/3.11.15/Frameworks/Python.framework/Versions/3.11/lib/python3.11/json/encoder.py", line 200, in encode
    chunks = self.iterencode(o, _one_shot=True)
             ^^^^^^^^^^^^^^^^^^^^^^^^^^^^^^^^^^
  File "/opt/homebrew/Cellar/python@3.11/3.11.15/Frameworks/Python.framework/Versions/3.11/lib/python3.11/json/encoder.py", line 258, in iterencode
    return _iterencode(o, 0)
           ^^^^^^^^^^^^^^^^^
ValueError: Out of range float values are not JSON compliant
INFO:app:==================================================
INFO:app:REQUEST [20260318015843651495] - New forecast request received
INFO:app:Total transactions: 19
INFO:app:Total products: 22
INFO:app:Completed transactions: 19
INFO:app:First transaction date: 2026-03-17 17:50:15.825000+00:00
INFO:app:Last transaction date: 2026-03-14 12:00:34.203000+00:00
INFO:app:Date range: 3 days
INFO:app:Converting to DataFrames...
INFO:app:DataFrame shapes: transactions=(19, 4), products=(22, 7)
INFO:app:Calling generate_ensemble_forecast...
INFO:models.forecast:==================================================
INFO:models.forecast:ENTERING generate_ensemble_forecast
INFO:models.forecast:transactions_df shape: (19, 4)
INFO:models.forecast:products_df shape: (22, 7)
INFO:models.forecast:forecast_months: 3
INFO:models.forecast:Transaction date range: 2026-03-14 12:00:34.203000+00:00 to 2026-03-17 17:50:15.825000+00:00
INFO:models.forecast:Total sales: 142925.0
INFO:models.forecast:Number of unique dates: 19
INFO:models.forecast:Starting Prophet task...
INFO:models.forecast:Starting XGBoost task...
INFO:models.forecast:Waiting for model tasks to complete...
INFO:models.forecast:Prophet: Starting training...
INFO:models.forecast:XGBoost: Starting training...
WARNING:models.utils:Limited data: only 3 days (recommended 30+)
WARNING:models.utils:Limited data: only 3 days (recommended 30+)
INFO:models.utils:Prepared time series with 4 days of data
INFO:models.utils:Prepared time series with 4 days of data
INFO:models.prophet_model:Data points: 4
WARNING:models.xgboost_model:Very limited training data: 1 rows
INFO:models.xgboost_model:Training data: 4 rows
INFO:models.xgboost_model:Training XGBoost model...
INFO:models.xgboost_model:XGBoost model trained successfully with 4 rows
INFO:models.forecast:XGBoost: Training complete
/Users/rejeanzapanta/Downloads/OptiSync/ml-service/venv/lib/python3.11/site-packages/sklearn/base.py:432: UserWarning: X has feature names, but StandardScaler was fitted without feature names
  warnings.warn(
/Users/rejeanzapanta/Downloads/OptiSync/ml-service/venv/lib/python3.11/site-packages/sklearn/utils/validation.py:767: FutureWarning: is_sparse is deprecated and will be removed in a future version. Check `isinstance(dtype, pd.SparseDtype)` instead.
  if not hasattr(array, "sparse") and array.dtypes.apply(is_sparse).any():
/Users/rejeanzapanta/Downloads/OptiSync/ml-service/venv/lib/python3.11/site-packages/sklearn/utils/validation.py:605: FutureWarning: is_sparse is deprecated and will be removed in a future version. Check `isinstance(dtype, pd.SparseDtype)` instead.
  if is_sparse(pd_dtype):
/Users/rejeanzapanta/Downloads/OptiSync/ml-service/venv/lib/python3.11/site-packages/sklearn/utils/validation.py:614: FutureWarning: is_sparse is deprecated and will be removed in a future version. Check `isinstance(dtype, pd.SparseDtype)` instead.
  if is_sparse(pd_dtype) or not is_extension_array_dtype(pd_dtype):
INFO:models.xgboost_model:Generated XGBoost forecast for 90 days
INFO:models.forecast:XGBoost: Forecast generated with shape (90, 5)
INFO:models.prophet_model:Training Prophet model...
INFO:prophet:n_changepoints greater than number of observations. Using 2.
DEBUG:cmdstanpy:input tempfile: /var/folders/18/11jzyg511q797ytnd5bh2rm00000gn/T/tmpe6e0tlxd/3ibui8nq.json
DEBUG:cmdstanpy:input tempfile: /var/folders/18/11jzyg511q797ytnd5bh2rm00000gn/T/tmpe6e0tlxd/nuwcfyd8.json
DEBUG:cmdstanpy:idx 0
DEBUG:cmdstanpy:running CmdStan, num_threads: None
DEBUG:cmdstanpy:CmdStan args: ['/Users/rejeanzapanta/Downloads/OptiSync/ml-service/venv/lib/python3.11/site-packages/prophet/stan_model/prophet_model.bin', 'random', 'seed=24768', 'data', 'file=/var/folders/18/11jzyg511q797ytnd5bh2rm00000gn/T/tmpe6e0tlxd/3ibui8nq.json', 'init=/var/folders/18/11jzyg511q797ytnd5bh2rm00000gn/T/tmpe6e0tlxd/nuwcfyd8.json', 'output', 'file=/var/folders/18/11jzyg511q797ytnd5bh2rm00000gn/T/tmpe6e0tlxd/prophet_model6ceiezpy/prophet_model-20260318015843.csv', 'method=optimize', 'algorithm=newton', 'iter=10000']
01:58:43 - cmdstanpy - INFO - Chain [1] start processing
INFO:cmdstanpy:Chain [1] start processing
01:58:43 - cmdstanpy - INFO - Chain [1] done processing
INFO:cmdstanpy:Chain [1] done processing
INFO:models.prophet_model:Prophet model trained successfully with 4 data points
INFO:models.forecast:Prophet: Training complete
INFO:models.prophet_model:Generated forecast for 90 days
INFO:models.forecast:Prophet: Forecast generated with shape (94, 5)
INFO:models.forecast:Prophet success: True
INFO:models.forecast:XGBoost success: True
INFO:models.forecast:Creating ensemble forecast...
INFO:models.forecast:Creating ensemble forecast...
INFO:models.forecast:Ensemble forecast created with 184 rows
INFO:models.forecast:Formatted forecast with 9 data points
INFO:models.forecast:Generating recommendations...
INFO:models.forecast:Generated 2 recommendations
INFO:models.forecast:Calculating metrics...
INFO:models.forecast:Model used: ensemble
INFO:models.forecast:Confidence: 90.0
INFO:models.forecast:==================================================
INFO:app:Forecast generated. Model used: ensemble
INFO:app:REQUEST [20260318015843651495] - COMPLETED
INFO:app:==================================================
INFO:     127.0.0.1:54887 - "POST /api/forecast/demand HTTP/1.1" 500 Internal Server Error
ERROR:    Exception in ASGI application
Traceback (most recent call last):
  File "/Users/rejeanzapanta/Downloads/OptiSync/ml-service/venv/lib/python3.11/site-packages/uvicorn/protocols/http/httptools_impl.py", line 426, in run_asgi
    result = await app(  # type: ignore[func-returns-value]
             ^^^^^^^^^^^^^^^^^^^^^^^^^^^^^^^^^^^^^^^^^^^^^^
  File "/Users/rejeanzapanta/Downloads/OptiSync/ml-service/venv/lib/python3.11/site-packages/uvicorn/middleware/proxy_headers.py", line 84, in __call__
    return await self.app(scope, receive, send)
           ^^^^^^^^^^^^^^^^^^^^^^^^^^^^^^^^^^^^
  File "/Users/rejeanzapanta/Downloads/OptiSync/ml-service/venv/lib/python3.11/site-packages/fastapi/applications.py", line 1106, in __call__
    await super().__call__(scope, receive, send)
  File "/Users/rejeanzapanta/Downloads/OptiSync/ml-service/venv/lib/python3.11/site-packages/starlette/applications.py", line 122, in __call__
    await self.middleware_stack(scope, receive, send)
  File "/Users/rejeanzapanta/Downloads/OptiSync/ml-service/venv/lib/python3.11/site-packages/starlette/middleware/errors.py", line 184, in __call__
    raise exc
  File "/Users/rejeanzapanta/Downloads/OptiSync/ml-service/venv/lib/python3.11/site-packages/starlette/middleware/errors.py", line 162, in __call__
    await self.app(scope, receive, _send)
  File "/Users/rejeanzapanta/Downloads/OptiSync/ml-service/venv/lib/python3.11/site-packages/starlette/middleware/cors.py", line 91, in __call__
    await self.simple_response(scope, receive, send, request_headers=headers)
  File "/Users/rejeanzapanta/Downloads/OptiSync/ml-service/venv/lib/python3.11/site-packages/starlette/middleware/cors.py", line 146, in simple_response
    await self.app(scope, receive, send)
  File "/Users/rejeanzapanta/Downloads/OptiSync/ml-service/venv/lib/python3.11/site-packages/starlette/middleware/exceptions.py", line 79, in __call__
    raise exc
  File "/Users/rejeanzapanta/Downloads/OptiSync/ml-service/venv/lib/python3.11/site-packages/starlette/middleware/exceptions.py", line 68, in __call__
    await self.app(scope, receive, sender)
  File "/Users/rejeanzapanta/Downloads/OptiSync/ml-service/venv/lib/python3.11/site-packages/fastapi/middleware/asyncexitstack.py", line 20, in __call__
    raise e
  File "/Users/rejeanzapanta/Downloads/OptiSync/ml-service/venv/lib/python3.11/site-packages/fastapi/middleware/asyncexitstack.py", line 17, in __call__
    await self.app(scope, receive, send)
  File "/Users/rejeanzapanta/Downloads/OptiSync/ml-service/venv/lib/python3.11/site-packages/starlette/routing.py", line 718, in __call__
    await route.handle(scope, receive, send)
  File "/Users/rejeanzapanta/Downloads/OptiSync/ml-service/venv/lib/python3.11/site-packages/starlette/routing.py", line 276, in handle
    await self.app(scope, receive, send)
  File "/Users/rejeanzapanta/Downloads/OptiSync/ml-service/venv/lib/python3.11/site-packages/starlette/routing.py", line 66, in app
    response = await func(request)
               ^^^^^^^^^^^^^^^^^^^
  File "/Users/rejeanzapanta/Downloads/OptiSync/ml-service/venv/lib/python3.11/site-packages/fastapi/routing.py", line 303, in app
    response = actual_response_class(content, **response_args)
               ^^^^^^^^^^^^^^^^^^^^^^^^^^^^^^^^^^^^^^^^^^^^^^^
  File "/Users/rejeanzapanta/Downloads/OptiSync/ml-service/venv/lib/python3.11/site-packages/starlette/responses.py", line 196, in __init__
    super().__init__(content, status_code, headers, media_type, background)
  File "/Users/rejeanzapanta/Downloads/OptiSync/ml-service/venv/lib/python3.11/site-packages/starlette/responses.py", line 55, in __init__
    self.body = self.render(content)
                ^^^^^^^^^^^^^^^^^^^^
  File "/Users/rejeanzapanta/Downloads/OptiSync/ml-service/venv/lib/python3.11/site-packages/starlette/responses.py", line 199, in render
    return json.dumps(
           ^^^^^^^^^^^
  File "/opt/homebrew/Cellar/python@3.11/3.11.15/Frameworks/Python.framework/Versions/3.11/lib/python3.11/json/__init__.py", line 238, in dumps
    **kw).encode(obj)
          ^^^^^^^^^^^
  File "/opt/homebrew/Cellar/python@3.11/3.11.15/Frameworks/Python.framework/Versions/3.11/lib/python3.11/json/encoder.py", line 200, in encode
    chunks = self.iterencode(o, _one_shot=True)
             ^^^^^^^^^^^^^^^^^^^^^^^^^^^^^^^^^^
  File "/opt/homebrew/Cellar/python@3.11/3.11.15/Frameworks/Python.framework/Versions/3.11/lib/python3.11/json/encoder.py", line 258, in iterencode
    return _iterencode(o, 0)
           ^^^^^^^^^^^^^^^^^
ValueError: Out of range float values are not JSON compliant
INFO:     127.0.0.1:54899 - "OPTIONS /api/forecast/demand HTTP/1.1" 200 OK
INFO:app:==================================================
INFO:app:REQUEST [20260318020005689423] - New forecast request received
INFO:app:Total transactions: 19
INFO:app:Total products: 22
INFO:app:Completed transactions: 19
INFO:app:First transaction date: 2026-03-17 17:50:15.825000+00:00
INFO:app:Last transaction date: 2026-03-14 12:00:34.203000+00:00
INFO:app:Date range: 3 days
INFO:app:Converting to DataFrames...
INFO:app:DataFrame shapes: transactions=(19, 4), products=(22, 7)
INFO:app:Calling generate_ensemble_forecast...
INFO:models.forecast:==================================================
INFO:models.forecast:ENTERING generate_ensemble_forecast
INFO:models.forecast:transactions_df shape: (19, 4)
INFO:models.forecast:products_df shape: (22, 7)
INFO:models.forecast:forecast_months: 3
INFO:models.forecast:Transaction date range: 2026-03-14 12:00:34.203000+00:00 to 2026-03-17 17:50:15.825000+00:00
INFO:models.forecast:Total sales: 142925.0
INFO:models.forecast:Number of unique dates: 19
INFO:models.forecast:Starting Prophet task...
INFO:models.forecast:Starting XGBoost task...
INFO:models.forecast:Waiting for model tasks to complete...
INFO:models.forecast:Prophet: Starting training...
INFO:models.forecast:XGBoost: Starting training...
WARNING:models.utils:Limited data: only 3 days (recommended 30+)
WARNING:models.utils:Limited data: only 3 days (recommended 30+)
INFO:models.utils:Prepared time series with 4 days of data
INFO:models.utils:Prepared time series with 4 days of data
INFO:models.prophet_model:Data points: 4
WARNING:models.xgboost_model:Very limited training data: 1 rows
INFO:models.xgboost_model:Training data: 4 rows
INFO:models.xgboost_model:Training XGBoost model...
INFO:models.xgboost_model:XGBoost model trained successfully with 4 rows
INFO:models.forecast:XGBoost: Training complete
/Users/rejeanzapanta/Downloads/OptiSync/ml-service/venv/lib/python3.11/site-packages/sklearn/base.py:432: UserWarning: X has feature names, but StandardScaler was fitted without feature names
  warnings.warn(
/Users/rejeanzapanta/Downloads/OptiSync/ml-service/venv/lib/python3.11/site-packages/sklearn/utils/validation.py:767: FutureWarning: is_sparse is deprecated and will be removed in a future version. Check `isinstance(dtype, pd.SparseDtype)` instead.
  if not hasattr(array, "sparse") and array.dtypes.apply(is_sparse).any():
/Users/rejeanzapanta/Downloads/OptiSync/ml-service/venv/lib/python3.11/site-packages/sklearn/utils/validation.py:605: FutureWarning: is_sparse is deprecated and will be removed in a future version. Check `isinstance(dtype, pd.SparseDtype)` instead.
  if is_sparse(pd_dtype):
/Users/rejeanzapanta/Downloads/OptiSync/ml-service/venv/lib/python3.11/site-packages/sklearn/utils/validation.py:614: FutureWarning: is_sparse is deprecated and will be removed in a future version. Check `isinstance(dtype, pd.SparseDtype)` instead.
  if is_sparse(pd_dtype) or not is_extension_array_dtype(pd_dtype):
INFO:models.xgboost_model:Generated XGBoost forecast for 90 days
INFO:models.forecast:XGBoost: Forecast generated with shape (90, 5)
INFO:models.prophet_model:Training Prophet model...
INFO:prophet:n_changepoints greater than number of observations. Using 2.
DEBUG:cmdstanpy:input tempfile: /var/folders/18/11jzyg511q797ytnd5bh2rm00000gn/T/tmpe6e0tlxd/6tm_g7e0.json
DEBUG:cmdstanpy:input tempfile: /var/folders/18/11jzyg511q797ytnd5bh2rm00000gn/T/tmpe6e0tlxd/yuxo5xw2.json
DEBUG:cmdstanpy:idx 0
DEBUG:cmdstanpy:running CmdStan, num_threads: None
DEBUG:cmdstanpy:CmdStan args: ['/Users/rejeanzapanta/Downloads/OptiSync/ml-service/venv/lib/python3.11/site-packages/prophet/stan_model/prophet_model.bin', 'random', 'seed=90727', 'data', 'file=/var/folders/18/11jzyg511q797ytnd5bh2rm00000gn/T/tmpe6e0tlxd/6tm_g7e0.json', 'init=/var/folders/18/11jzyg511q797ytnd5bh2rm00000gn/T/tmpe6e0tlxd/yuxo5xw2.json', 'output', 'file=/var/folders/18/11jzyg511q797ytnd5bh2rm00000gn/T/tmpe6e0tlxd/prophet_modelh1r67m_0/prophet_model-20260318020005.csv', 'method=optimize', 'algorithm=newton', 'iter=10000']
02:00:05 - cmdstanpy - INFO - Chain [1] start processing
INFO:cmdstanpy:Chain [1] start processing
02:00:05 - cmdstanpy - INFO - Chain [1] done processing
INFO:cmdstanpy:Chain [1] done processing
INFO:models.prophet_model:Prophet model trained successfully with 4 data points
INFO:models.forecast:Prophet: Training complete
INFO:models.prophet_model:Generated forecast for 90 days
INFO:models.forecast:Prophet: Forecast generated with shape (94, 5)
INFO:models.forecast:Prophet success: True
INFO:models.forecast:XGBoost success: True
INFO:models.forecast:Creating ensemble forecast...
INFO:models.forecast:Creating ensemble forecast...
INFO:models.forecast:Ensemble forecast created with 184 rows
INFO:models.forecast:Formatted forecast with 9 data points
INFO:models.forecast:Generating recommendations...
INFO:models.forecast:Generated 2 recommendations
INFO:models.forecast:Calculating metrics...
INFO:models.forecast:Model used: ensemble
INFO:models.forecast:Confidence: 90.0
INFO:models.forecast:==================================================
INFO:app:Forecast generated. Model used: ensemble
INFO:app:REQUEST [20260318020005689423] - COMPLETED
INFO:app:==================================================
INFO:     127.0.0.1:54899 - "POST /api/forecast/demand HTTP/1.1" 500 Internal Server Error
ERROR:    Exception in ASGI application
Traceback (most recent call last):
  File "/Users/rejeanzapanta/Downloads/OptiSync/ml-service/venv/lib/python3.11/site-packages/uvicorn/protocols/http/httptools_impl.py", line 426, in run_asgi
    result = await app(  # type: ignore[func-returns-value]
             ^^^^^^^^^^^^^^^^^^^^^^^^^^^^^^^^^^^^^^^^^^^^^^
  File "/Users/rejeanzapanta/Downloads/OptiSync/ml-service/venv/lib/python3.11/site-packages/uvicorn/middleware/proxy_headers.py", line 84, in __call__
    return await self.app(scope, receive, send)
           ^^^^^^^^^^^^^^^^^^^^^^^^^^^^^^^^^^^^
  File "/Users/rejeanzapanta/Downloads/OptiSync/ml-service/venv/lib/python3.11/site-packages/fastapi/applications.py", line 1106, in __call__
    await super().__call__(scope, receive, send)
  File "/Users/rejeanzapanta/Downloads/OptiSync/ml-service/venv/lib/python3.11/site-packages/starlette/applications.py", line 122, in __call__
    await self.middleware_stack(scope, receive, send)
  File "/Users/rejeanzapanta/Downloads/OptiSync/ml-service/venv/lib/python3.11/site-packages/starlette/middleware/errors.py", line 184, in __call__
    raise exc
  File "/Users/rejeanzapanta/Downloads/OptiSync/ml-service/venv/lib/python3.11/site-packages/starlette/middleware/errors.py", line 162, in __call__
    await self.app(scope, receive, _send)
  File "/Users/rejeanzapanta/Downloads/OptiSync/ml-service/venv/lib/python3.11/site-packages/starlette/middleware/cors.py", line 91, in __call__
    await self.simple_response(scope, receive, send, request_headers=headers)
  File "/Users/rejeanzapanta/Downloads/OptiSync/ml-service/venv/lib/python3.11/site-packages/starlette/middleware/cors.py", line 146, in simple_response
    await self.app(scope, receive, send)
  File "/Users/rejeanzapanta/Downloads/OptiSync/ml-service/venv/lib/python3.11/site-packages/starlette/middleware/exceptions.py", line 79, in __call__
    raise exc
  File "/Users/rejeanzapanta/Downloads/OptiSync/ml-service/venv/lib/python3.11/site-packages/starlette/middleware/exceptions.py", line 68, in __call__
    await self.app(scope, receive, sender)
  File "/Users/rejeanzapanta/Downloads/OptiSync/ml-service/venv/lib/python3.11/site-packages/fastapi/middleware/asyncexitstack.py", line 20, in __call__
    raise e
  File "/Users/rejeanzapanta/Downloads/OptiSync/ml-service/venv/lib/python3.11/site-packages/fastapi/middleware/asyncexitstack.py", line 17, in __call__
    await self.app(scope, receive, send)
  File "/Users/rejeanzapanta/Downloads/OptiSync/ml-service/venv/lib/python3.11/site-packages/starlette/routing.py", line 718, in __call__
    await route.handle(scope, receive, send)
  File "/Users/rejeanzapanta/Downloads/OptiSync/ml-service/venv/lib/python3.11/site-packages/starlette/routing.py", line 276, in handle
    await self.app(scope, receive, send)
  File "/Users/rejeanzapanta/Downloads/OptiSync/ml-service/venv/lib/python3.11/site-packages/starlette/routing.py", line 66, in app
    response = await func(request)
               ^^^^^^^^^^^^^^^^^^^
  File "/Users/rejeanzapanta/Downloads/OptiSync/ml-service/venv/lib/python3.11/site-packages/fastapi/routing.py", line 303, in app
    response = actual_response_class(content, **response_args)
               ^^^^^^^^^^^^^^^^^^^^^^^^^^^^^^^^^^^^^^^^^^^^^^^
  File "/Users/rejeanzapanta/Downloads/OptiSync/ml-service/venv/lib/python3.11/site-packages/starlette/responses.py", line 196, in __init__
    super().__init__(content, status_code, headers, media_type, background)
  File "/Users/rejeanzapanta/Downloads/OptiSync/ml-service/venv/lib/python3.11/site-packages/starlette/responses.py", line 55, in __init__
    self.body = self.render(content)
                ^^^^^^^^^^^^^^^^^^^^
  File "/Users/rejeanzapanta/Downloads/OptiSync/ml-service/venv/lib/python3.11/site-packages/starlette/responses.py", line 199, in render
    return json.dumps(
           ^^^^^^^^^^^
  File "/opt/homebrew/Cellar/python@3.11/3.11.15/Frameworks/Python.framework/Versions/3.11/lib/python3.11/json/__init__.py", line 238, in dumps
    **kw).encode(obj)
          ^^^^^^^^^^^
  File "/opt/homebrew/Cellar/python@3.11/3.11.15/Frameworks/Python.framework/Versions/3.11/lib/python3.11/json/encoder.py", line 200, in encode
    chunks = self.iterencode(o, _one_shot=True)
             ^^^^^^^^^^^^^^^^^^^^^^^^^^^^^^^^^^
  File "/opt/homebrew/Cellar/python@3.11/3.11.15/Frameworks/Python.framework/Versions/3.11/lib/python3.11/json/encoder.py", line 258, in iterencode
    return _iterencode(o, 0)
           ^^^^^^^^^^^^^^^^^
ValueError: Out of range float values are not JSON compliant
INFO:app:==================================================
INFO:app:REQUEST [20260318020353340391] - New forecast request received
INFO:app:Total transactions: 19
INFO:app:Total products: 22
INFO:app:Completed transactions: 19
INFO:app:First transaction date: 2026-03-17 17:50:15.825000+00:00
INFO:app:Last transaction date: 2026-03-14 12:00:34.203000+00:00
INFO:app:Date range: 3 days
INFO:app:Converting to DataFrames...
INFO:app:DataFrame shapes: transactions=(19, 4), products=(22, 7)
INFO:app:Calling generate_ensemble_forecast...
INFO:models.forecast:==================================================
INFO:models.forecast:ENTERING generate_ensemble_forecast
INFO:models.forecast:transactions_df shape: (19, 4)
INFO:models.forecast:products_df shape: (22, 7)
INFO:models.forecast:forecast_months: 3
INFO:models.forecast:Transaction date range: 2026-03-14 12:00:34.203000+00:00 to 2026-03-17 17:50:15.825000+00:00
INFO:models.forecast:Total sales: 142925.0
INFO:models.forecast:Number of unique dates: 19
INFO:models.forecast:Starting Prophet task...
INFO:models.forecast:Starting XGBoost task...
INFO:models.forecast:Waiting for model tasks to complete...
INFO:models.forecast:Prophet: Starting training...
INFO:models.forecast:XGBoost: Starting training...
WARNING:models.utils:Limited data: only 3 days (recommended 30+)
WARNING:models.utils:Limited data: only 3 days (recommended 30+)
INFO:models.utils:Prepared time series with 4 days of data
INFO:models.utils:Prepared time series with 4 days of data
INFO:models.prophet_model:Data points: 4
WARNING:models.xgboost_model:Very limited training data: 1 rows
INFO:models.xgboost_model:Training data: 4 rows
INFO:models.xgboost_model:Training XGBoost model...
INFO:models.xgboost_model:XGBoost model trained successfully with 4 rows
INFO:models.forecast:XGBoost: Training complete
/Users/rejeanzapanta/Downloads/OptiSync/ml-service/venv/lib/python3.11/site-packages/sklearn/base.py:432: UserWarning: X has feature names, but StandardScaler was fitted without feature names
  warnings.warn(
/Users/rejeanzapanta/Downloads/OptiSync/ml-service/venv/lib/python3.11/site-packages/sklearn/utils/validation.py:767: FutureWarning: is_sparse is deprecated and will be removed in a future version. Check `isinstance(dtype, pd.SparseDtype)` instead.
  if not hasattr(array, "sparse") and array.dtypes.apply(is_sparse).any():
/Users/rejeanzapanta/Downloads/OptiSync/ml-service/venv/lib/python3.11/site-packages/sklearn/utils/validation.py:605: FutureWarning: is_sparse is deprecated and will be removed in a future version. Check `isinstance(dtype, pd.SparseDtype)` instead.
  if is_sparse(pd_dtype):
/Users/rejeanzapanta/Downloads/OptiSync/ml-service/venv/lib/python3.11/site-packages/sklearn/utils/validation.py:614: FutureWarning: is_sparse is deprecated and will be removed in a future version. Check `isinstance(dtype, pd.SparseDtype)` instead.
  if is_sparse(pd_dtype) or not is_extension_array_dtype(pd_dtype):
INFO:models.xgboost_model:Generated XGBoost forecast for 90 days
INFO:models.forecast:XGBoost: Forecast generated with shape (90, 5)
INFO:models.prophet_model:Training Prophet model...
INFO:prophet:n_changepoints greater than number of observations. Using 2.
DEBUG:cmdstanpy:input tempfile: /var/folders/18/11jzyg511q797ytnd5bh2rm00000gn/T/tmpe6e0tlxd/es_i1lqz.json
DEBUG:cmdstanpy:input tempfile: /var/folders/18/11jzyg511q797ytnd5bh2rm00000gn/T/tmpe6e0tlxd/gbpihqv6.json
DEBUG:cmdstanpy:idx 0
DEBUG:cmdstanpy:running CmdStan, num_threads: None
DEBUG:cmdstanpy:CmdStan args: ['/Users/rejeanzapanta/Downloads/OptiSync/ml-service/venv/lib/python3.11/site-packages/prophet/stan_model/prophet_model.bin', 'random', 'seed=45072', 'data', 'file=/var/folders/18/11jzyg511q797ytnd5bh2rm00000gn/T/tmpe6e0tlxd/es_i1lqz.json', 'init=/var/folders/18/11jzyg511q797ytnd5bh2rm00000gn/T/tmpe6e0tlxd/gbpihqv6.json', 'output', 'file=/var/folders/18/11jzyg511q797ytnd5bh2rm00000gn/T/tmpe6e0tlxd/prophet_modelrgn46cbz/prophet_model-20260318020353.csv', 'method=optimize', 'algorithm=newton', 'iter=10000']
02:03:53 - cmdstanpy - INFO - Chain [1] start processing
INFO:cmdstanpy:Chain [1] start processing
02:03:53 - cmdstanpy - INFO - Chain [1] done processing
INFO:cmdstanpy:Chain [1] done processing
INFO:models.prophet_model:Prophet model trained successfully with 4 data points
INFO:models.forecast:Prophet: Training complete
INFO:models.prophet_model:Generated forecast for 90 days
INFO:models.forecast:Prophet: Forecast generated with shape (94, 5)
INFO:models.forecast:Prophet success: True
INFO:models.forecast:XGBoost success: True
INFO:models.forecast:Creating ensemble forecast...
INFO:models.forecast:Creating ensemble forecast...
INFO:models.forecast:Ensemble forecast created with 184 rows
INFO:models.forecast:Formatted forecast with 9 data points
INFO:models.forecast:Generating recommendations...
INFO:models.forecast:Generated 2 recommendations
INFO:models.forecast:Calculating metrics...
INFO:models.forecast:Model used: ensemble
INFO:models.forecast:Confidence: 90.0
INFO:models.forecast:==================================================
INFO:app:Forecast generated. Model used: ensemble
INFO:app:REQUEST [20260318020353340391] - COMPLETED
INFO:app:==================================================
INFO:     127.0.0.1:54977 - "POST /api/forecast/demand HTTP/1.1" 500 Internal Server Error
ERROR:    Exception in ASGI application
Traceback (most recent call last):
  File "/Users/rejeanzapanta/Downloads/OptiSync/ml-service/venv/lib/python3.11/site-packages/uvicorn/protocols/http/httptools_impl.py", line 426, in run_asgi
    result = await app(  # type: ignore[func-returns-value]
             ^^^^^^^^^^^^^^^^^^^^^^^^^^^^^^^^^^^^^^^^^^^^^^
  File "/Users/rejeanzapanta/Downloads/OptiSync/ml-service/venv/lib/python3.11/site-packages/uvicorn/middleware/proxy_headers.py", line 84, in __call__
    return await self.app(scope, receive, send)
           ^^^^^^^^^^^^^^^^^^^^^^^^^^^^^^^^^^^^
  File "/Users/rejeanzapanta/Downloads/OptiSync/ml-service/venv/lib/python3.11/site-packages/fastapi/applications.py", line 1106, in __call__
    await super().__call__(scope, receive, send)
  File "/Users/rejeanzapanta/Downloads/OptiSync/ml-service/venv/lib/python3.11/site-packages/starlette/applications.py", line 122, in __call__
    await self.middleware_stack(scope, receive, send)
  File "/Users/rejeanzapanta/Downloads/OptiSync/ml-service/venv/lib/python3.11/site-packages/starlette/middleware/errors.py", line 184, in __call__
    raise exc
  File "/Users/rejeanzapanta/Downloads/OptiSync/ml-service/venv/lib/python3.11/site-packages/starlette/middleware/errors.py", line 162, in __call__
    await self.app(scope, receive, _send)
  File "/Users/rejeanzapanta/Downloads/OptiSync/ml-service/venv/lib/python3.11/site-packages/starlette/middleware/cors.py", line 91, in __call__
    await self.simple_response(scope, receive, send, request_headers=headers)
  File "/Users/rejeanzapanta/Downloads/OptiSync/ml-service/venv/lib/python3.11/site-packages/starlette/middleware/cors.py", line 146, in simple_response
    await self.app(scope, receive, send)
  File "/Users/rejeanzapanta/Downloads/OptiSync/ml-service/venv/lib/python3.11/site-packages/starlette/middleware/exceptions.py", line 79, in __call__
    raise exc
  File "/Users/rejeanzapanta/Downloads/OptiSync/ml-service/venv/lib/python3.11/site-packages/starlette/middleware/exceptions.py", line 68, in __call__
    await self.app(scope, receive, sender)
  File "/Users/rejeanzapanta/Downloads/OptiSync/ml-service/venv/lib/python3.11/site-packages/fastapi/middleware/asyncexitstack.py", line 20, in __call__
    raise e
  File "/Users/rejeanzapanta/Downloads/OptiSync/ml-service/venv/lib/python3.11/site-packages/fastapi/middleware/asyncexitstack.py", line 17, in __call__
    await self.app(scope, receive, send)
  File "/Users/rejeanzapanta/Downloads/OptiSync/ml-service/venv/lib/python3.11/site-packages/starlette/routing.py", line 718, in __call__
    await route.handle(scope, receive, send)
  File "/Users/rejeanzapanta/Downloads/OptiSync/ml-service/venv/lib/python3.11/site-packages/starlette/routing.py", line 276, in handle
    await self.app(scope, receive, send)
  File "/Users/rejeanzapanta/Downloads/OptiSync/ml-service/venv/lib/python3.11/site-packages/starlette/routing.py", line 66, in app
    response = await func(request)
               ^^^^^^^^^^^^^^^^^^^
  File "/Users/rejeanzapanta/Downloads/OptiSync/ml-service/venv/lib/python3.11/site-packages/fastapi/routing.py", line 303, in app
    response = actual_response_class(content, **response_args)
               ^^^^^^^^^^^^^^^^^^^^^^^^^^^^^^^^^^^^^^^^^^^^^^^
  File "/Users/rejeanzapanta/Downloads/OptiSync/ml-service/venv/lib/python3.11/site-packages/starlette/responses.py", line 196, in __init__
    super().__init__(content, status_code, headers, media_type, background)
  File "/Users/rejeanzapanta/Downloads/OptiSync/ml-service/venv/lib/python3.11/site-packages/starlette/responses.py", line 55, in __init__
    self.body = self.render(content)
                ^^^^^^^^^^^^^^^^^^^^
  File "/Users/rejeanzapanta/Downloads/OptiSync/ml-service/venv/lib/python3.11/site-packages/starlette/responses.py", line 199, in render
    return json.dumps(
           ^^^^^^^^^^^
  File "/opt/homebrew/Cellar/python@3.11/3.11.15/Frameworks/Python.framework/Versions/3.11/lib/python3.11/json/__init__.py", line 238, in dumps
    **kw).encode(obj)
          ^^^^^^^^^^^
  File "/opt/homebrew/Cellar/python@3.11/3.11.15/Frameworks/Python.framework/Versions/3.11/lib/python3.11/json/encoder.py", line 200, in encode
    chunks = self.iterencode(o, _one_shot=True)
             ^^^^^^^^^^^^^^^^^^^^^^^^^^^^^^^^^^
  File "/opt/homebrew/Cellar/python@3.11/3.11.15/Frameworks/Python.framework/Versions/3.11/lib/python3.11/json/encoder.py", line 258, in iterencode
    return _iterencode(o, 0)
           ^^^^^^^^^^^^^^^^^
ValueError: Out of range float values are not JSON compliant
INFO:app:==================================================
INFO:app:REQUEST [20260318020749445699] - New forecast request received
INFO:app:Total transactions: 19
INFO:app:Total products: 22
INFO:app:Completed transactions: 19
INFO:app:First transaction date: 2026-03-17 17:50:15.825000+00:00
INFO:app:Last transaction date: 2026-03-14 12:00:34.203000+00:00
INFO:app:Date range: 3 days
INFO:app:Converting to DataFrames...
INFO:app:DataFrame shapes: transactions=(19, 4), products=(22, 7)
INFO:app:Calling generate_ensemble_forecast...
INFO:models.forecast:==================================================
INFO:models.forecast:ENTERING generate_ensemble_forecast
INFO:models.forecast:transactions_df shape: (19, 4)
INFO:models.forecast:products_df shape: (22, 7)
INFO:models.forecast:forecast_months: 3
INFO:models.forecast:Transaction date range: 2026-03-14 12:00:34.203000+00:00 to 2026-03-17 17:50:15.825000+00:00
INFO:models.forecast:Total sales: 142925.0
INFO:models.forecast:Number of unique dates: 19
INFO:models.forecast:Starting Prophet task...
INFO:models.forecast:Starting XGBoost task...
INFO:models.forecast:Waiting for model tasks to complete...
INFO:models.forecast:Prophet: Starting training...
WARNING:models.utils:Limited data: only 3 days (recommended 30+)
INFO:models.forecast:XGBoost: Starting training...
INFO:models.utils:Prepared time series with 4 days of data
WARNING:models.utils:Limited data: only 3 days (recommended 30+)
INFO:models.prophet_model:Data points: 4
INFO:models.utils:Prepared time series with 4 days of data
WARNING:models.xgboost_model:Very limited training data: 1 rows
INFO:models.xgboost_model:Training data: 4 rows
INFO:models.xgboost_model:Training XGBoost model...
INFO:models.xgboost_model:XGBoost model trained successfully with 4 rows
INFO:models.forecast:XGBoost: Training complete
/Users/rejeanzapanta/Downloads/OptiSync/ml-service/venv/lib/python3.11/site-packages/sklearn/base.py:432: UserWarning: X has feature names, but StandardScaler was fitted without feature names
  warnings.warn(
/Users/rejeanzapanta/Downloads/OptiSync/ml-service/venv/lib/python3.11/site-packages/sklearn/utils/validation.py:767: FutureWarning: is_sparse is deprecated and will be removed in a future version. Check `isinstance(dtype, pd.SparseDtype)` instead.
  if not hasattr(array, "sparse") and array.dtypes.apply(is_sparse).any():
/Users/rejeanzapanta/Downloads/OptiSync/ml-service/venv/lib/python3.11/site-packages/sklearn/utils/validation.py:605: FutureWarning: is_sparse is deprecated and will be removed in a future version. Check `isinstance(dtype, pd.SparseDtype)` instead.
  if is_sparse(pd_dtype):
/Users/rejeanzapanta/Downloads/OptiSync/ml-service/venv/lib/python3.11/site-packages/sklearn/utils/validation.py:614: FutureWarning: is_sparse is deprecated and will be removed in a future version. Check `isinstance(dtype, pd.SparseDtype)` instead.
  if is_sparse(pd_dtype) or not is_extension_array_dtype(pd_dtype):
INFO:models.xgboost_model:Generated XGBoost forecast for 90 days
INFO:models.forecast:XGBoost: Forecast generated with shape (90, 5)
INFO:models.prophet_model:Training Prophet model...
INFO:prophet:n_changepoints greater than number of observations. Using 2.
DEBUG:cmdstanpy:input tempfile: /var/folders/18/11jzyg511q797ytnd5bh2rm00000gn/T/tmpe6e0tlxd/ee2eq9sd.json
DEBUG:cmdstanpy:input tempfile: /var/folders/18/11jzyg511q797ytnd5bh2rm00000gn/T/tmpe6e0tlxd/qujb0utd.json
DEBUG:cmdstanpy:idx 0
DEBUG:cmdstanpy:running CmdStan, num_threads: None
DEBUG:cmdstanpy:CmdStan args: ['/Users/rejeanzapanta/Downloads/OptiSync/ml-service/venv/lib/python3.11/site-packages/prophet/stan_model/prophet_model.bin', 'random', 'seed=90773', 'data', 'file=/var/folders/18/11jzyg511q797ytnd5bh2rm00000gn/T/tmpe6e0tlxd/ee2eq9sd.json', 'init=/var/folders/18/11jzyg511q797ytnd5bh2rm00000gn/T/tmpe6e0tlxd/qujb0utd.json', 'output', 'file=/var/folders/18/11jzyg511q797ytnd5bh2rm00000gn/T/tmpe6e0tlxd/prophet_modelj2wshtij/prophet_model-20260318020749.csv', 'method=optimize', 'algorithm=newton', 'iter=10000']
02:07:49 - cmdstanpy - INFO - Chain [1] start processing
INFO:cmdstanpy:Chain [1] start processing
02:07:49 - cmdstanpy - INFO - Chain [1] done processing
INFO:cmdstanpy:Chain [1] done processing
INFO:models.prophet_model:Prophet model trained successfully with 4 data points
INFO:models.forecast:Prophet: Training complete
INFO:models.prophet_model:Generated forecast for 90 days
INFO:models.forecast:Prophet: Forecast generated with shape (94, 5)
INFO:models.forecast:Prophet success: True
INFO:models.forecast:XGBoost success: True
INFO:models.forecast:Creating ensemble forecast...
INFO:models.forecast:Creating ensemble forecast...
INFO:models.forecast:Ensemble forecast created with 184 rows
INFO:models.forecast:Formatted forecast with 9 data points
INFO:models.forecast:Generating recommendations...
INFO:models.forecast:Generated 2 recommendations
INFO:models.forecast:Calculating metrics...
INFO:models.forecast:Model used: ensemble
INFO:models.forecast:Confidence: 90.0
INFO:models.forecast:==================================================
INFO:app:Forecast generated. Model used: ensemble
INFO:app:REQUEST [20260318020749445699] - COMPLETED
INFO:app:==================================================
INFO:     127.0.0.1:55039 - "POST /api/forecast/demand HTTP/1.1" 500 Internal Server Error
ERROR:    Exception in ASGI application
Traceback (most recent call last):
  File "/Users/rejeanzapanta/Downloads/OptiSync/ml-service/venv/lib/python3.11/site-packages/uvicorn/protocols/http/httptools_impl.py", line 426, in run_asgi
    result = await app(  # type: ignore[func-returns-value]
             ^^^^^^^^^^^^^^^^^^^^^^^^^^^^^^^^^^^^^^^^^^^^^^
  File "/Users/rejeanzapanta/Downloads/OptiSync/ml-service/venv/lib/python3.11/site-packages/uvicorn/middleware/proxy_headers.py", line 84, in __call__
    return await self.app(scope, receive, send)
           ^^^^^^^^^^^^^^^^^^^^^^^^^^^^^^^^^^^^
  File "/Users/rejeanzapanta/Downloads/OptiSync/ml-service/venv/lib/python3.11/site-packages/fastapi/applications.py", line 1106, in __call__
    await super().__call__(scope, receive, send)
  File "/Users/rejeanzapanta/Downloads/OptiSync/ml-service/venv/lib/python3.11/site-packages/starlette/applications.py", line 122, in __call__
    await self.middleware_stack(scope, receive, send)
  File "/Users/rejeanzapanta/Downloads/OptiSync/ml-service/venv/lib/python3.11/site-packages/starlette/middleware/errors.py", line 184, in __call__
    raise exc
  File "/Users/rejeanzapanta/Downloads/OptiSync/ml-service/venv/lib/python3.11/site-packages/starlette/middleware/errors.py", line 162, in __call__
    await self.app(scope, receive, _send)
  File "/Users/rejeanzapanta/Downloads/OptiSync/ml-service/venv/lib/python3.11/site-packages/starlette/middleware/cors.py", line 91, in __call__
    await self.simple_response(scope, receive, send, request_headers=headers)
  File "/Users/rejeanzapanta/Downloads/OptiSync/ml-service/venv/lib/python3.11/site-packages/starlette/middleware/cors.py", line 146, in simple_response
    await self.app(scope, receive, send)
  File "/Users/rejeanzapanta/Downloads/OptiSync/ml-service/venv/lib/python3.11/site-packages/starlette/middleware/exceptions.py", line 79, in __call__
    raise exc
  File "/Users/rejeanzapanta/Downloads/OptiSync/ml-service/venv/lib/python3.11/site-packages/starlette/middleware/exceptions.py", line 68, in __call__
    await self.app(scope, receive, sender)
  File "/Users/rejeanzapanta/Downloads/OptiSync/ml-service/venv/lib/python3.11/site-packages/fastapi/middleware/asyncexitstack.py", line 20, in __call__
    raise e
  File "/Users/rejeanzapanta/Downloads/OptiSync/ml-service/venv/lib/python3.11/site-packages/fastapi/middleware/asyncexitstack.py", line 17, in __call__
    await self.app(scope, receive, send)
  File "/Users/rejeanzapanta/Downloads/OptiSync/ml-service/venv/lib/python3.11/site-packages/starlette/routing.py", line 718, in __call__
    await route.handle(scope, receive, send)
  File "/Users/rejeanzapanta/Downloads/OptiSync/ml-service/venv/lib/python3.11/site-packages/starlette/routing.py", line 276, in handle
    await self.app(scope, receive, send)
  File "/Users/rejeanzapanta/Downloads/OptiSync/ml-service/venv/lib/python3.11/site-packages/starlette/routing.py", line 66, in app
    response = await func(request)
               ^^^^^^^^^^^^^^^^^^^
  File "/Users/rejeanzapanta/Downloads/OptiSync/ml-service/venv/lib/python3.11/site-packages/fastapi/routing.py", line 303, in app
    response = actual_response_class(content, **response_args)
               ^^^^^^^^^^^^^^^^^^^^^^^^^^^^^^^^^^^^^^^^^^^^^^^
  File "/Users/rejeanzapanta/Downloads/OptiSync/ml-service/venv/lib/python3.11/site-packages/starlette/responses.py", line 196, in __init__
    super().__init__(content, status_code, headers, media_type, background)
  File "/Users/rejeanzapanta/Downloads/OptiSync/ml-service/venv/lib/python3.11/site-packages/starlette/responses.py", line 55, in __init__
    self.body = self.render(content)
                ^^^^^^^^^^^^^^^^^^^^
  File "/Users/rejeanzapanta/Downloads/OptiSync/ml-service/venv/lib/python3.11/site-packages/starlette/responses.py", line 199, in render
    return json.dumps(
           ^^^^^^^^^^^
  File "/opt/homebrew/Cellar/python@3.11/3.11.15/Frameworks/Python.framework/Versions/3.11/lib/python3.11/json/__init__.py", line 238, in dumps
    **kw).encode(obj)
          ^^^^^^^^^^^
  File "/opt/homebrew/Cellar/python@3.11/3.11.15/Frameworks/Python.framework/Versions/3.11/lib/python3.11/json/encoder.py", line 200, in encode
    chunks = self.iterencode(o, _one_shot=True)
             ^^^^^^^^^^^^^^^^^^^^^^^^^^^^^^^^^^
  File "/opt/homebrew/Cellar/python@3.11/3.11.15/Frameworks/Python.framework/Versions/3.11/lib/python3.11/json/encoder.py", line 258, in iterencode
    return _iterencode(o, 0)
           ^^^^^^^^^^^^^^^^^
ValueError: Out of range float values are not JSON compliant
INFO:     127.0.0.1:55097 - "OPTIONS /api/forecast/demand HTTP/1.1" 200 OK
INFO:app:==================================================
INFO:app:REQUEST [20260318021313465766] - New forecast request received
INFO:app:Total transactions: 19
INFO:app:Total products: 22
INFO:app:Completed transactions: 19
INFO:app:First transaction date: 2026-03-17 17:50:15.825000+00:00
INFO:app:Last transaction date: 2026-03-14 12:00:34.203000+00:00
INFO:app:Date range: 3 days
INFO:app:Converting to DataFrames...
INFO:app:DataFrame shapes: transactions=(19, 4), products=(22, 7)
INFO:app:Calling generate_ensemble_forecast...
INFO:models.forecast:==================================================
INFO:models.forecast:ENTERING generate_ensemble_forecast
INFO:models.forecast:transactions_df shape: (19, 4)
INFO:models.forecast:products_df shape: (22, 7)
INFO:models.forecast:forecast_months: 3
INFO:models.forecast:Transaction date range: 2026-03-14 12:00:34.203000+00:00 to 2026-03-17 17:50:15.825000+00:00
INFO:models.forecast:Total sales: 142925.0
INFO:models.forecast:Number of unique dates: 19
INFO:models.forecast:Starting Prophet task...
INFO:models.forecast:Starting XGBoost task...
INFO:models.forecast:Waiting for model tasks to complete...
INFO:models.forecast:Prophet: Starting training...
INFO:models.forecast:XGBoost: Starting training...
WARNING:models.utils:Limited data: only 3 days (recommended 30+)
WARNING:models.utils:Limited data: only 3 days (recommended 30+)
INFO:models.utils:Prepared time series with 4 days of data
INFO:models.utils:Prepared time series with 4 days of data
INFO:models.prophet_model:Data points: 4
WARNING:models.xgboost_model:Very limited training data: 1 rows
INFO:models.xgboost_model:Training data: 4 rows
INFO:models.xgboost_model:Training XGBoost model...
INFO:models.xgboost_model:XGBoost model trained successfully with 4 rows
INFO:models.forecast:XGBoost: Training complete
/Users/rejeanzapanta/Downloads/OptiSync/ml-service/venv/lib/python3.11/site-packages/sklearn/base.py:432: UserWarning: X has feature names, but StandardScaler was fitted without feature names
  warnings.warn(
/Users/rejeanzapanta/Downloads/OptiSync/ml-service/venv/lib/python3.11/site-packages/sklearn/utils/validation.py:767: FutureWarning: is_sparse is deprecated and will be removed in a future version. Check `isinstance(dtype, pd.SparseDtype)` instead.
  if not hasattr(array, "sparse") and array.dtypes.apply(is_sparse).any():
/Users/rejeanzapanta/Downloads/OptiSync/ml-service/venv/lib/python3.11/site-packages/sklearn/utils/validation.py:605: FutureWarning: is_sparse is deprecated and will be removed in a future version. Check `isinstance(dtype, pd.SparseDtype)` instead.
  if is_sparse(pd_dtype):
/Users/rejeanzapanta/Downloads/OptiSync/ml-service/venv/lib/python3.11/site-packages/sklearn/utils/validation.py:614: FutureWarning: is_sparse is deprecated and will be removed in a future version. Check `isinstance(dtype, pd.SparseDtype)` instead.
  if is_sparse(pd_dtype) or not is_extension_array_dtype(pd_dtype):
INFO:models.xgboost_model:Generated XGBoost forecast for 90 days
INFO:models.forecast:XGBoost: Forecast generated with shape (90, 5)
INFO:models.prophet_model:Training Prophet model...
INFO:prophet:n_changepoints greater than number of observations. Using 2.
DEBUG:cmdstanpy:input tempfile: /var/folders/18/11jzyg511q797ytnd5bh2rm00000gn/T/tmpe6e0tlxd/2sb3rh43.json
DEBUG:cmdstanpy:input tempfile: /var/folders/18/11jzyg511q797ytnd5bh2rm00000gn/T/tmpe6e0tlxd/ap3a67x1.json
DEBUG:cmdstanpy:idx 0
DEBUG:cmdstanpy:running CmdStan, num_threads: None
DEBUG:cmdstanpy:CmdStan args: ['/Users/rejeanzapanta/Downloads/OptiSync/ml-service/venv/lib/python3.11/site-packages/prophet/stan_model/prophet_model.bin', 'random', 'seed=13532', 'data', 'file=/var/folders/18/11jzyg511q797ytnd5bh2rm00000gn/T/tmpe6e0tlxd/2sb3rh43.json', 'init=/var/folders/18/11jzyg511q797ytnd5bh2rm00000gn/T/tmpe6e0tlxd/ap3a67x1.json', 'output', 'file=/var/folders/18/11jzyg511q797ytnd5bh2rm00000gn/T/tmpe6e0tlxd/prophet_modeldbx3z2wx/prophet_model-20260318021313.csv', 'method=optimize', 'algorithm=newton', 'iter=10000']
02:13:13 - cmdstanpy - INFO - Chain [1] start processing
INFO:cmdstanpy:Chain [1] start processing
02:13:13 - cmdstanpy - INFO - Chain [1] done processing
INFO:cmdstanpy:Chain [1] done processing
INFO:models.prophet_model:Prophet model trained successfully with 4 data points
INFO:models.forecast:Prophet: Training complete
INFO:models.prophet_model:Generated forecast for 90 days
INFO:models.forecast:Prophet: Forecast generated with shape (94, 5)
INFO:models.forecast:Prophet success: True
INFO:models.forecast:XGBoost success: True
INFO:models.forecast:Creating ensemble forecast...
INFO:models.forecast:Creating ensemble forecast...
INFO:models.forecast:Ensemble forecast created with 184 rows
INFO:models.forecast:Formatted forecast with 9 data points
INFO:models.forecast:Generating recommendations...
INFO:models.forecast:Generated 2 recommendations
INFO:models.forecast:Calculating metrics...
INFO:models.forecast:Model used: ensemble
INFO:models.forecast:Confidence: 90.0
INFO:models.forecast:==================================================
INFO:app:Forecast generated. Model used: ensemble
INFO:app:REQUEST [20260318021313465766] - COMPLETED
INFO:app:==================================================
INFO:     127.0.0.1:55097 - "POST /api/forecast/demand HTTP/1.1" 500 Internal Server Error
ERROR:    Exception in ASGI application
Traceback (most recent call last):
  File "/Users/rejeanzapanta/Downloads/OptiSync/ml-service/venv/lib/python3.11/site-packages/uvicorn/protocols/http/httptools_impl.py", line 426, in run_asgi
    result = await app(  # type: ignore[func-returns-value]
             ^^^^^^^^^^^^^^^^^^^^^^^^^^^^^^^^^^^^^^^^^^^^^^
  File "/Users/rejeanzapanta/Downloads/OptiSync/ml-service/venv/lib/python3.11/site-packages/uvicorn/middleware/proxy_headers.py", line 84, in __call__
    return await self.app(scope, receive, send)
           ^^^^^^^^^^^^^^^^^^^^^^^^^^^^^^^^^^^^
  File "/Users/rejeanzapanta/Downloads/OptiSync/ml-service/venv/lib/python3.11/site-packages/fastapi/applications.py", line 1106, in __call__
    await super().__call__(scope, receive, send)
  File "/Users/rejeanzapanta/Downloads/OptiSync/ml-service/venv/lib/python3.11/site-packages/starlette/applications.py", line 122, in __call__
    await self.middleware_stack(scope, receive, send)
  File "/Users/rejeanzapanta/Downloads/OptiSync/ml-service/venv/lib/python3.11/site-packages/starlette/middleware/errors.py", line 184, in __call__
    raise exc
  File "/Users/rejeanzapanta/Downloads/OptiSync/ml-service/venv/lib/python3.11/site-packages/starlette/middleware/errors.py", line 162, in __call__
    await self.app(scope, receive, _send)
  File "/Users/rejeanzapanta/Downloads/OptiSync/ml-service/venv/lib/python3.11/site-packages/starlette/middleware/cors.py", line 91, in __call__
    await self.simple_response(scope, receive, send, request_headers=headers)
  File "/Users/rejeanzapanta/Downloads/OptiSync/ml-service/venv/lib/python3.11/site-packages/starlette/middleware/cors.py", line 146, in simple_response
    await self.app(scope, receive, send)
  File "/Users/rejeanzapanta/Downloads/OptiSync/ml-service/venv/lib/python3.11/site-packages/starlette/middleware/exceptions.py", line 79, in __call__
    raise exc
  File "/Users/rejeanzapanta/Downloads/OptiSync/ml-service/venv/lib/python3.11/site-packages/starlette/middleware/exceptions.py", line 68, in __call__
    await self.app(scope, receive, sender)
  File "/Users/rejeanzapanta/Downloads/OptiSync/ml-service/venv/lib/python3.11/site-packages/fastapi/middleware/asyncexitstack.py", line 20, in __call__
    raise e
  File "/Users/rejeanzapanta/Downloads/OptiSync/ml-service/venv/lib/python3.11/site-packages/fastapi/middleware/asyncexitstack.py", line 17, in __call__
    await self.app(scope, receive, send)
  File "/Users/rejeanzapanta/Downloads/OptiSync/ml-service/venv/lib/python3.11/site-packages/starlette/routing.py", line 718, in __call__
    await route.handle(scope, receive, send)
  File "/Users/rejeanzapanta/Downloads/OptiSync/ml-service/venv/lib/python3.11/site-packages/starlette/routing.py", line 276, in handle
    await self.app(scope, receive, send)
  File "/Users/rejeanzapanta/Downloads/OptiSync/ml-service/venv/lib/python3.11/site-packages/starlette/routing.py", line 66, in app
    response = await func(request)
               ^^^^^^^^^^^^^^^^^^^
  File "/Users/rejeanzapanta/Downloads/OptiSync/ml-service/venv/lib/python3.11/site-packages/fastapi/routing.py", line 303, in app
    response = actual_response_class(content, **response_args)
               ^^^^^^^^^^^^^^^^^^^^^^^^^^^^^^^^^^^^^^^^^^^^^^^
  File "/Users/rejeanzapanta/Downloads/OptiSync/ml-service/venv/lib/python3.11/site-packages/starlette/responses.py", line 196, in __init__
    super().__init__(content, status_code, headers, media_type, background)
  File "/Users/rejeanzapanta/Downloads/OptiSync/ml-service/venv/lib/python3.11/site-packages/starlette/responses.py", line 55, in __init__
    self.body = self.render(content)
                ^^^^^^^^^^^^^^^^^^^^
  File "/Users/rejeanzapanta/Downloads/OptiSync/ml-service/venv/lib/python3.11/site-packages/starlette/responses.py", line 199, in render
    return json.dumps(
           ^^^^^^^^^^^
  File "/opt/homebrew/Cellar/python@3.11/3.11.15/Frameworks/Python.framework/Versions/3.11/lib/python3.11/json/__init__.py", line 238, in dumps
    **kw).encode(obj)
          ^^^^^^^^^^^
  File "/opt/homebrew/Cellar/python@3.11/3.11.15/Frameworks/Python.framework/Versions/3.11/lib/python3.11/json/encoder.py", line 200, in encode
    chunks = self.iterencode(o, _one_shot=True)
             ^^^^^^^^^^^^^^^^^^^^^^^^^^^^^^^^^^
  File "/opt/homebrew/Cellar/python@3.11/3.11.15/Frameworks/Python.framework/Versions/3.11/lib/python3.11/json/encoder.py", line 258, in iterencode
    return _iterencode(o, 0)
           ^^^^^^^^^^^^^^^^^
ValueError: Out of range float values are not JSON compliant
INFO:app:==================================================
INFO:app:REQUEST [20260318021327424906] - New forecast request received
INFO:app:Total transactions: 19
INFO:app:Total products: 22
INFO:app:Completed transactions: 19
INFO:app:First transaction date: 2026-03-17 17:50:15.825000+00:00
INFO:app:Last transaction date: 2026-03-14 12:00:34.203000+00:00
INFO:app:Date range: 3 days
INFO:app:Converting to DataFrames...
INFO:app:DataFrame shapes: transactions=(19, 4), products=(22, 7)
INFO:app:Calling generate_ensemble_forecast...
INFO:models.forecast:==================================================
INFO:models.forecast:ENTERING generate_ensemble_forecast
INFO:models.forecast:transactions_df shape: (19, 4)
INFO:models.forecast:products_df shape: (22, 7)
INFO:models.forecast:forecast_months: 3
INFO:models.forecast:Transaction date range: 2026-03-14 12:00:34.203000+00:00 to 2026-03-17 17:50:15.825000+00:00
INFO:models.forecast:Total sales: 142925.0
INFO:models.forecast:Number of unique dates: 19
INFO:models.forecast:Starting Prophet task...
INFO:models.forecast:Starting XGBoost task...
INFO:models.forecast:Waiting for model tasks to complete...
INFO:models.forecast:Prophet: Starting training...
INFO:models.forecast:XGBoost: Starting training...
WARNING:models.utils:Limited data: only 3 days (recommended 30+)
WARNING:models.utils:Limited data: only 3 days (recommended 30+)
INFO:models.utils:Prepared time series with 4 days of data
INFO:models.utils:Prepared time series with 4 days of data
INFO:models.prophet_model:Data points: 4
WARNING:models.xgboost_model:Very limited training data: 1 rows
INFO:models.xgboost_model:Training data: 4 rows
INFO:models.xgboost_model:Training XGBoost model...
INFO:models.xgboost_model:XGBoost model trained successfully with 4 rows
INFO:models.forecast:XGBoost: Training complete
/Users/rejeanzapanta/Downloads/OptiSync/ml-service/venv/lib/python3.11/site-packages/sklearn/base.py:432: UserWarning: X has feature names, but StandardScaler was fitted without feature names
  warnings.warn(
/Users/rejeanzapanta/Downloads/OptiSync/ml-service/venv/lib/python3.11/site-packages/sklearn/utils/validation.py:767: FutureWarning: is_sparse is deprecated and will be removed in a future version. Check `isinstance(dtype, pd.SparseDtype)` instead.
  if not hasattr(array, "sparse") and array.dtypes.apply(is_sparse).any():
/Users/rejeanzapanta/Downloads/OptiSync/ml-service/venv/lib/python3.11/site-packages/sklearn/utils/validation.py:605: FutureWarning: is_sparse is deprecated and will be removed in a future version. Check `isinstance(dtype, pd.SparseDtype)` instead.
  if is_sparse(pd_dtype):
/Users/rejeanzapanta/Downloads/OptiSync/ml-service/venv/lib/python3.11/site-packages/sklearn/utils/validation.py:614: FutureWarning: is_sparse is deprecated and will be removed in a future version. Check `isinstance(dtype, pd.SparseDtype)` instead.
  if is_sparse(pd_dtype) or not is_extension_array_dtype(pd_dtype):
INFO:models.xgboost_model:Generated XGBoost forecast for 90 days
INFO:models.forecast:XGBoost: Forecast generated with shape (90, 5)
INFO:models.prophet_model:Training Prophet model...
INFO:prophet:n_changepoints greater than number of observations. Using 2.
DEBUG:cmdstanpy:input tempfile: /var/folders/18/11jzyg511q797ytnd5bh2rm00000gn/T/tmpe6e0tlxd/ycihgf40.json
DEBUG:cmdstanpy:input tempfile: /var/folders/18/11jzyg511q797ytnd5bh2rm00000gn/T/tmpe6e0tlxd/4qxwzxyl.json
DEBUG:cmdstanpy:idx 0
DEBUG:cmdstanpy:running CmdStan, num_threads: None
DEBUG:cmdstanpy:CmdStan args: ['/Users/rejeanzapanta/Downloads/OptiSync/ml-service/venv/lib/python3.11/site-packages/prophet/stan_model/prophet_model.bin', 'random', 'seed=35632', 'data', 'file=/var/folders/18/11jzyg511q797ytnd5bh2rm00000gn/T/tmpe6e0tlxd/ycihgf40.json', 'init=/var/folders/18/11jzyg511q797ytnd5bh2rm00000gn/T/tmpe6e0tlxd/4qxwzxyl.json', 'output', 'file=/var/folders/18/11jzyg511q797ytnd5bh2rm00000gn/T/tmpe6e0tlxd/prophet_model2v9u1u2c/prophet_model-20260318021327.csv', 'method=optimize', 'algorithm=newton', 'iter=10000']
02:13:27 - cmdstanpy - INFO - Chain [1] start processing
INFO:cmdstanpy:Chain [1] start processing
02:13:27 - cmdstanpy - INFO - Chain [1] done processing
INFO:cmdstanpy:Chain [1] done processing
INFO:models.prophet_model:Prophet model trained successfully with 4 data points
INFO:models.forecast:Prophet: Training complete
INFO:models.prophet_model:Generated forecast for 90 days
INFO:models.forecast:Prophet: Forecast generated with shape (94, 5)
INFO:models.forecast:Prophet success: True
INFO:models.forecast:XGBoost success: True
INFO:models.forecast:Creating ensemble forecast...
INFO:models.forecast:Creating ensemble forecast...
INFO:models.forecast:Ensemble forecast created with 184 rows
INFO:models.forecast:Formatted forecast with 9 data points
INFO:models.forecast:Generating recommendations...
INFO:models.forecast:Generated 2 recommendations
INFO:models.forecast:Calculating metrics...
INFO:models.forecast:Model used: ensemble
INFO:models.forecast:Confidence: 90.0
INFO:models.forecast:==================================================
INFO:app:Forecast generated. Model used: ensemble
INFO:app:REQUEST [20260318021327424906] - COMPLETED
INFO:app:==================================================
INFO:     127.0.0.1:55105 - "POST /api/forecast/demand HTTP/1.1" 500 Internal Server Error
ERROR:    Exception in ASGI application
Traceback (most recent call last):
  File "/Users/rejeanzapanta/Downloads/OptiSync/ml-service/venv/lib/python3.11/site-packages/uvicorn/protocols/http/httptools_impl.py", line 426, in run_asgi
    result = await app(  # type: ignore[func-returns-value]
             ^^^^^^^^^^^^^^^^^^^^^^^^^^^^^^^^^^^^^^^^^^^^^^
  File "/Users/rejeanzapanta/Downloads/OptiSync/ml-service/venv/lib/python3.11/site-packages/uvicorn/middleware/proxy_headers.py", line 84, in __call__
    return await self.app(scope, receive, send)
           ^^^^^^^^^^^^^^^^^^^^^^^^^^^^^^^^^^^^
  File "/Users/rejeanzapanta/Downloads/OptiSync/ml-service/venv/lib/python3.11/site-packages/fastapi/applications.py", line 1106, in __call__
    await super().__call__(scope, receive, send)
  File "/Users/rejeanzapanta/Downloads/OptiSync/ml-service/venv/lib/python3.11/site-packages/starlette/applications.py", line 122, in __call__
    await self.middleware_stack(scope, receive, send)
  File "/Users/rejeanzapanta/Downloads/OptiSync/ml-service/venv/lib/python3.11/site-packages/starlette/middleware/errors.py", line 184, in __call__
    raise exc
  File "/Users/rejeanzapanta/Downloads/OptiSync/ml-service/venv/lib/python3.11/site-packages/starlette/middleware/errors.py", line 162, in __call__
    await self.app(scope, receive, _send)
  File "/Users/rejeanzapanta/Downloads/OptiSync/ml-service/venv/lib/python3.11/site-packages/starlette/middleware/cors.py", line 91, in __call__
    await self.simple_response(scope, receive, send, request_headers=headers)
  File "/Users/rejeanzapanta/Downloads/OptiSync/ml-service/venv/lib/python3.11/site-packages/starlette/middleware/cors.py", line 146, in simple_response
    await self.app(scope, receive, send)
  File "/Users/rejeanzapanta/Downloads/OptiSync/ml-service/venv/lib/python3.11/site-packages/starlette/middleware/exceptions.py", line 79, in __call__
    raise exc
  File "/Users/rejeanzapanta/Downloads/OptiSync/ml-service/venv/lib/python3.11/site-packages/starlette/middleware/exceptions.py", line 68, in __call__
    await self.app(scope, receive, sender)
  File "/Users/rejeanzapanta/Downloads/OptiSync/ml-service/venv/lib/python3.11/site-packages/fastapi/middleware/asyncexitstack.py", line 20, in __call__
    raise e
  File "/Users/rejeanzapanta/Downloads/OptiSync/ml-service/venv/lib/python3.11/site-packages/fastapi/middleware/asyncexitstack.py", line 17, in __call__
    await self.app(scope, receive, send)
  File "/Users/rejeanzapanta/Downloads/OptiSync/ml-service/venv/lib/python3.11/site-packages/starlette/routing.py", line 718, in __call__
    await route.handle(scope, receive, send)
  File "/Users/rejeanzapanta/Downloads/OptiSync/ml-service/venv/lib/python3.11/site-packages/starlette/routing.py", line 276, in handle
    await self.app(scope, receive, send)
  File "/Users/rejeanzapanta/Downloads/OptiSync/ml-service/venv/lib/python3.11/site-packages/starlette/routing.py", line 66, in app
    response = await func(request)
               ^^^^^^^^^^^^^^^^^^^
  File "/Users/rejeanzapanta/Downloads/OptiSync/ml-service/venv/lib/python3.11/site-packages/fastapi/routing.py", line 303, in app
    response = actual_response_class(content, **response_args)
               ^^^^^^^^^^^^^^^^^^^^^^^^^^^^^^^^^^^^^^^^^^^^^^^
  File "/Users/rejeanzapanta/Downloads/OptiSync/ml-service/venv/lib/python3.11/site-packages/starlette/responses.py", line 196, in __init__
    super().__init__(content, status_code, headers, media_type, background)
  File "/Users/rejeanzapanta/Downloads/OptiSync/ml-service/venv/lib/python3.11/site-packages/starlette/responses.py", line 55, in __init__
    self.body = self.render(content)
                ^^^^^^^^^^^^^^^^^^^^
  File "/Users/rejeanzapanta/Downloads/OptiSync/ml-service/venv/lib/python3.11/site-packages/starlette/responses.py", line 199, in render
    return json.dumps(
           ^^^^^^^^^^^
  File "/opt/homebrew/Cellar/python@3.11/3.11.15/Frameworks/Python.framework/Versions/3.11/lib/python3.11/json/__init__.py", line 238, in dumps
    **kw).encode(obj)
          ^^^^^^^^^^^
  File "/opt/homebrew/Cellar/python@3.11/3.11.15/Frameworks/Python.framework/Versions/3.11/lib/python3.11/json/encoder.py", line 200, in encode
    chunks = self.iterencode(o, _one_shot=True)
             ^^^^^^^^^^^^^^^^^^^^^^^^^^^^^^^^^^
  File "/opt/homebrew/Cellar/python@3.11/3.11.15/Frameworks/Python.framework/Versions/3.11/lib/python3.11/json/encoder.py", line 258, in iterencode
    return _iterencode(o, 0)
           ^^^^^^^^^^^^^^^^^
ValueError: Out of range float values are not JSON compliant
INFO:app:==================================================
INFO:app:REQUEST [20260318021344706312] - New forecast request received
INFO:app:Total transactions: 19
INFO:app:Total products: 22
INFO:app:Completed transactions: 19
INFO:app:First transaction date: 2026-03-17 17:50:15.825000+00:00
INFO:app:Last transaction date: 2026-03-14 12:00:34.203000+00:00
INFO:app:Date range: 3 days
INFO:app:Converting to DataFrames...
INFO:app:DataFrame shapes: transactions=(19, 4), products=(22, 7)
INFO:app:Calling generate_ensemble_forecast...
INFO:models.forecast:==================================================
INFO:models.forecast:ENTERING generate_ensemble_forecast
INFO:models.forecast:transactions_df shape: (19, 4)
INFO:models.forecast:products_df shape: (22, 7)
INFO:models.forecast:forecast_months: 3
INFO:models.forecast:Transaction date range: 2026-03-14 12:00:34.203000+00:00 to 2026-03-17 17:50:15.825000+00:00
INFO:models.forecast:Total sales: 142925.0
INFO:models.forecast:Number of unique dates: 19
INFO:models.forecast:Starting Prophet task...
INFO:models.forecast:Starting XGBoost task...
INFO:models.forecast:Waiting for model tasks to complete...
INFO:models.forecast:Prophet: Starting training...
INFO:models.forecast:XGBoost: Starting training...
WARNING:models.utils:Limited data: only 3 days (recommended 30+)
WARNING:models.utils:Limited data: only 3 days (recommended 30+)
INFO:models.utils:Prepared time series with 4 days of data
INFO:models.utils:Prepared time series with 4 days of data
INFO:models.prophet_model:Data points: 4
WARNING:models.xgboost_model:Very limited training data: 1 rows
INFO:models.xgboost_model:Training data: 4 rows
INFO:models.xgboost_model:Training XGBoost model...
INFO:models.xgboost_model:XGBoost model trained successfully with 4 rows
INFO:models.forecast:XGBoost: Training complete
/Users/rejeanzapanta/Downloads/OptiSync/ml-service/venv/lib/python3.11/site-packages/sklearn/base.py:432: UserWarning: X has feature names, but StandardScaler was fitted without feature names
  warnings.warn(
/Users/rejeanzapanta/Downloads/OptiSync/ml-service/venv/lib/python3.11/site-packages/sklearn/utils/validation.py:767: FutureWarning: is_sparse is deprecated and will be removed in a future version. Check `isinstance(dtype, pd.SparseDtype)` instead.
  if not hasattr(array, "sparse") and array.dtypes.apply(is_sparse).any():
/Users/rejeanzapanta/Downloads/OptiSync/ml-service/venv/lib/python3.11/site-packages/sklearn/utils/validation.py:605: FutureWarning: is_sparse is deprecated and will be removed in a future version. Check `isinstance(dtype, pd.SparseDtype)` instead.
  if is_sparse(pd_dtype):
/Users/rejeanzapanta/Downloads/OptiSync/ml-service/venv/lib/python3.11/site-packages/sklearn/utils/validation.py:614: FutureWarning: is_sparse is deprecated and will be removed in a future version. Check `isinstance(dtype, pd.SparseDtype)` instead.
  if is_sparse(pd_dtype) or not is_extension_array_dtype(pd_dtype):
INFO:models.xgboost_model:Generated XGBoost forecast for 90 days
INFO:models.forecast:XGBoost: Forecast generated with shape (90, 5)
INFO:models.prophet_model:Training Prophet model...
INFO:prophet:n_changepoints greater than number of observations. Using 2.
DEBUG:cmdstanpy:input tempfile: /var/folders/18/11jzyg511q797ytnd5bh2rm00000gn/T/tmpe6e0tlxd/dl8hw3lp.json
DEBUG:cmdstanpy:input tempfile: /var/folders/18/11jzyg511q797ytnd5bh2rm00000gn/T/tmpe6e0tlxd/t8u5aunz.json
DEBUG:cmdstanpy:idx 0
DEBUG:cmdstanpy:running CmdStan, num_threads: None
DEBUG:cmdstanpy:CmdStan args: ['/Users/rejeanzapanta/Downloads/OptiSync/ml-service/venv/lib/python3.11/site-packages/prophet/stan_model/prophet_model.bin', 'random', 'seed=64909', 'data', 'file=/var/folders/18/11jzyg511q797ytnd5bh2rm00000gn/T/tmpe6e0tlxd/dl8hw3lp.json', 'init=/var/folders/18/11jzyg511q797ytnd5bh2rm00000gn/T/tmpe6e0tlxd/t8u5aunz.json', 'output', 'file=/var/folders/18/11jzyg511q797ytnd5bh2rm00000gn/T/tmpe6e0tlxd/prophet_model4xgpia4v/prophet_model-20260318021344.csv', 'method=optimize', 'algorithm=newton', 'iter=10000']
02:13:44 - cmdstanpy - INFO - Chain [1] start processing
INFO:cmdstanpy:Chain [1] start processing
02:13:44 - cmdstanpy - INFO - Chain [1] done processing
INFO:cmdstanpy:Chain [1] done processing
INFO:models.prophet_model:Prophet model trained successfully with 4 data points
INFO:models.forecast:Prophet: Training complete
INFO:models.prophet_model:Generated forecast for 90 days
INFO:models.forecast:Prophet: Forecast generated with shape (94, 5)
INFO:models.forecast:Prophet success: True
INFO:models.forecast:XGBoost success: True
INFO:models.forecast:Creating ensemble forecast...
INFO:models.forecast:Creating ensemble forecast...
INFO:models.forecast:Ensemble forecast created with 184 rows
INFO:models.forecast:Formatted forecast with 9 data points
INFO:models.forecast:Generating recommendations...
INFO:models.forecast:Generated 2 recommendations
INFO:models.forecast:Calculating metrics...
INFO:models.forecast:Model used: ensemble
INFO:models.forecast:Confidence: 90.0
INFO:models.forecast:==================================================
INFO:app:Forecast generated. Model used: ensemble
INFO:app:REQUEST [20260318021344706312] - COMPLETED
INFO:app:==================================================
INFO:     127.0.0.1:55112 - "POST /api/forecast/demand HTTP/1.1" 500 Internal Server Error
ERROR:    Exception in ASGI application
Traceback (most recent call last):
  File "/Users/rejeanzapanta/Downloads/OptiSync/ml-service/venv/lib/python3.11/site-packages/uvicorn/protocols/http/httptools_impl.py", line 426, in run_asgi
    result = await app(  # type: ignore[func-returns-value]
             ^^^^^^^^^^^^^^^^^^^^^^^^^^^^^^^^^^^^^^^^^^^^^^
  File "/Users/rejeanzapanta/Downloads/OptiSync/ml-service/venv/lib/python3.11/site-packages/uvicorn/middleware/proxy_headers.py", line 84, in __call__
    return await self.app(scope, receive, send)
           ^^^^^^^^^^^^^^^^^^^^^^^^^^^^^^^^^^^^
  File "/Users/rejeanzapanta/Downloads/OptiSync/ml-service/venv/lib/python3.11/site-packages/fastapi/applications.py", line 1106, in __call__
    await super().__call__(scope, receive, send)
  File "/Users/rejeanzapanta/Downloads/OptiSync/ml-service/venv/lib/python3.11/site-packages/starlette/applications.py", line 122, in __call__
    await self.middleware_stack(scope, receive, send)
  File "/Users/rejeanzapanta/Downloads/OptiSync/ml-service/venv/lib/python3.11/site-packages/starlette/middleware/errors.py", line 184, in __call__
    raise exc
  File "/Users/rejeanzapanta/Downloads/OptiSync/ml-service/venv/lib/python3.11/site-packages/starlette/middleware/errors.py", line 162, in __call__
    await self.app(scope, receive, _send)
  File "/Users/rejeanzapanta/Downloads/OptiSync/ml-service/venv/lib/python3.11/site-packages/starlette/middleware/cors.py", line 91, in __call__
    await self.simple_response(scope, receive, send, request_headers=headers)
  File "/Users/rejeanzapanta/Downloads/OptiSync/ml-service/venv/lib/python3.11/site-packages/starlette/middleware/cors.py", line 146, in simple_response
    await self.app(scope, receive, send)
  File "/Users/rejeanzapanta/Downloads/OptiSync/ml-service/venv/lib/python3.11/site-packages/starlette/middleware/exceptions.py", line 79, in __call__
    raise exc
  File "/Users/rejeanzapanta/Downloads/OptiSync/ml-service/venv/lib/python3.11/site-packages/starlette/middleware/exceptions.py", line 68, in __call__
    await self.app(scope, receive, sender)
  File "/Users/rejeanzapanta/Downloads/OptiSync/ml-service/venv/lib/python3.11/site-packages/fastapi/middleware/asyncexitstack.py", line 20, in __call__
    raise e
  File "/Users/rejeanzapanta/Downloads/OptiSync/ml-service/venv/lib/python3.11/site-packages/fastapi/middleware/asyncexitstack.py", line 17, in __call__
    await self.app(scope, receive, send)
  File "/Users/rejeanzapanta/Downloads/OptiSync/ml-service/venv/lib/python3.11/site-packages/starlette/routing.py", line 718, in __call__
    await route.handle(scope, receive, send)
  File "/Users/rejeanzapanta/Downloads/OptiSync/ml-service/venv/lib/python3.11/site-packages/starlette/routing.py", line 276, in handle
    await self.app(scope, receive, send)
  File "/Users/rejeanzapanta/Downloads/OptiSync/ml-service/venv/lib/python3.11/site-packages/starlette/routing.py", line 66, in app
    response = await func(request)
               ^^^^^^^^^^^^^^^^^^^
  File "/Users/rejeanzapanta/Downloads/OptiSync/ml-service/venv/lib/python3.11/site-packages/fastapi/routing.py", line 303, in app
    response = actual_response_class(content, **response_args)
               ^^^^^^^^^^^^^^^^^^^^^^^^^^^^^^^^^^^^^^^^^^^^^^^
  File "/Users/rejeanzapanta/Downloads/OptiSync/ml-service/venv/lib/python3.11/site-packages/starlette/responses.py", line 196, in __init__
    super().__init__(content, status_code, headers, media_type, background)
  File "/Users/rejeanzapanta/Downloads/OptiSync/ml-service/venv/lib/python3.11/site-packages/starlette/responses.py", line 55, in __init__
    self.body = self.render(content)
                ^^^^^^^^^^^^^^^^^^^^
  File "/Users/rejeanzapanta/Downloads/OptiSync/ml-service/venv/lib/python3.11/site-packages/starlette/responses.py", line 199, in render
    return json.dumps(
           ^^^^^^^^^^^
  File "/opt/homebrew/Cellar/python@3.11/3.11.15/Frameworks/Python.framework/Versions/3.11/lib/python3.11/json/__init__.py", line 238, in dumps
    **kw).encode(obj)
          ^^^^^^^^^^^
  File "/opt/homebrew/Cellar/python@3.11/3.11.15/Frameworks/Python.framework/Versions/3.11/lib/python3.11/json/encoder.py", line 200, in encode
    chunks = self.iterencode(o, _one_shot=True)
             ^^^^^^^^^^^^^^^^^^^^^^^^^^^^^^^^^^
  File "/opt/homebrew/Cellar/python@3.11/3.11.15/Frameworks/Python.framework/Versions/3.11/lib/python3.11/json/encoder.py", line 258, in iterencode
    return _iterencode(o, 0)
           ^^^^^^^^^^^^^^^^^
ValueError: Out of range float values are not JSON compliant
INFO:app:==================================================
INFO:app:REQUEST [20260318021346300510] - New forecast request received
INFO:app:Total transactions: 19
INFO:app:Total products: 22
INFO:app:Completed transactions: 19
INFO:app:First transaction date: 2026-03-17 17:50:15.825000+00:00
INFO:app:Last transaction date: 2026-03-14 12:00:34.203000+00:00
INFO:app:Date range: 3 days
INFO:app:Converting to DataFrames...
INFO:app:DataFrame shapes: transactions=(19, 4), products=(22, 7)
INFO:app:Calling generate_ensemble_forecast...
INFO:models.forecast:==================================================
INFO:models.forecast:ENTERING generate_ensemble_forecast
INFO:models.forecast:transactions_df shape: (19, 4)
INFO:models.forecast:products_df shape: (22, 7)
INFO:models.forecast:forecast_months: 3
INFO:models.forecast:Transaction date range: 2026-03-14 12:00:34.203000+00:00 to 2026-03-17 17:50:15.825000+00:00
INFO:models.forecast:Total sales: 142925.0
INFO:models.forecast:Number of unique dates: 19
INFO:models.forecast:Starting Prophet task...
INFO:models.forecast:Starting XGBoost task...
INFO:models.forecast:Waiting for model tasks to complete...
INFO:models.forecast:Prophet: Starting training...
INFO:models.forecast:XGBoost: Starting training...
WARNING:models.utils:Limited data: only 3 days (recommended 30+)
WARNING:models.utils:Limited data: only 3 days (recommended 30+)
INFO:models.utils:Prepared time series with 4 days of data
INFO:models.utils:Prepared time series with 4 days of data
INFO:models.prophet_model:Data points: 4
WARNING:models.xgboost_model:Very limited training data: 1 rows
INFO:models.xgboost_model:Training data: 4 rows
INFO:models.xgboost_model:Training XGBoost model...
INFO:models.xgboost_model:XGBoost model trained successfully with 4 rows
INFO:models.forecast:XGBoost: Training complete
/Users/rejeanzapanta/Downloads/OptiSync/ml-service/venv/lib/python3.11/site-packages/sklearn/base.py:432: UserWarning: X has feature names, but StandardScaler was fitted without feature names
  warnings.warn(
/Users/rejeanzapanta/Downloads/OptiSync/ml-service/venv/lib/python3.11/site-packages/sklearn/utils/validation.py:767: FutureWarning: is_sparse is deprecated and will be removed in a future version. Check `isinstance(dtype, pd.SparseDtype)` instead.
  if not hasattr(array, "sparse") and array.dtypes.apply(is_sparse).any():
/Users/rejeanzapanta/Downloads/OptiSync/ml-service/venv/lib/python3.11/site-packages/sklearn/utils/validation.py:605: FutureWarning: is_sparse is deprecated and will be removed in a future version. Check `isinstance(dtype, pd.SparseDtype)` instead.
  if is_sparse(pd_dtype):
/Users/rejeanzapanta/Downloads/OptiSync/ml-service/venv/lib/python3.11/site-packages/sklearn/utils/validation.py:614: FutureWarning: is_sparse is deprecated and will be removed in a future version. Check `isinstance(dtype, pd.SparseDtype)` instead.
  if is_sparse(pd_dtype) or not is_extension_array_dtype(pd_dtype):
INFO:models.xgboost_model:Generated XGBoost forecast for 90 days
INFO:models.forecast:XGBoost: Forecast generated with shape (90, 5)
INFO:models.prophet_model:Training Prophet model...
INFO:prophet:n_changepoints greater than number of observations. Using 2.
DEBUG:cmdstanpy:input tempfile: /var/folders/18/11jzyg511q797ytnd5bh2rm00000gn/T/tmpe6e0tlxd/lo_wk24o.json
DEBUG:cmdstanpy:input tempfile: /var/folders/18/11jzyg511q797ytnd5bh2rm00000gn/T/tmpe6e0tlxd/9q9vpkme.json
DEBUG:cmdstanpy:idx 0
DEBUG:cmdstanpy:running CmdStan, num_threads: None
DEBUG:cmdstanpy:CmdStan args: ['/Users/rejeanzapanta/Downloads/OptiSync/ml-service/venv/lib/python3.11/site-packages/prophet/stan_model/prophet_model.bin', 'random', 'seed=34261', 'data', 'file=/var/folders/18/11jzyg511q797ytnd5bh2rm00000gn/T/tmpe6e0tlxd/lo_wk24o.json', 'init=/var/folders/18/11jzyg511q797ytnd5bh2rm00000gn/T/tmpe6e0tlxd/9q9vpkme.json', 'output', 'file=/var/folders/18/11jzyg511q797ytnd5bh2rm00000gn/T/tmpe6e0tlxd/prophet_modelgkonlxjd/prophet_model-20260318021346.csv', 'method=optimize', 'algorithm=newton', 'iter=10000']
02:13:46 - cmdstanpy - INFO - Chain [1] start processing
INFO:cmdstanpy:Chain [1] start processing
02:13:46 - cmdstanpy - INFO - Chain [1] done processing
INFO:cmdstanpy:Chain [1] done processing
INFO:models.prophet_model:Prophet model trained successfully with 4 data points
INFO:models.forecast:Prophet: Training complete
INFO:models.prophet_model:Generated forecast for 90 days
INFO:models.forecast:Prophet: Forecast generated with shape (94, 5)
INFO:models.forecast:Prophet success: True
INFO:models.forecast:XGBoost success: True
INFO:models.forecast:Creating ensemble forecast...
INFO:models.forecast:Creating ensemble forecast...
INFO:models.forecast:Ensemble forecast created with 184 rows
INFO:models.forecast:Formatted forecast with 9 data points
INFO:models.forecast:Generating recommendations...
INFO:models.forecast:Generated 2 recommendations
INFO:models.forecast:Calculating metrics...
INFO:models.forecast:Model used: ensemble
INFO:models.forecast:Confidence: 90.0
INFO:models.forecast:==================================================
INFO:app:Forecast generated. Model used: ensemble
INFO:app:REQUEST [20260318021346300510] - COMPLETED
INFO:app:==================================================
INFO:     127.0.0.1:55114 - "POST /api/forecast/demand HTTP/1.1" 500 Internal Server Error
ERROR:    Exception in ASGI application
Traceback (most recent call last):
  File "/Users/rejeanzapanta/Downloads/OptiSync/ml-service/venv/lib/python3.11/site-packages/uvicorn/protocols/http/httptools_impl.py", line 426, in run_asgi
    result = await app(  # type: ignore[func-returns-value]
             ^^^^^^^^^^^^^^^^^^^^^^^^^^^^^^^^^^^^^^^^^^^^^^
  File "/Users/rejeanzapanta/Downloads/OptiSync/ml-service/venv/lib/python3.11/site-packages/uvicorn/middleware/proxy_headers.py", line 84, in __call__
    return await self.app(scope, receive, send)
           ^^^^^^^^^^^^^^^^^^^^^^^^^^^^^^^^^^^^
  File "/Users/rejeanzapanta/Downloads/OptiSync/ml-service/venv/lib/python3.11/site-packages/fastapi/applications.py", line 1106, in __call__
    await super().__call__(scope, receive, send)
  File "/Users/rejeanzapanta/Downloads/OptiSync/ml-service/venv/lib/python3.11/site-packages/starlette/applications.py", line 122, in __call__
    await self.middleware_stack(scope, receive, send)
  File "/Users/rejeanzapanta/Downloads/OptiSync/ml-service/venv/lib/python3.11/site-packages/starlette/middleware/errors.py", line 184, in __call__
    raise exc
  File "/Users/rejeanzapanta/Downloads/OptiSync/ml-service/venv/lib/python3.11/site-packages/starlette/middleware/errors.py", line 162, in __call__
    await self.app(scope, receive, _send)
  File "/Users/rejeanzapanta/Downloads/OptiSync/ml-service/venv/lib/python3.11/site-packages/starlette/middleware/cors.py", line 91, in __call__
    await self.simple_response(scope, receive, send, request_headers=headers)
  File "/Users/rejeanzapanta/Downloads/OptiSync/ml-service/venv/lib/python3.11/site-packages/starlette/middleware/cors.py", line 146, in simple_response
    await self.app(scope, receive, send)
  File "/Users/rejeanzapanta/Downloads/OptiSync/ml-service/venv/lib/python3.11/site-packages/starlette/middleware/exceptions.py", line 79, in __call__
    raise exc
  File "/Users/rejeanzapanta/Downloads/OptiSync/ml-service/venv/lib/python3.11/site-packages/starlette/middleware/exceptions.py", line 68, in __call__
    await self.app(scope, receive, sender)
  File "/Users/rejeanzapanta/Downloads/OptiSync/ml-service/venv/lib/python3.11/site-packages/fastapi/middleware/asyncexitstack.py", line 20, in __call__
    raise e
  File "/Users/rejeanzapanta/Downloads/OptiSync/ml-service/venv/lib/python3.11/site-packages/fastapi/middleware/asyncexitstack.py", line 17, in __call__
    await self.app(scope, receive, send)
  File "/Users/rejeanzapanta/Downloads/OptiSync/ml-service/venv/lib/python3.11/site-packages/starlette/routing.py", line 718, in __call__
    await route.handle(scope, receive, send)
  File "/Users/rejeanzapanta/Downloads/OptiSync/ml-service/venv/lib/python3.11/site-packages/starlette/routing.py", line 276, in handle
    await self.app(scope, receive, send)
  File "/Users/rejeanzapanta/Downloads/OptiSync/ml-service/venv/lib/python3.11/site-packages/starlette/routing.py", line 66, in app
    response = await func(request)
               ^^^^^^^^^^^^^^^^^^^
  File "/Users/rejeanzapanta/Downloads/OptiSync/ml-service/venv/lib/python3.11/site-packages/fastapi/routing.py", line 303, in app
    response = actual_response_class(content, **response_args)
               ^^^^^^^^^^^^^^^^^^^^^^^^^^^^^^^^^^^^^^^^^^^^^^^
  File "/Users/rejeanzapanta/Downloads/OptiSync/ml-service/venv/lib/python3.11/site-packages/starlette/responses.py", line 196, in __init__
    super().__init__(content, status_code, headers, media_type, background)
  File "/Users/rejeanzapanta/Downloads/OptiSync/ml-service/venv/lib/python3.11/site-packages/starlette/responses.py", line 55, in __init__
    self.body = self.render(content)
                ^^^^^^^^^^^^^^^^^^^^
  File "/Users/rejeanzapanta/Downloads/OptiSync/ml-service/venv/lib/python3.11/site-packages/starlette/responses.py", line 199, in render
    return json.dumps(
           ^^^^^^^^^^^
  File "/opt/homebrew/Cellar/python@3.11/3.11.15/Frameworks/Python.framework/Versions/3.11/lib/python3.11/json/__init__.py", line 238, in dumps
    **kw).encode(obj)
          ^^^^^^^^^^^
  File "/opt/homebrew/Cellar/python@3.11/3.11.15/Frameworks/Python.framework/Versions/3.11/lib/python3.11/json/encoder.py", line 200, in encode
    chunks = self.iterencode(o, _one_shot=True)
             ^^^^^^^^^^^^^^^^^^^^^^^^^^^^^^^^^^
  File "/opt/homebrew/Cellar/python@3.11/3.11.15/Frameworks/Python.framework/Versions/3.11/lib/python3.11/json/encoder.py", line 258, in iterencode
    return _iterencode(o, 0)
           ^^^^^^^^^^^^^^^^^
ValueError: Out of range float values are not JSON compliant
INFO:app:==================================================
INFO:app:REQUEST [20260318021404122131] - New forecast request received
INFO:app:Total transactions: 19
INFO:app:Total products: 22
INFO:app:Completed transactions: 19
INFO:app:First transaction date: 2026-03-17 17:50:15.825000+00:00
INFO:app:Last transaction date: 2026-03-14 12:00:34.203000+00:00
INFO:app:Date range: 3 days
INFO:app:Converting to DataFrames...
INFO:app:DataFrame shapes: transactions=(19, 4), products=(22, 7)
INFO:app:Calling generate_ensemble_forecast...
INFO:models.forecast:==================================================
INFO:models.forecast:ENTERING generate_ensemble_forecast
INFO:models.forecast:transactions_df shape: (19, 4)
INFO:models.forecast:products_df shape: (22, 7)
INFO:models.forecast:forecast_months: 3
INFO:models.forecast:Transaction date range: 2026-03-14 12:00:34.203000+00:00 to 2026-03-17 17:50:15.825000+00:00
INFO:models.forecast:Total sales: 142925.0
INFO:models.forecast:Number of unique dates: 19
INFO:models.forecast:Starting Prophet task...
INFO:models.forecast:Starting XGBoost task...
INFO:models.forecast:Waiting for model tasks to complete...
INFO:models.forecast:Prophet: Starting training...
WARNING:models.utils:Limited data: only 3 days (recommended 30+)
INFO:models.utils:Prepared time series with 4 days of data
INFO:models.forecast:XGBoost: Starting training...
INFO:models.prophet_model:Data points: 4
WARNING:models.utils:Limited data: only 3 days (recommended 30+)
INFO:models.utils:Prepared time series with 4 days of data
WARNING:models.xgboost_model:Very limited training data: 1 rows
INFO:models.xgboost_model:Training data: 4 rows
INFO:models.xgboost_model:Training XGBoost model...
INFO:models.xgboost_model:XGBoost model trained successfully with 4 rows
INFO:models.forecast:XGBoost: Training complete
/Users/rejeanzapanta/Downloads/OptiSync/ml-service/venv/lib/python3.11/site-packages/sklearn/base.py:432: UserWarning: X has feature names, but StandardScaler was fitted without feature names
  warnings.warn(
/Users/rejeanzapanta/Downloads/OptiSync/ml-service/venv/lib/python3.11/site-packages/sklearn/utils/validation.py:767: FutureWarning: is_sparse is deprecated and will be removed in a future version. Check `isinstance(dtype, pd.SparseDtype)` instead.
  if not hasattr(array, "sparse") and array.dtypes.apply(is_sparse).any():
/Users/rejeanzapanta/Downloads/OptiSync/ml-service/venv/lib/python3.11/site-packages/sklearn/utils/validation.py:605: FutureWarning: is_sparse is deprecated and will be removed in a future version. Check `isinstance(dtype, pd.SparseDtype)` instead.
  if is_sparse(pd_dtype):
/Users/rejeanzapanta/Downloads/OptiSync/ml-service/venv/lib/python3.11/site-packages/sklearn/utils/validation.py:614: FutureWarning: is_sparse is deprecated and will be removed in a future version. Check `isinstance(dtype, pd.SparseDtype)` instead.
  if is_sparse(pd_dtype) or not is_extension_array_dtype(pd_dtype):
INFO:models.xgboost_model:Generated XGBoost forecast for 90 days
INFO:models.forecast:XGBoost: Forecast generated with shape (90, 5)
INFO:models.prophet_model:Training Prophet model...
INFO:prophet:n_changepoints greater than number of observations. Using 2.
DEBUG:cmdstanpy:input tempfile: /var/folders/18/11jzyg511q797ytnd5bh2rm00000gn/T/tmpe6e0tlxd/ubbswiz0.json
DEBUG:cmdstanpy:input tempfile: /var/folders/18/11jzyg511q797ytnd5bh2rm00000gn/T/tmpe6e0tlxd/8mgtn1r5.json
DEBUG:cmdstanpy:idx 0
DEBUG:cmdstanpy:running CmdStan, num_threads: None
DEBUG:cmdstanpy:CmdStan args: ['/Users/rejeanzapanta/Downloads/OptiSync/ml-service/venv/lib/python3.11/site-packages/prophet/stan_model/prophet_model.bin', 'random', 'seed=99072', 'data', 'file=/var/folders/18/11jzyg511q797ytnd5bh2rm00000gn/T/tmpe6e0tlxd/ubbswiz0.json', 'init=/var/folders/18/11jzyg511q797ytnd5bh2rm00000gn/T/tmpe6e0tlxd/8mgtn1r5.json', 'output', 'file=/var/folders/18/11jzyg511q797ytnd5bh2rm00000gn/T/tmpe6e0tlxd/prophet_modele9ml6_h6/prophet_model-20260318021404.csv', 'method=optimize', 'algorithm=newton', 'iter=10000']
02:14:04 - cmdstanpy - INFO - Chain [1] start processing
INFO:cmdstanpy:Chain [1] start processing
02:14:04 - cmdstanpy - INFO - Chain [1] done processing
INFO:cmdstanpy:Chain [1] done processing
INFO:models.prophet_model:Prophet model trained successfully with 4 data points
INFO:models.forecast:Prophet: Training complete
INFO:models.prophet_model:Generated forecast for 90 days
INFO:models.forecast:Prophet: Forecast generated with shape (94, 5)
INFO:models.forecast:Prophet success: True
INFO:models.forecast:XGBoost success: True
INFO:models.forecast:Creating ensemble forecast...
INFO:models.forecast:Creating ensemble forecast...
INFO:models.forecast:Ensemble forecast created with 184 rows
INFO:models.forecast:Formatted forecast with 9 data points
INFO:models.forecast:Generating recommendations...
INFO:models.forecast:Generated 2 recommendations
INFO:models.forecast:Calculating metrics...
INFO:models.forecast:Model used: ensemble
INFO:models.forecast:Confidence: 90.0
INFO:models.forecast:==================================================
INFO:app:Forecast generated. Model used: ensemble
INFO:app:REQUEST [20260318021404122131] - COMPLETED
INFO:app:==================================================
INFO:     127.0.0.1:55118 - "POST /api/forecast/demand HTTP/1.1" 500 Internal Server Error
ERROR:    Exception in ASGI application
Traceback (most recent call last):
  File "/Users/rejeanzapanta/Downloads/OptiSync/ml-service/venv/lib/python3.11/site-packages/uvicorn/protocols/http/httptools_impl.py", line 426, in run_asgi
    result = await app(  # type: ignore[func-returns-value]
             ^^^^^^^^^^^^^^^^^^^^^^^^^^^^^^^^^^^^^^^^^^^^^^
  File "/Users/rejeanzapanta/Downloads/OptiSync/ml-service/venv/lib/python3.11/site-packages/uvicorn/middleware/proxy_headers.py", line 84, in __call__
    return await self.app(scope, receive, send)
           ^^^^^^^^^^^^^^^^^^^^^^^^^^^^^^^^^^^^
  File "/Users/rejeanzapanta/Downloads/OptiSync/ml-service/venv/lib/python3.11/site-packages/fastapi/applications.py", line 1106, in __call__
    await super().__call__(scope, receive, send)
  File "/Users/rejeanzapanta/Downloads/OptiSync/ml-service/venv/lib/python3.11/site-packages/starlette/applications.py", line 122, in __call__
    await self.middleware_stack(scope, receive, send)
  File "/Users/rejeanzapanta/Downloads/OptiSync/ml-service/venv/lib/python3.11/site-packages/starlette/middleware/errors.py", line 184, in __call__
    raise exc
  File "/Users/rejeanzapanta/Downloads/OptiSync/ml-service/venv/lib/python3.11/site-packages/starlette/middleware/errors.py", line 162, in __call__
    await self.app(scope, receive, _send)
  File "/Users/rejeanzapanta/Downloads/OptiSync/ml-service/venv/lib/python3.11/site-packages/starlette/middleware/cors.py", line 91, in __call__
    await self.simple_response(scope, receive, send, request_headers=headers)
  File "/Users/rejeanzapanta/Downloads/OptiSync/ml-service/venv/lib/python3.11/site-packages/starlette/middleware/cors.py", line 146, in simple_response
    await self.app(scope, receive, send)
  File "/Users/rejeanzapanta/Downloads/OptiSync/ml-service/venv/lib/python3.11/site-packages/starlette/middleware/exceptions.py", line 79, in __call__
    raise exc
  File "/Users/rejeanzapanta/Downloads/OptiSync/ml-service/venv/lib/python3.11/site-packages/starlette/middleware/exceptions.py", line 68, in __call__
    await self.app(scope, receive, sender)
  File "/Users/rejeanzapanta/Downloads/OptiSync/ml-service/venv/lib/python3.11/site-packages/fastapi/middleware/asyncexitstack.py", line 20, in __call__
    raise e
  File "/Users/rejeanzapanta/Downloads/OptiSync/ml-service/venv/lib/python3.11/site-packages/fastapi/middleware/asyncexitstack.py", line 17, in __call__
    await self.app(scope, receive, send)
  File "/Users/rejeanzapanta/Downloads/OptiSync/ml-service/venv/lib/python3.11/site-packages/starlette/routing.py", line 718, in __call__
    await route.handle(scope, receive, send)
  File "/Users/rejeanzapanta/Downloads/OptiSync/ml-service/venv/lib/python3.11/site-packages/starlette/routing.py", line 276, in handle
    await self.app(scope, receive, send)
  File "/Users/rejeanzapanta/Downloads/OptiSync/ml-service/venv/lib/python3.11/site-packages/starlette/routing.py", line 66, in app
    response = await func(request)
               ^^^^^^^^^^^^^^^^^^^
  File "/Users/rejeanzapanta/Downloads/OptiSync/ml-service/venv/lib/python3.11/site-packages/fastapi/routing.py", line 303, in app
    response = actual_response_class(content, **response_args)
               ^^^^^^^^^^^^^^^^^^^^^^^^^^^^^^^^^^^^^^^^^^^^^^^
  File "/Users/rejeanzapanta/Downloads/OptiSync/ml-service/venv/lib/python3.11/site-packages/starlette/responses.py", line 196, in __init__
    super().__init__(content, status_code, headers, media_type, background)
  File "/Users/rejeanzapanta/Downloads/OptiSync/ml-service/venv/lib/python3.11/site-packages/starlette/responses.py", line 55, in __init__
    self.body = self.render(content)
                ^^^^^^^^^^^^^^^^^^^^
  File "/Users/rejeanzapanta/Downloads/OptiSync/ml-service/venv/lib/python3.11/site-packages/starlette/responses.py", line 199, in render
    return json.dumps(
           ^^^^^^^^^^^
  File "/opt/homebrew/Cellar/python@3.11/3.11.15/Frameworks/Python.framework/Versions/3.11/lib/python3.11/json/__init__.py", line 238, in dumps
    **kw).encode(obj)
          ^^^^^^^^^^^
  File "/opt/homebrew/Cellar/python@3.11/3.11.15/Frameworks/Python.framework/Versions/3.11/lib/python3.11/json/encoder.py", line 200, in encode
    chunks = self.iterencode(o, _one_shot=True)
             ^^^^^^^^^^^^^^^^^^^^^^^^^^^^^^^^^^
  File "/opt/homebrew/Cellar/python@3.11/3.11.15/Frameworks/Python.framework/Versions/3.11/lib/python3.11/json/encoder.py", line 258, in iterencode
    return _iterencode(o, 0)
           ^^^^^^^^^^^^^^^^^
ValueError: Out of range float values are not JSON compliant
INFO:app:==================================================
INFO:app:REQUEST [20260318021410208245] - New forecast request received
INFO:app:Total transactions: 19
INFO:app:Total products: 22
INFO:app:Completed transactions: 19
INFO:app:First transaction date: 2026-03-17 17:50:15.825000+00:00
INFO:app:Last transaction date: 2026-03-14 12:00:34.203000+00:00
INFO:app:Date range: 3 days
INFO:app:Converting to DataFrames...
INFO:app:DataFrame shapes: transactions=(19, 4), products=(22, 7)
INFO:app:Calling generate_ensemble_forecast...
INFO:models.forecast:==================================================
INFO:models.forecast:ENTERING generate_ensemble_forecast
INFO:models.forecast:transactions_df shape: (19, 4)
INFO:models.forecast:products_df shape: (22, 7)
INFO:models.forecast:forecast_months: 3
INFO:models.forecast:Transaction date range: 2026-03-14 12:00:34.203000+00:00 to 2026-03-17 17:50:15.825000+00:00
INFO:models.forecast:Total sales: 142925.0
INFO:models.forecast:Number of unique dates: 19
INFO:models.forecast:Starting Prophet task...
INFO:models.forecast:Starting XGBoost task...
INFO:models.forecast:Waiting for model tasks to complete...
INFO:models.forecast:Prophet: Starting training...
INFO:models.forecast:XGBoost: Starting training...
WARNING:models.utils:Limited data: only 3 days (recommended 30+)
WARNING:models.utils:Limited data: only 3 days (recommended 30+)
INFO:models.utils:Prepared time series with 4 days of data
INFO:models.utils:Prepared time series with 4 days of data
INFO:models.prophet_model:Data points: 4
WARNING:models.xgboost_model:Very limited training data: 1 rows
INFO:models.xgboost_model:Training data: 4 rows
INFO:models.xgboost_model:Training XGBoost model...
INFO:models.xgboost_model:XGBoost model trained successfully with 4 rows
INFO:models.forecast:XGBoost: Training complete
/Users/rejeanzapanta/Downloads/OptiSync/ml-service/venv/lib/python3.11/site-packages/sklearn/base.py:432: UserWarning: X has feature names, but StandardScaler was fitted without feature names
  warnings.warn(
/Users/rejeanzapanta/Downloads/OptiSync/ml-service/venv/lib/python3.11/site-packages/sklearn/utils/validation.py:767: FutureWarning: is_sparse is deprecated and will be removed in a future version. Check `isinstance(dtype, pd.SparseDtype)` instead.
  if not hasattr(array, "sparse") and array.dtypes.apply(is_sparse).any():
/Users/rejeanzapanta/Downloads/OptiSync/ml-service/venv/lib/python3.11/site-packages/sklearn/utils/validation.py:605: FutureWarning: is_sparse is deprecated and will be removed in a future version. Check `isinstance(dtype, pd.SparseDtype)` instead.
  if is_sparse(pd_dtype):
/Users/rejeanzapanta/Downloads/OptiSync/ml-service/venv/lib/python3.11/site-packages/sklearn/utils/validation.py:614: FutureWarning: is_sparse is deprecated and will be removed in a future version. Check `isinstance(dtype, pd.SparseDtype)` instead.
  if is_sparse(pd_dtype) or not is_extension_array_dtype(pd_dtype):
INFO:models.xgboost_model:Generated XGBoost forecast for 90 days
INFO:models.forecast:XGBoost: Forecast generated with shape (90, 5)
INFO:models.prophet_model:Training Prophet model...
INFO:prophet:n_changepoints greater than number of observations. Using 2.
DEBUG:cmdstanpy:input tempfile: /var/folders/18/11jzyg511q797ytnd5bh2rm00000gn/T/tmpe6e0tlxd/o_7ton1d.json
DEBUG:cmdstanpy:input tempfile: /var/folders/18/11jzyg511q797ytnd5bh2rm00000gn/T/tmpe6e0tlxd/7tpcbuzw.json
DEBUG:cmdstanpy:idx 0
DEBUG:cmdstanpy:running CmdStan, num_threads: None
DEBUG:cmdstanpy:CmdStan args: ['/Users/rejeanzapanta/Downloads/OptiSync/ml-service/venv/lib/python3.11/site-packages/prophet/stan_model/prophet_model.bin', 'random', 'seed=61393', 'data', 'file=/var/folders/18/11jzyg511q797ytnd5bh2rm00000gn/T/tmpe6e0tlxd/o_7ton1d.json', 'init=/var/folders/18/11jzyg511q797ytnd5bh2rm00000gn/T/tmpe6e0tlxd/7tpcbuzw.json', 'output', 'file=/var/folders/18/11jzyg511q797ytnd5bh2rm00000gn/T/tmpe6e0tlxd/prophet_modelcms6kphm/prophet_model-20260318021410.csv', 'method=optimize', 'algorithm=newton', 'iter=10000']
02:14:10 - cmdstanpy - INFO - Chain [1] start processing
INFO:cmdstanpy:Chain [1] start processing
02:14:10 - cmdstanpy - INFO - Chain [1] done processing
INFO:cmdstanpy:Chain [1] done processing
INFO:models.prophet_model:Prophet model trained successfully with 4 data points
INFO:models.forecast:Prophet: Training complete
INFO:models.prophet_model:Generated forecast for 90 days
INFO:models.forecast:Prophet: Forecast generated with shape (94, 5)
INFO:models.forecast:Prophet success: True
INFO:models.forecast:XGBoost success: True
INFO:models.forecast:Creating ensemble forecast...
INFO:models.forecast:Creating ensemble forecast...
INFO:models.forecast:Ensemble forecast created with 184 rows
INFO:models.forecast:Formatted forecast with 9 data points
INFO:models.forecast:Generating recommendations...
INFO:models.forecast:Generated 2 recommendations
INFO:models.forecast:Calculating metrics...
INFO:models.forecast:Model used: ensemble
INFO:models.forecast:Confidence: 90.0
INFO:models.forecast:==================================================
INFO:app:Forecast generated. Model used: ensemble
INFO:app:REQUEST [20260318021410208245] - COMPLETED
INFO:app:==================================================
INFO:     127.0.0.1:55125 - "POST /api/forecast/demand HTTP/1.1" 500 Internal Server Error
ERROR:    Exception in ASGI application
Traceback (most recent call last):
  File "/Users/rejeanzapanta/Downloads/OptiSync/ml-service/venv/lib/python3.11/site-packages/uvicorn/protocols/http/httptools_impl.py", line 426, in run_asgi
    result = await app(  # type: ignore[func-returns-value]
             ^^^^^^^^^^^^^^^^^^^^^^^^^^^^^^^^^^^^^^^^^^^^^^
  File "/Users/rejeanzapanta/Downloads/OptiSync/ml-service/venv/lib/python3.11/site-packages/uvicorn/middleware/proxy_headers.py", line 84, in __call__
    return await self.app(scope, receive, send)
           ^^^^^^^^^^^^^^^^^^^^^^^^^^^^^^^^^^^^
  File "/Users/rejeanzapanta/Downloads/OptiSync/ml-service/venv/lib/python3.11/site-packages/fastapi/applications.py", line 1106, in __call__
    await super().__call__(scope, receive, send)
  File "/Users/rejeanzapanta/Downloads/OptiSync/ml-service/venv/lib/python3.11/site-packages/starlette/applications.py", line 122, in __call__
    await self.middleware_stack(scope, receive, send)
  File "/Users/rejeanzapanta/Downloads/OptiSync/ml-service/venv/lib/python3.11/site-packages/starlette/middleware/errors.py", line 184, in __call__
    raise exc
  File "/Users/rejeanzapanta/Downloads/OptiSync/ml-service/venv/lib/python3.11/site-packages/starlette/middleware/errors.py", line 162, in __call__
    await self.app(scope, receive, _send)
  File "/Users/rejeanzapanta/Downloads/OptiSync/ml-service/venv/lib/python3.11/site-packages/starlette/middleware/cors.py", line 91, in __call__
    await self.simple_response(scope, receive, send, request_headers=headers)
  File "/Users/rejeanzapanta/Downloads/OptiSync/ml-service/venv/lib/python3.11/site-packages/starlette/middleware/cors.py", line 146, in simple_response
    await self.app(scope, receive, send)
  File "/Users/rejeanzapanta/Downloads/OptiSync/ml-service/venv/lib/python3.11/site-packages/starlette/middleware/exceptions.py", line 79, in __call__
    raise exc
  File "/Users/rejeanzapanta/Downloads/OptiSync/ml-service/venv/lib/python3.11/site-packages/starlette/middleware/exceptions.py", line 68, in __call__
    await self.app(scope, receive, sender)
  File "/Users/rejeanzapanta/Downloads/OptiSync/ml-service/venv/lib/python3.11/site-packages/fastapi/middleware/asyncexitstack.py", line 20, in __call__
    raise e
  File "/Users/rejeanzapanta/Downloads/OptiSync/ml-service/venv/lib/python3.11/site-packages/fastapi/middleware/asyncexitstack.py", line 17, in __call__
    await self.app(scope, receive, send)
  File "/Users/rejeanzapanta/Downloads/OptiSync/ml-service/venv/lib/python3.11/site-packages/starlette/routing.py", line 718, in __call__
    await route.handle(scope, receive, send)
  File "/Users/rejeanzapanta/Downloads/OptiSync/ml-service/venv/lib/python3.11/site-packages/starlette/routing.py", line 276, in handle
    await self.app(scope, receive, send)
  File "/Users/rejeanzapanta/Downloads/OptiSync/ml-service/venv/lib/python3.11/site-packages/starlette/routing.py", line 66, in app
    response = await func(request)
               ^^^^^^^^^^^^^^^^^^^
  File "/Users/rejeanzapanta/Downloads/OptiSync/ml-service/venv/lib/python3.11/site-packages/fastapi/routing.py", line 303, in app
    response = actual_response_class(content, **response_args)
               ^^^^^^^^^^^^^^^^^^^^^^^^^^^^^^^^^^^^^^^^^^^^^^^
  File "/Users/rejeanzapanta/Downloads/OptiSync/ml-service/venv/lib/python3.11/site-packages/starlette/responses.py", line 196, in __init__
    super().__init__(content, status_code, headers, media_type, background)
  File "/Users/rejeanzapanta/Downloads/OptiSync/ml-service/venv/lib/python3.11/site-packages/starlette/responses.py", line 55, in __init__
    self.body = self.render(content)
                ^^^^^^^^^^^^^^^^^^^^
  File "/Users/rejeanzapanta/Downloads/OptiSync/ml-service/venv/lib/python3.11/site-packages/starlette/responses.py", line 199, in render
    return json.dumps(
           ^^^^^^^^^^^
  File "/opt/homebrew/Cellar/python@3.11/3.11.15/Frameworks/Python.framework/Versions/3.11/lib/python3.11/json/__init__.py", line 238, in dumps
    **kw).encode(obj)
          ^^^^^^^^^^^
  File "/opt/homebrew/Cellar/python@3.11/3.11.15/Frameworks/Python.framework/Versions/3.11/lib/python3.11/json/encoder.py", line 200, in encode
    chunks = self.iterencode(o, _one_shot=True)
             ^^^^^^^^^^^^^^^^^^^^^^^^^^^^^^^^^^
  File "/opt/homebrew/Cellar/python@3.11/3.11.15/Frameworks/Python.framework/Versions/3.11/lib/python3.11/json/encoder.py", line 258, in iterencode
    return _iterencode(o, 0)
           ^^^^^^^^^^^^^^^^^
ValueError: Out of range float values are not JSON compliant
INFO:app:==================================================
INFO:app:REQUEST [20260318021420044919] - New forecast request received
INFO:app:Total transactions: 19
INFO:app:Total products: 22
INFO:app:Completed transactions: 19
INFO:app:First transaction date: 2026-03-17 17:50:15.825000+00:00
INFO:app:Last transaction date: 2026-03-14 12:00:34.203000+00:00
INFO:app:Date range: 3 days
INFO:app:Converting to DataFrames...
INFO:app:DataFrame shapes: transactions=(19, 4), products=(22, 7)
INFO:app:Calling generate_ensemble_forecast...
INFO:models.forecast:==================================================
INFO:models.forecast:ENTERING generate_ensemble_forecast
INFO:models.forecast:transactions_df shape: (19, 4)
INFO:models.forecast:products_df shape: (22, 7)
INFO:models.forecast:forecast_months: 3
INFO:models.forecast:Transaction date range: 2026-03-14 12:00:34.203000+00:00 to 2026-03-17 17:50:15.825000+00:00
INFO:models.forecast:Total sales: 142925.0
INFO:models.forecast:Number of unique dates: 19
INFO:models.forecast:Starting Prophet task...
INFO:models.forecast:Starting XGBoost task...
INFO:models.forecast:Waiting for model tasks to complete...
INFO:models.forecast:Prophet: Starting training...
INFO:models.forecast:XGBoost: Starting training...
WARNING:models.utils:Limited data: only 3 days (recommended 30+)
WARNING:models.utils:Limited data: only 3 days (recommended 30+)
INFO:models.utils:Prepared time series with 4 days of data
INFO:models.utils:Prepared time series with 4 days of data
INFO:models.prophet_model:Data points: 4
WARNING:models.xgboost_model:Very limited training data: 1 rows
INFO:models.xgboost_model:Training data: 4 rows
INFO:models.xgboost_model:Training XGBoost model...
INFO:models.xgboost_model:XGBoost model trained successfully with 4 rows
INFO:models.forecast:XGBoost: Training complete
/Users/rejeanzapanta/Downloads/OptiSync/ml-service/venv/lib/python3.11/site-packages/sklearn/base.py:432: UserWarning: X has feature names, but StandardScaler was fitted without feature names
  warnings.warn(
/Users/rejeanzapanta/Downloads/OptiSync/ml-service/venv/lib/python3.11/site-packages/sklearn/utils/validation.py:767: FutureWarning: is_sparse is deprecated and will be removed in a future version. Check `isinstance(dtype, pd.SparseDtype)` instead.
  if not hasattr(array, "sparse") and array.dtypes.apply(is_sparse).any():
/Users/rejeanzapanta/Downloads/OptiSync/ml-service/venv/lib/python3.11/site-packages/sklearn/utils/validation.py:605: FutureWarning: is_sparse is deprecated and will be removed in a future version. Check `isinstance(dtype, pd.SparseDtype)` instead.
  if is_sparse(pd_dtype):
/Users/rejeanzapanta/Downloads/OptiSync/ml-service/venv/lib/python3.11/site-packages/sklearn/utils/validation.py:614: FutureWarning: is_sparse is deprecated and will be removed in a future version. Check `isinstance(dtype, pd.SparseDtype)` instead.
  if is_sparse(pd_dtype) or not is_extension_array_dtype(pd_dtype):
INFO:models.xgboost_model:Generated XGBoost forecast for 90 days
INFO:models.forecast:XGBoost: Forecast generated with shape (90, 5)
INFO:models.prophet_model:Training Prophet model...
INFO:prophet:n_changepoints greater than number of observations. Using 2.
DEBUG:cmdstanpy:input tempfile: /var/folders/18/11jzyg511q797ytnd5bh2rm00000gn/T/tmpe6e0tlxd/rklboeg0.json
DEBUG:cmdstanpy:input tempfile: /var/folders/18/11jzyg511q797ytnd5bh2rm00000gn/T/tmpe6e0tlxd/d6btvd67.json
DEBUG:cmdstanpy:idx 0
DEBUG:cmdstanpy:running CmdStan, num_threads: None
DEBUG:cmdstanpy:CmdStan args: ['/Users/rejeanzapanta/Downloads/OptiSync/ml-service/venv/lib/python3.11/site-packages/prophet/stan_model/prophet_model.bin', 'random', 'seed=87131', 'data', 'file=/var/folders/18/11jzyg511q797ytnd5bh2rm00000gn/T/tmpe6e0tlxd/rklboeg0.json', 'init=/var/folders/18/11jzyg511q797ytnd5bh2rm00000gn/T/tmpe6e0tlxd/d6btvd67.json', 'output', 'file=/var/folders/18/11jzyg511q797ytnd5bh2rm00000gn/T/tmpe6e0tlxd/prophet_model4czg7hh3/prophet_model-20260318021420.csv', 'method=optimize', 'algorithm=newton', 'iter=10000']
02:14:20 - cmdstanpy - INFO - Chain [1] start processing
INFO:cmdstanpy:Chain [1] start processing
02:14:20 - cmdstanpy - INFO - Chain [1] done processing
INFO:cmdstanpy:Chain [1] done processing
INFO:models.prophet_model:Prophet model trained successfully with 4 data points
INFO:models.forecast:Prophet: Training complete
INFO:models.prophet_model:Generated forecast for 90 days
INFO:models.forecast:Prophet: Forecast generated with shape (94, 5)
INFO:models.forecast:Prophet success: True
INFO:models.forecast:XGBoost success: True
INFO:models.forecast:Creating ensemble forecast...
INFO:models.forecast:Creating ensemble forecast...
INFO:models.forecast:Ensemble forecast created with 184 rows
INFO:models.forecast:Formatted forecast with 9 data points
INFO:models.forecast:Generating recommendations...
INFO:models.forecast:Generated 2 recommendations
INFO:models.forecast:Calculating metrics...
INFO:models.forecast:Model used: ensemble
INFO:models.forecast:Confidence: 90.0
INFO:models.forecast:==================================================
INFO:app:Forecast generated. Model used: ensemble
INFO:app:REQUEST [20260318021420044919] - COMPLETED
INFO:app:==================================================
INFO:     127.0.0.1:55133 - "POST /api/forecast/demand HTTP/1.1" 500 Internal Server Error
ERROR:    Exception in ASGI application
Traceback (most recent call last):
  File "/Users/rejeanzapanta/Downloads/OptiSync/ml-service/venv/lib/python3.11/site-packages/uvicorn/protocols/http/httptools_impl.py", line 426, in run_asgi
    result = await app(  # type: ignore[func-returns-value]
             ^^^^^^^^^^^^^^^^^^^^^^^^^^^^^^^^^^^^^^^^^^^^^^
  File "/Users/rejeanzapanta/Downloads/OptiSync/ml-service/venv/lib/python3.11/site-packages/uvicorn/middleware/proxy_headers.py", line 84, in __call__
    return await self.app(scope, receive, send)
           ^^^^^^^^^^^^^^^^^^^^^^^^^^^^^^^^^^^^
  File "/Users/rejeanzapanta/Downloads/OptiSync/ml-service/venv/lib/python3.11/site-packages/fastapi/applications.py", line 1106, in __call__
    await super().__call__(scope, receive, send)
  File "/Users/rejeanzapanta/Downloads/OptiSync/ml-service/venv/lib/python3.11/site-packages/starlette/applications.py", line 122, in __call__
    await self.middleware_stack(scope, receive, send)
  File "/Users/rejeanzapanta/Downloads/OptiSync/ml-service/venv/lib/python3.11/site-packages/starlette/middleware/errors.py", line 184, in __call__
    raise exc
  File "/Users/rejeanzapanta/Downloads/OptiSync/ml-service/venv/lib/python3.11/site-packages/starlette/middleware/errors.py", line 162, in __call__
    await self.app(scope, receive, _send)
  File "/Users/rejeanzapanta/Downloads/OptiSync/ml-service/venv/lib/python3.11/site-packages/starlette/middleware/cors.py", line 91, in __call__
    await self.simple_response(scope, receive, send, request_headers=headers)
  File "/Users/rejeanzapanta/Downloads/OptiSync/ml-service/venv/lib/python3.11/site-packages/starlette/middleware/cors.py", line 146, in simple_response
    await self.app(scope, receive, send)
  File "/Users/rejeanzapanta/Downloads/OptiSync/ml-service/venv/lib/python3.11/site-packages/starlette/middleware/exceptions.py", line 79, in __call__
    raise exc
  File "/Users/rejeanzapanta/Downloads/OptiSync/ml-service/venv/lib/python3.11/site-packages/starlette/middleware/exceptions.py", line 68, in __call__
    await self.app(scope, receive, sender)
  File "/Users/rejeanzapanta/Downloads/OptiSync/ml-service/venv/lib/python3.11/site-packages/fastapi/middleware/asyncexitstack.py", line 20, in __call__
    raise e
  File "/Users/rejeanzapanta/Downloads/OptiSync/ml-service/venv/lib/python3.11/site-packages/fastapi/middleware/asyncexitstack.py", line 17, in __call__
    await self.app(scope, receive, send)
  File "/Users/rejeanzapanta/Downloads/OptiSync/ml-service/venv/lib/python3.11/site-packages/starlette/routing.py", line 718, in __call__
    await route.handle(scope, receive, send)
  File "/Users/rejeanzapanta/Downloads/OptiSync/ml-service/venv/lib/python3.11/site-packages/starlette/routing.py", line 276, in handle
    await self.app(scope, receive, send)
  File "/Users/rejeanzapanta/Downloads/OptiSync/ml-service/venv/lib/python3.11/site-packages/starlette/routing.py", line 66, in app
    response = await func(request)
               ^^^^^^^^^^^^^^^^^^^
  File "/Users/rejeanzapanta/Downloads/OptiSync/ml-service/venv/lib/python3.11/site-packages/fastapi/routing.py", line 303, in app
    response = actual_response_class(content, **response_args)
               ^^^^^^^^^^^^^^^^^^^^^^^^^^^^^^^^^^^^^^^^^^^^^^^
  File "/Users/rejeanzapanta/Downloads/OptiSync/ml-service/venv/lib/python3.11/site-packages/starlette/responses.py", line 196, in __init__
    super().__init__(content, status_code, headers, media_type, background)
  File "/Users/rejeanzapanta/Downloads/OptiSync/ml-service/venv/lib/python3.11/site-packages/starlette/responses.py", line 55, in __init__
    self.body = self.render(content)
                ^^^^^^^^^^^^^^^^^^^^
  File "/Users/rejeanzapanta/Downloads/OptiSync/ml-service/venv/lib/python3.11/site-packages/starlette/responses.py", line 199, in render
    return json.dumps(
           ^^^^^^^^^^^
  File "/opt/homebrew/Cellar/python@3.11/3.11.15/Frameworks/Python.framework/Versions/3.11/lib/python3.11/json/__init__.py", line 238, in dumps
    **kw).encode(obj)
          ^^^^^^^^^^^
  File "/opt/homebrew/Cellar/python@3.11/3.11.15/Frameworks/Python.framework/Versions/3.11/lib/python3.11/json/encoder.py", line 200, in encode
    chunks = self.iterencode(o, _one_shot=True)
             ^^^^^^^^^^^^^^^^^^^^^^^^^^^^^^^^^^
  File "/opt/homebrew/Cellar/python@3.11/3.11.15/Frameworks/Python.framework/Versions/3.11/lib/python3.11/json/encoder.py", line 258, in iterencode
    return _iterencode(o, 0)
           ^^^^^^^^^^^^^^^^^
ValueError: Out of range float values are not JSON compliant
INFO:app:==================================================
INFO:app:REQUEST [20260318022209219473] - New forecast request received
INFO:app:Total transactions: 19
INFO:app:Total products: 22
INFO:app:Completed transactions: 19
INFO:app:First transaction date: 2026-03-17 17:50:15.825000+00:00
INFO:app:Last transaction date: 2026-03-14 12:00:34.203000+00:00
INFO:app:Date range: 3 days
INFO:app:Converting to DataFrames...
INFO:app:DataFrame shapes: transactions=(19, 4), products=(22, 7)
INFO:app:Calling generate_ensemble_forecast...
INFO:models.forecast:==================================================
INFO:models.forecast:ENTERING generate_ensemble_forecast
INFO:models.forecast:transactions_df shape: (19, 4)
INFO:models.forecast:products_df shape: (22, 7)
INFO:models.forecast:forecast_months: 3
INFO:models.forecast:Transaction date range: 2026-03-14 12:00:34.203000+00:00 to 2026-03-17 17:50:15.825000+00:00
INFO:models.forecast:Total sales: 142925.0
INFO:models.forecast:Number of unique dates: 19
INFO:models.forecast:Starting Prophet task...
INFO:models.forecast:Starting XGBoost task...
INFO:models.forecast:Waiting for model tasks to complete...
INFO:models.forecast:Prophet: Starting training...
INFO:models.forecast:XGBoost: Starting training...
WARNING:models.utils:Limited data: only 3 days (recommended 30+)
WARNING:models.utils:Limited data: only 3 days (recommended 30+)
INFO:models.utils:Prepared time series with 4 days of data
INFO:models.utils:Prepared time series with 4 days of data
INFO:models.prophet_model:Data points: 4
WARNING:models.xgboost_model:Very limited training data: 1 rows
INFO:models.xgboost_model:Training data: 4 rows
INFO:models.xgboost_model:Training XGBoost model...
INFO:models.xgboost_model:XGBoost model trained successfully with 4 rows
INFO:models.forecast:XGBoost: Training complete
/Users/rejeanzapanta/Downloads/OptiSync/ml-service/venv/lib/python3.11/site-packages/sklearn/base.py:432: UserWarning: X has feature names, but StandardScaler was fitted without feature names
  warnings.warn(
/Users/rejeanzapanta/Downloads/OptiSync/ml-service/venv/lib/python3.11/site-packages/sklearn/utils/validation.py:767: FutureWarning: is_sparse is deprecated and will be removed in a future version. Check `isinstance(dtype, pd.SparseDtype)` instead.
  if not hasattr(array, "sparse") and array.dtypes.apply(is_sparse).any():
/Users/rejeanzapanta/Downloads/OptiSync/ml-service/venv/lib/python3.11/site-packages/sklearn/utils/validation.py:605: FutureWarning: is_sparse is deprecated and will be removed in a future version. Check `isinstance(dtype, pd.SparseDtype)` instead.
  if is_sparse(pd_dtype):
/Users/rejeanzapanta/Downloads/OptiSync/ml-service/venv/lib/python3.11/site-packages/sklearn/utils/validation.py:614: FutureWarning: is_sparse is deprecated and will be removed in a future version. Check `isinstance(dtype, pd.SparseDtype)` instead.
  if is_sparse(pd_dtype) or not is_extension_array_dtype(pd_dtype):
INFO:models.xgboost_model:Generated XGBoost forecast for 90 days
INFO:models.forecast:XGBoost: Forecast generated with shape (90, 5)
INFO:models.prophet_model:Training Prophet model...
INFO:prophet:n_changepoints greater than number of observations. Using 2.
DEBUG:cmdstanpy:input tempfile: /var/folders/18/11jzyg511q797ytnd5bh2rm00000gn/T/tmpe6e0tlxd/6ku8uaa8.json
DEBUG:cmdstanpy:input tempfile: /var/folders/18/11jzyg511q797ytnd5bh2rm00000gn/T/tmpe6e0tlxd/4074foix.json
DEBUG:cmdstanpy:idx 0
DEBUG:cmdstanpy:running CmdStan, num_threads: None
DEBUG:cmdstanpy:CmdStan args: ['/Users/rejeanzapanta/Downloads/OptiSync/ml-service/venv/lib/python3.11/site-packages/prophet/stan_model/prophet_model.bin', 'random', 'seed=3514', 'data', 'file=/var/folders/18/11jzyg511q797ytnd5bh2rm00000gn/T/tmpe6e0tlxd/6ku8uaa8.json', 'init=/var/folders/18/11jzyg511q797ytnd5bh2rm00000gn/T/tmpe6e0tlxd/4074foix.json', 'output', 'file=/var/folders/18/11jzyg511q797ytnd5bh2rm00000gn/T/tmpe6e0tlxd/prophet_model7bvjr943/prophet_model-20260318022209.csv', 'method=optimize', 'algorithm=newton', 'iter=10000']
02:22:09 - cmdstanpy - INFO - Chain [1] start processing
INFO:cmdstanpy:Chain [1] start processing
02:22:09 - cmdstanpy - INFO - Chain [1] done processing
INFO:cmdstanpy:Chain [1] done processing
INFO:models.prophet_model:Prophet model trained successfully with 4 data points
INFO:models.forecast:Prophet: Training complete
INFO:models.prophet_model:Generated forecast for 90 days
INFO:models.forecast:Prophet: Forecast generated with shape (94, 5)
INFO:models.forecast:Prophet success: True
INFO:models.forecast:XGBoost success: True
INFO:models.forecast:Creating ensemble forecast...
INFO:models.forecast:Creating ensemble forecast...
INFO:models.forecast:Ensemble forecast created with 184 rows
INFO:models.forecast:Formatted forecast with 9 data points
INFO:models.forecast:Generating recommendations...
INFO:models.forecast:Generated 2 recommendations
INFO:models.forecast:Calculating metrics...
INFO:models.forecast:Model used: ensemble
INFO:models.forecast:Confidence: 90.0
INFO:models.forecast:==================================================
INFO:app:Forecast generated. Model used: ensemble
INFO:app:REQUEST [20260318022209219473] - COMPLETED
INFO:app:==================================================
INFO:     127.0.0.1:55208 - "POST /api/forecast/demand HTTP/1.1" 500 Internal Server Error
ERROR:    Exception in ASGI application
Traceback (most recent call last):
  File "/Users/rejeanzapanta/Downloads/OptiSync/ml-service/venv/lib/python3.11/site-packages/uvicorn/protocols/http/httptools_impl.py", line 426, in run_asgi
    result = await app(  # type: ignore[func-returns-value]
             ^^^^^^^^^^^^^^^^^^^^^^^^^^^^^^^^^^^^^^^^^^^^^^
  File "/Users/rejeanzapanta/Downloads/OptiSync/ml-service/venv/lib/python3.11/site-packages/uvicorn/middleware/proxy_headers.py", line 84, in __call__
    return await self.app(scope, receive, send)
           ^^^^^^^^^^^^^^^^^^^^^^^^^^^^^^^^^^^^
  File "/Users/rejeanzapanta/Downloads/OptiSync/ml-service/venv/lib/python3.11/site-packages/fastapi/applications.py", line 1106, in __call__
    await super().__call__(scope, receive, send)
  File "/Users/rejeanzapanta/Downloads/OptiSync/ml-service/venv/lib/python3.11/site-packages/starlette/applications.py", line 122, in __call__
    await self.middleware_stack(scope, receive, send)
  File "/Users/rejeanzapanta/Downloads/OptiSync/ml-service/venv/lib/python3.11/site-packages/starlette/middleware/errors.py", line 184, in __call__
    raise exc
  File "/Users/rejeanzapanta/Downloads/OptiSync/ml-service/venv/lib/python3.11/site-packages/starlette/middleware/errors.py", line 162, in __call__
    await self.app(scope, receive, _send)
  File "/Users/rejeanzapanta/Downloads/OptiSync/ml-service/venv/lib/python3.11/site-packages/starlette/middleware/cors.py", line 91, in __call__
    await self.simple_response(scope, receive, send, request_headers=headers)
  File "/Users/rejeanzapanta/Downloads/OptiSync/ml-service/venv/lib/python3.11/site-packages/starlette/middleware/cors.py", line 146, in simple_response
    await self.app(scope, receive, send)
  File "/Users/rejeanzapanta/Downloads/OptiSync/ml-service/venv/lib/python3.11/site-packages/starlette/middleware/exceptions.py", line 79, in __call__
    raise exc
  File "/Users/rejeanzapanta/Downloads/OptiSync/ml-service/venv/lib/python3.11/site-packages/starlette/middleware/exceptions.py", line 68, in __call__
    await self.app(scope, receive, sender)
  File "/Users/rejeanzapanta/Downloads/OptiSync/ml-service/venv/lib/python3.11/site-packages/fastapi/middleware/asyncexitstack.py", line 20, in __call__
    raise e
  File "/Users/rejeanzapanta/Downloads/OptiSync/ml-service/venv/lib/python3.11/site-packages/fastapi/middleware/asyncexitstack.py", line 17, in __call__
    await self.app(scope, receive, send)
  File "/Users/rejeanzapanta/Downloads/OptiSync/ml-service/venv/lib/python3.11/site-packages/starlette/routing.py", line 718, in __call__
    await route.handle(scope, receive, send)
  File "/Users/rejeanzapanta/Downloads/OptiSync/ml-service/venv/lib/python3.11/site-packages/starlette/routing.py", line 276, in handle
    await self.app(scope, receive, send)
  File "/Users/rejeanzapanta/Downloads/OptiSync/ml-service/venv/lib/python3.11/site-packages/starlette/routing.py", line 66, in app
    response = await func(request)
               ^^^^^^^^^^^^^^^^^^^
  File "/Users/rejeanzapanta/Downloads/OptiSync/ml-service/venv/lib/python3.11/site-packages/fastapi/routing.py", line 303, in app
    response = actual_response_class(content, **response_args)
               ^^^^^^^^^^^^^^^^^^^^^^^^^^^^^^^^^^^^^^^^^^^^^^^
  File "/Users/rejeanzapanta/Downloads/OptiSync/ml-service/venv/lib/python3.11/site-packages/starlette/responses.py", line 196, in __init__
    super().__init__(content, status_code, headers, media_type, background)
  File "/Users/rejeanzapanta/Downloads/OptiSync/ml-service/venv/lib/python3.11/site-packages/starlette/responses.py", line 55, in __init__
    self.body = self.render(content)
                ^^^^^^^^^^^^^^^^^^^^
  File "/Users/rejeanzapanta/Downloads/OptiSync/ml-service/venv/lib/python3.11/site-packages/starlette/responses.py", line 199, in render
    return json.dumps(
           ^^^^^^^^^^^
  File "/opt/homebrew/Cellar/python@3.11/3.11.15/Frameworks/Python.framework/Versions/3.11/lib/python3.11/json/__init__.py", line 238, in dumps
    **kw).encode(obj)
          ^^^^^^^^^^^
  File "/opt/homebrew/Cellar/python@3.11/3.11.15/Frameworks/Python.framework/Versions/3.11/lib/python3.11/json/encoder.py", line 200, in encode
    chunks = self.iterencode(o, _one_shot=True)
             ^^^^^^^^^^^^^^^^^^^^^^^^^^^^^^^^^^
  File "/opt/homebrew/Cellar/python@3.11/3.11.15/Frameworks/Python.framework/Versions/3.11/lib/python3.11/json/encoder.py", line 258, in iterencode
    return _iterencode(o, 0)
           ^^^^^^^^^^^^^^^^^
ValueError: Out of range float values are not JSON compliant
INFO:app:==================================================
INFO:app:REQUEST [20260318022248195497] - New forecast request received
INFO:app:Total transactions: 19
INFO:app:Total products: 22
INFO:app:Completed transactions: 19
INFO:app:First transaction date: 2026-03-17 17:50:15.825000+00:00
INFO:app:Last transaction date: 2026-03-14 12:00:34.203000+00:00
INFO:app:Date range: 3 days
INFO:app:Converting to DataFrames...
INFO:app:DataFrame shapes: transactions=(19, 4), products=(22, 7)
INFO:app:Calling generate_ensemble_forecast...
INFO:models.forecast:==================================================
INFO:models.forecast:ENTERING generate_ensemble_forecast
INFO:models.forecast:transactions_df shape: (19, 4)
INFO:models.forecast:products_df shape: (22, 7)
INFO:models.forecast:forecast_months: 3
INFO:models.forecast:Transaction date range: 2026-03-14 12:00:34.203000+00:00 to 2026-03-17 17:50:15.825000+00:00
INFO:models.forecast:Total sales: 142925.0
INFO:models.forecast:Number of unique dates: 19
INFO:models.forecast:Starting Prophet task...
INFO:models.forecast:Starting XGBoost task...
INFO:models.forecast:Waiting for model tasks to complete...
INFO:models.forecast:Prophet: Starting training...
WARNING:models.utils:Limited data: only 3 days (recommended 30+)
INFO:models.forecast:XGBoost: Starting training...
INFO:models.utils:Prepared time series with 4 days of data
WARNING:models.utils:Limited data: only 3 days (recommended 30+)
INFO:models.prophet_model:Data points: 4
INFO:models.utils:Prepared time series with 4 days of data
WARNING:models.xgboost_model:Very limited training data: 1 rows
INFO:models.xgboost_model:Training data: 4 rows
INFO:models.xgboost_model:Training XGBoost model...
INFO:models.xgboost_model:XGBoost model trained successfully with 4 rows
INFO:models.forecast:XGBoost: Training complete
/Users/rejeanzapanta/Downloads/OptiSync/ml-service/venv/lib/python3.11/site-packages/sklearn/base.py:432: UserWarning: X has feature names, but StandardScaler was fitted without feature names
  warnings.warn(
/Users/rejeanzapanta/Downloads/OptiSync/ml-service/venv/lib/python3.11/site-packages/sklearn/utils/validation.py:767: FutureWarning: is_sparse is deprecated and will be removed in a future version. Check `isinstance(dtype, pd.SparseDtype)` instead.
  if not hasattr(array, "sparse") and array.dtypes.apply(is_sparse).any():
/Users/rejeanzapanta/Downloads/OptiSync/ml-service/venv/lib/python3.11/site-packages/sklearn/utils/validation.py:605: FutureWarning: is_sparse is deprecated and will be removed in a future version. Check `isinstance(dtype, pd.SparseDtype)` instead.
  if is_sparse(pd_dtype):
/Users/rejeanzapanta/Downloads/OptiSync/ml-service/venv/lib/python3.11/site-packages/sklearn/utils/validation.py:614: FutureWarning: is_sparse is deprecated and will be removed in a future version. Check `isinstance(dtype, pd.SparseDtype)` instead.
  if is_sparse(pd_dtype) or not is_extension_array_dtype(pd_dtype):
INFO:models.xgboost_model:Generated XGBoost forecast for 90 days
INFO:models.forecast:XGBoost: Forecast generated with shape (90, 5)
INFO:models.prophet_model:Training Prophet model...
INFO:prophet:n_changepoints greater than number of observations. Using 2.
DEBUG:cmdstanpy:input tempfile: /var/folders/18/11jzyg511q797ytnd5bh2rm00000gn/T/tmpe6e0tlxd/wki80i51.json
DEBUG:cmdstanpy:input tempfile: /var/folders/18/11jzyg511q797ytnd5bh2rm00000gn/T/tmpe6e0tlxd/2dg4ojn0.json
DEBUG:cmdstanpy:idx 0
DEBUG:cmdstanpy:running CmdStan, num_threads: None
DEBUG:cmdstanpy:CmdStan args: ['/Users/rejeanzapanta/Downloads/OptiSync/ml-service/venv/lib/python3.11/site-packages/prophet/stan_model/prophet_model.bin', 'random', 'seed=22553', 'data', 'file=/var/folders/18/11jzyg511q797ytnd5bh2rm00000gn/T/tmpe6e0tlxd/wki80i51.json', 'init=/var/folders/18/11jzyg511q797ytnd5bh2rm00000gn/T/tmpe6e0tlxd/2dg4ojn0.json', 'output', 'file=/var/folders/18/11jzyg511q797ytnd5bh2rm00000gn/T/tmpe6e0tlxd/prophet_modelgdmk2hde/prophet_model-20260318022248.csv', 'method=optimize', 'algorithm=newton', 'iter=10000']
02:22:48 - cmdstanpy - INFO - Chain [1] start processing
INFO:cmdstanpy:Chain [1] start processing
02:22:48 - cmdstanpy - INFO - Chain [1] done processing
INFO:cmdstanpy:Chain [1] done processing
INFO:models.prophet_model:Prophet model trained successfully with 4 data points
INFO:models.forecast:Prophet: Training complete
INFO:models.prophet_model:Generated forecast for 90 days
INFO:models.forecast:Prophet: Forecast generated with shape (94, 5)
INFO:models.forecast:Prophet success: True
INFO:models.forecast:XGBoost success: True
INFO:models.forecast:Creating ensemble forecast...
INFO:models.forecast:Creating ensemble forecast...
INFO:models.forecast:Ensemble forecast created with 184 rows
INFO:models.forecast:Formatted forecast with 9 data points
INFO:models.forecast:Generating recommendations...
INFO:models.forecast:Generated 2 recommendations
INFO:models.forecast:Calculating metrics...
INFO:models.forecast:Model used: ensemble
INFO:models.forecast:Confidence: 90.0
INFO:models.forecast:==================================================
INFO:app:Forecast generated. Model used: ensemble
INFO:app:REQUEST [20260318022248195497] - COMPLETED
INFO:app:==================================================
INFO:     127.0.0.1:55218 - "POST /api/forecast/demand HTTP/1.1" 500 Internal Server Error
ERROR:    Exception in ASGI application
Traceback (most recent call last):
  File "/Users/rejeanzapanta/Downloads/OptiSync/ml-service/venv/lib/python3.11/site-packages/uvicorn/protocols/http/httptools_impl.py", line 426, in run_asgi
    result = await app(  # type: ignore[func-returns-value]
             ^^^^^^^^^^^^^^^^^^^^^^^^^^^^^^^^^^^^^^^^^^^^^^
  File "/Users/rejeanzapanta/Downloads/OptiSync/ml-service/venv/lib/python3.11/site-packages/uvicorn/middleware/proxy_headers.py", line 84, in __call__
    return await self.app(scope, receive, send)
           ^^^^^^^^^^^^^^^^^^^^^^^^^^^^^^^^^^^^
  File "/Users/rejeanzapanta/Downloads/OptiSync/ml-service/venv/lib/python3.11/site-packages/fastapi/applications.py", line 1106, in __call__
    await super().__call__(scope, receive, send)
  File "/Users/rejeanzapanta/Downloads/OptiSync/ml-service/venv/lib/python3.11/site-packages/starlette/applications.py", line 122, in __call__
    await self.middleware_stack(scope, receive, send)
  File "/Users/rejeanzapanta/Downloads/OptiSync/ml-service/venv/lib/python3.11/site-packages/starlette/middleware/errors.py", line 184, in __call__
    raise exc
  File "/Users/rejeanzapanta/Downloads/OptiSync/ml-service/venv/lib/python3.11/site-packages/starlette/middleware/errors.py", line 162, in __call__
    await self.app(scope, receive, _send)
  File "/Users/rejeanzapanta/Downloads/OptiSync/ml-service/venv/lib/python3.11/site-packages/starlette/middleware/cors.py", line 91, in __call__
    await self.simple_response(scope, receive, send, request_headers=headers)
  File "/Users/rejeanzapanta/Downloads/OptiSync/ml-service/venv/lib/python3.11/site-packages/starlette/middleware/cors.py", line 146, in simple_response
    await self.app(scope, receive, send)
  File "/Users/rejeanzapanta/Downloads/OptiSync/ml-service/venv/lib/python3.11/site-packages/starlette/middleware/exceptions.py", line 79, in __call__
    raise exc
  File "/Users/rejeanzapanta/Downloads/OptiSync/ml-service/venv/lib/python3.11/site-packages/starlette/middleware/exceptions.py", line 68, in __call__
    await self.app(scope, receive, sender)
  File "/Users/rejeanzapanta/Downloads/OptiSync/ml-service/venv/lib/python3.11/site-packages/fastapi/middleware/asyncexitstack.py", line 20, in __call__
    raise e
  File "/Users/rejeanzapanta/Downloads/OptiSync/ml-service/venv/lib/python3.11/site-packages/fastapi/middleware/asyncexitstack.py", line 17, in __call__
    await self.app(scope, receive, send)
  File "/Users/rejeanzapanta/Downloads/OptiSync/ml-service/venv/lib/python3.11/site-packages/starlette/routing.py", line 718, in __call__
    await route.handle(scope, receive, send)
  File "/Users/rejeanzapanta/Downloads/OptiSync/ml-service/venv/lib/python3.11/site-packages/starlette/routing.py", line 276, in handle
    await self.app(scope, receive, send)
  File "/Users/rejeanzapanta/Downloads/OptiSync/ml-service/venv/lib/python3.11/site-packages/starlette/routing.py", line 66, in app
    response = await func(request)
               ^^^^^^^^^^^^^^^^^^^
  File "/Users/rejeanzapanta/Downloads/OptiSync/ml-service/venv/lib/python3.11/site-packages/fastapi/routing.py", line 303, in app
    response = actual_response_class(content, **response_args)
               ^^^^^^^^^^^^^^^^^^^^^^^^^^^^^^^^^^^^^^^^^^^^^^^
  File "/Users/rejeanzapanta/Downloads/OptiSync/ml-service/venv/lib/python3.11/site-packages/starlette/responses.py", line 196, in __init__
    super().__init__(content, status_code, headers, media_type, background)
  File "/Users/rejeanzapanta/Downloads/OptiSync/ml-service/venv/lib/python3.11/site-packages/starlette/responses.py", line 55, in __init__
    self.body = self.render(content)
                ^^^^^^^^^^^^^^^^^^^^
  File "/Users/rejeanzapanta/Downloads/OptiSync/ml-service/venv/lib/python3.11/site-packages/starlette/responses.py", line 199, in render
    return json.dumps(
           ^^^^^^^^^^^
  File "/opt/homebrew/Cellar/python@3.11/3.11.15/Frameworks/Python.framework/Versions/3.11/lib/python3.11/json/__init__.py", line 238, in dumps
    **kw).encode(obj)
          ^^^^^^^^^^^
  File "/opt/homebrew/Cellar/python@3.11/3.11.15/Frameworks/Python.framework/Versions/3.11/lib/python3.11/json/encoder.py", line 200, in encode
    chunks = self.iterencode(o, _one_shot=True)
             ^^^^^^^^^^^^^^^^^^^^^^^^^^^^^^^^^^
  File "/opt/homebrew/Cellar/python@3.11/3.11.15/Frameworks/Python.framework/Versions/3.11/lib/python3.11/json/encoder.py", line 258, in iterencode
    return _iterencode(o, 0)
           ^^^^^^^^^^^^^^^^^
ValueError: Out of range float values are not JSON compliant
INFO:app:==================================================
INFO:app:REQUEST [20260318022251513667] - New forecast request received
INFO:app:Total transactions: 19
INFO:app:Total products: 22
INFO:app:Completed transactions: 19
INFO:app:First transaction date: 2026-03-17 17:50:15.825000+00:00
INFO:app:Last transaction date: 2026-03-14 12:00:34.203000+00:00
INFO:app:Date range: 3 days
INFO:app:Converting to DataFrames...
INFO:app:DataFrame shapes: transactions=(19, 4), products=(22, 7)
INFO:app:Calling generate_ensemble_forecast...
INFO:models.forecast:==================================================
INFO:models.forecast:ENTERING generate_ensemble_forecast
INFO:models.forecast:transactions_df shape: (19, 4)
INFO:models.forecast:products_df shape: (22, 7)
INFO:models.forecast:forecast_months: 3
INFO:models.forecast:Transaction date range: 2026-03-14 12:00:34.203000+00:00 to 2026-03-17 17:50:15.825000+00:00
INFO:models.forecast:Total sales: 142925.0
INFO:models.forecast:Number of unique dates: 19
INFO:models.forecast:Starting Prophet task...
INFO:models.forecast:Starting XGBoost task...
INFO:models.forecast:Waiting for model tasks to complete...
INFO:models.forecast:Prophet: Starting training...
INFO:models.forecast:XGBoost: Starting training...
WARNING:models.utils:Limited data: only 3 days (recommended 30+)
WARNING:models.utils:Limited data: only 3 days (recommended 30+)
INFO:models.utils:Prepared time series with 4 days of data
INFO:models.utils:Prepared time series with 4 days of data
INFO:models.prophet_model:Data points: 4
WARNING:models.xgboost_model:Very limited training data: 1 rows
INFO:models.xgboost_model:Training data: 4 rows
INFO:models.xgboost_model:Training XGBoost model...
INFO:models.xgboost_model:XGBoost model trained successfully with 4 rows
INFO:models.forecast:XGBoost: Training complete
/Users/rejeanzapanta/Downloads/OptiSync/ml-service/venv/lib/python3.11/site-packages/sklearn/base.py:432: UserWarning: X has feature names, but StandardScaler was fitted without feature names
  warnings.warn(
/Users/rejeanzapanta/Downloads/OptiSync/ml-service/venv/lib/python3.11/site-packages/sklearn/utils/validation.py:767: FutureWarning: is_sparse is deprecated and will be removed in a future version. Check `isinstance(dtype, pd.SparseDtype)` instead.
  if not hasattr(array, "sparse") and array.dtypes.apply(is_sparse).any():
/Users/rejeanzapanta/Downloads/OptiSync/ml-service/venv/lib/python3.11/site-packages/sklearn/utils/validation.py:605: FutureWarning: is_sparse is deprecated and will be removed in a future version. Check `isinstance(dtype, pd.SparseDtype)` instead.
  if is_sparse(pd_dtype):
/Users/rejeanzapanta/Downloads/OptiSync/ml-service/venv/lib/python3.11/site-packages/sklearn/utils/validation.py:614: FutureWarning: is_sparse is deprecated and will be removed in a future version. Check `isinstance(dtype, pd.SparseDtype)` instead.
  if is_sparse(pd_dtype) or not is_extension_array_dtype(pd_dtype):
INFO:models.xgboost_model:Generated XGBoost forecast for 90 days
INFO:models.forecast:XGBoost: Forecast generated with shape (90, 5)
INFO:models.prophet_model:Training Prophet model...
INFO:prophet:n_changepoints greater than number of observations. Using 2.
DEBUG:cmdstanpy:input tempfile: /var/folders/18/11jzyg511q797ytnd5bh2rm00000gn/T/tmpe6e0tlxd/tio_5_5g.json
DEBUG:cmdstanpy:input tempfile: /var/folders/18/11jzyg511q797ytnd5bh2rm00000gn/T/tmpe6e0tlxd/z7s7w7da.json
DEBUG:cmdstanpy:idx 0
DEBUG:cmdstanpy:running CmdStan, num_threads: None
DEBUG:cmdstanpy:CmdStan args: ['/Users/rejeanzapanta/Downloads/OptiSync/ml-service/venv/lib/python3.11/site-packages/prophet/stan_model/prophet_model.bin', 'random', 'seed=64861', 'data', 'file=/var/folders/18/11jzyg511q797ytnd5bh2rm00000gn/T/tmpe6e0tlxd/tio_5_5g.json', 'init=/var/folders/18/11jzyg511q797ytnd5bh2rm00000gn/T/tmpe6e0tlxd/z7s7w7da.json', 'output', 'file=/var/folders/18/11jzyg511q797ytnd5bh2rm00000gn/T/tmpe6e0tlxd/prophet_modelf80qvef8/prophet_model-20260318022251.csv', 'method=optimize', 'algorithm=newton', 'iter=10000']
02:22:51 - cmdstanpy - INFO - Chain [1] start processing
INFO:cmdstanpy:Chain [1] start processing
02:22:51 - cmdstanpy - INFO - Chain [1] done processing
INFO:cmdstanpy:Chain [1] done processing
INFO:models.prophet_model:Prophet model trained successfully with 4 data points
INFO:models.forecast:Prophet: Training complete
INFO:models.prophet_model:Generated forecast for 90 days
INFO:models.forecast:Prophet: Forecast generated with shape (94, 5)
INFO:models.forecast:Prophet success: True
INFO:models.forecast:XGBoost success: True
INFO:models.forecast:Creating ensemble forecast...
INFO:models.forecast:Creating ensemble forecast...
INFO:models.forecast:Ensemble forecast created with 184 rows
INFO:models.forecast:Formatted forecast with 9 data points
INFO:models.forecast:Generating recommendations...
INFO:models.forecast:Generated 2 recommendations
INFO:models.forecast:Calculating metrics...
INFO:models.forecast:Model used: ensemble
INFO:models.forecast:Confidence: 90.0
INFO:models.forecast:==================================================
INFO:app:Forecast generated. Model used: ensemble
INFO:app:REQUEST [20260318022251513667] - COMPLETED
INFO:app:==================================================
INFO:     127.0.0.1:55221 - "POST /api/forecast/demand HTTP/1.1" 500 Internal Server Error
ERROR:    Exception in ASGI application
Traceback (most recent call last):
  File "/Users/rejeanzapanta/Downloads/OptiSync/ml-service/venv/lib/python3.11/site-packages/uvicorn/protocols/http/httptools_impl.py", line 426, in run_asgi
    result = await app(  # type: ignore[func-returns-value]
             ^^^^^^^^^^^^^^^^^^^^^^^^^^^^^^^^^^^^^^^^^^^^^^
  File "/Users/rejeanzapanta/Downloads/OptiSync/ml-service/venv/lib/python3.11/site-packages/uvicorn/middleware/proxy_headers.py", line 84, in __call__
    return await self.app(scope, receive, send)
           ^^^^^^^^^^^^^^^^^^^^^^^^^^^^^^^^^^^^
  File "/Users/rejeanzapanta/Downloads/OptiSync/ml-service/venv/lib/python3.11/site-packages/fastapi/applications.py", line 1106, in __call__
    await super().__call__(scope, receive, send)
  File "/Users/rejeanzapanta/Downloads/OptiSync/ml-service/venv/lib/python3.11/site-packages/starlette/applications.py", line 122, in __call__
    await self.middleware_stack(scope, receive, send)
  File "/Users/rejeanzapanta/Downloads/OptiSync/ml-service/venv/lib/python3.11/site-packages/starlette/middleware/errors.py", line 184, in __call__
    raise exc
  File "/Users/rejeanzapanta/Downloads/OptiSync/ml-service/venv/lib/python3.11/site-packages/starlette/middleware/errors.py", line 162, in __call__
    await self.app(scope, receive, _send)
  File "/Users/rejeanzapanta/Downloads/OptiSync/ml-service/venv/lib/python3.11/site-packages/starlette/middleware/cors.py", line 91, in __call__
    await self.simple_response(scope, receive, send, request_headers=headers)
  File "/Users/rejeanzapanta/Downloads/OptiSync/ml-service/venv/lib/python3.11/site-packages/starlette/middleware/cors.py", line 146, in simple_response
    await self.app(scope, receive, send)
  File "/Users/rejeanzapanta/Downloads/OptiSync/ml-service/venv/lib/python3.11/site-packages/starlette/middleware/exceptions.py", line 79, in __call__
    raise exc
  File "/Users/rejeanzapanta/Downloads/OptiSync/ml-service/venv/lib/python3.11/site-packages/starlette/middleware/exceptions.py", line 68, in __call__
    await self.app(scope, receive, sender)
  File "/Users/rejeanzapanta/Downloads/OptiSync/ml-service/venv/lib/python3.11/site-packages/fastapi/middleware/asyncexitstack.py", line 20, in __call__
    raise e
  File "/Users/rejeanzapanta/Downloads/OptiSync/ml-service/venv/lib/python3.11/site-packages/fastapi/middleware/asyncexitstack.py", line 17, in __call__
    await self.app(scope, receive, send)
  File "/Users/rejeanzapanta/Downloads/OptiSync/ml-service/venv/lib/python3.11/site-packages/starlette/routing.py", line 718, in __call__
    await route.handle(scope, receive, send)
  File "/Users/rejeanzapanta/Downloads/OptiSync/ml-service/venv/lib/python3.11/site-packages/starlette/routing.py", line 276, in handle
    await self.app(scope, receive, send)
  File "/Users/rejeanzapanta/Downloads/OptiSync/ml-service/venv/lib/python3.11/site-packages/starlette/routing.py", line 66, in app
    response = await func(request)
               ^^^^^^^^^^^^^^^^^^^
  File "/Users/rejeanzapanta/Downloads/OptiSync/ml-service/venv/lib/python3.11/site-packages/fastapi/routing.py", line 303, in app
    response = actual_response_class(content, **response_args)
               ^^^^^^^^^^^^^^^^^^^^^^^^^^^^^^^^^^^^^^^^^^^^^^^
  File "/Users/rejeanzapanta/Downloads/OptiSync/ml-service/venv/lib/python3.11/site-packages/starlette/responses.py", line 196, in __init__
    super().__init__(content, status_code, headers, media_type, background)
  File "/Users/rejeanzapanta/Downloads/OptiSync/ml-service/venv/lib/python3.11/site-packages/starlette/responses.py", line 55, in __init__
    self.body = self.render(content)
                ^^^^^^^^^^^^^^^^^^^^
  File "/Users/rejeanzapanta/Downloads/OptiSync/ml-service/venv/lib/python3.11/site-packages/starlette/responses.py", line 199, in render
    return json.dumps(
           ^^^^^^^^^^^
  File "/opt/homebrew/Cellar/python@3.11/3.11.15/Frameworks/Python.framework/Versions/3.11/lib/python3.11/json/__init__.py", line 238, in dumps
    **kw).encode(obj)
          ^^^^^^^^^^^
  File "/opt/homebrew/Cellar/python@3.11/3.11.15/Frameworks/Python.framework/Versions/3.11/lib/python3.11/json/encoder.py", line 200, in encode
    chunks = self.iterencode(o, _one_shot=True)
             ^^^^^^^^^^^^^^^^^^^^^^^^^^^^^^^^^^
  File "/opt/homebrew/Cellar/python@3.11/3.11.15/Frameworks/Python.framework/Versions/3.11/lib/python3.11/json/encoder.py", line 258, in iterencode
    return _iterencode(o, 0)
           ^^^^^^^^^^^^^^^^^
ValueError: Out of range float values are not JSON compliant
INFO:     127.0.0.1:55230 - "OPTIONS /api/forecast/demand HTTP/1.1" 200 OK
INFO:app:==================================================
INFO:app:REQUEST [20260318022351307745] - New forecast request received
INFO:app:Total transactions: 19
INFO:app:Total products: 22
INFO:app:Completed transactions: 19
INFO:app:First transaction date: 2026-03-17 17:50:15.825000+00:00
INFO:app:Last transaction date: 2026-03-14 12:00:34.203000+00:00
INFO:app:Date range: 3 days
INFO:app:Converting to DataFrames...
INFO:app:DataFrame shapes: transactions=(19, 4), products=(22, 7)
INFO:app:Calling generate_ensemble_forecast...
INFO:models.forecast:==================================================
INFO:models.forecast:ENTERING generate_ensemble_forecast
INFO:models.forecast:transactions_df shape: (19, 4)
INFO:models.forecast:products_df shape: (22, 7)
INFO:models.forecast:forecast_months: 3
INFO:models.forecast:Transaction date range: 2026-03-14 12:00:34.203000+00:00 to 2026-03-17 17:50:15.825000+00:00
INFO:models.forecast:Total sales: 142925.0
INFO:models.forecast:Number of unique dates: 19
INFO:models.forecast:Starting Prophet task...
INFO:models.forecast:Starting XGBoost task...
INFO:models.forecast:Waiting for model tasks to complete...
INFO:models.forecast:Prophet: Starting training...
INFO:models.forecast:XGBoost: Starting training...
WARNING:models.utils:Limited data: only 3 days (recommended 30+)
WARNING:models.utils:Limited data: only 3 days (recommended 30+)
INFO:models.utils:Prepared time series with 4 days of data
INFO:models.utils:Prepared time series with 4 days of data
INFO:models.prophet_model:Data points: 4
WARNING:models.xgboost_model:Very limited training data: 1 rows
INFO:models.xgboost_model:Training data: 4 rows
INFO:models.xgboost_model:Training XGBoost model...
INFO:models.xgboost_model:XGBoost model trained successfully with 4 rows
INFO:models.forecast:XGBoost: Training complete
/Users/rejeanzapanta/Downloads/OptiSync/ml-service/venv/lib/python3.11/site-packages/sklearn/base.py:432: UserWarning: X has feature names, but StandardScaler was fitted without feature names
  warnings.warn(
/Users/rejeanzapanta/Downloads/OptiSync/ml-service/venv/lib/python3.11/site-packages/sklearn/utils/validation.py:767: FutureWarning: is_sparse is deprecated and will be removed in a future version. Check `isinstance(dtype, pd.SparseDtype)` instead.
  if not hasattr(array, "sparse") and array.dtypes.apply(is_sparse).any():
/Users/rejeanzapanta/Downloads/OptiSync/ml-service/venv/lib/python3.11/site-packages/sklearn/utils/validation.py:605: FutureWarning: is_sparse is deprecated and will be removed in a future version. Check `isinstance(dtype, pd.SparseDtype)` instead.
  if is_sparse(pd_dtype):
/Users/rejeanzapanta/Downloads/OptiSync/ml-service/venv/lib/python3.11/site-packages/sklearn/utils/validation.py:614: FutureWarning: is_sparse is deprecated and will be removed in a future version. Check `isinstance(dtype, pd.SparseDtype)` instead.
  if is_sparse(pd_dtype) or not is_extension_array_dtype(pd_dtype):
INFO:models.xgboost_model:Generated XGBoost forecast for 90 days
INFO:models.forecast:XGBoost: Forecast generated with shape (90, 5)
INFO:models.prophet_model:Training Prophet model...
INFO:prophet:n_changepoints greater than number of observations. Using 2.
DEBUG:cmdstanpy:input tempfile: /var/folders/18/11jzyg511q797ytnd5bh2rm00000gn/T/tmpe6e0tlxd/qi0k4x6z.json
DEBUG:cmdstanpy:input tempfile: /var/folders/18/11jzyg511q797ytnd5bh2rm00000gn/T/tmpe6e0tlxd/vdsu2km5.json
DEBUG:cmdstanpy:idx 0
DEBUG:cmdstanpy:running CmdStan, num_threads: None
DEBUG:cmdstanpy:CmdStan args: ['/Users/rejeanzapanta/Downloads/OptiSync/ml-service/venv/lib/python3.11/site-packages/prophet/stan_model/prophet_model.bin', 'random', 'seed=84791', 'data', 'file=/var/folders/18/11jzyg511q797ytnd5bh2rm00000gn/T/tmpe6e0tlxd/qi0k4x6z.json', 'init=/var/folders/18/11jzyg511q797ytnd5bh2rm00000gn/T/tmpe6e0tlxd/vdsu2km5.json', 'output', 'file=/var/folders/18/11jzyg511q797ytnd5bh2rm00000gn/T/tmpe6e0tlxd/prophet_modelqo1_uwu5/prophet_model-20260318022351.csv', 'method=optimize', 'algorithm=newton', 'iter=10000']
02:23:51 - cmdstanpy - INFO - Chain [1] start processing
INFO:cmdstanpy:Chain [1] start processing
02:23:51 - cmdstanpy - INFO - Chain [1] done processing
INFO:cmdstanpy:Chain [1] done processing
INFO:models.prophet_model:Prophet model trained successfully with 4 data points
INFO:models.forecast:Prophet: Training complete
INFO:models.prophet_model:Generated forecast for 90 days
INFO:models.forecast:Prophet: Forecast generated with shape (94, 5)
INFO:models.forecast:Prophet success: True
INFO:models.forecast:XGBoost success: True
INFO:models.forecast:Creating ensemble forecast...
INFO:models.forecast:Creating ensemble forecast...
INFO:models.forecast:Ensemble forecast created with 184 rows
INFO:models.forecast:Formatted forecast with 9 data points
INFO:models.forecast:Generating recommendations...
INFO:models.forecast:Generated 2 recommendations
INFO:models.forecast:Calculating metrics...
INFO:models.forecast:Model used: ensemble
INFO:models.forecast:Confidence: 90.0
INFO:models.forecast:==================================================
INFO:app:Forecast generated. Model used: ensemble
INFO:app:REQUEST [20260318022351307745] - COMPLETED
INFO:app:==================================================
INFO:     127.0.0.1:55230 - "POST /api/forecast/demand HTTP/1.1" 500 Internal Server Error
ERROR:    Exception in ASGI application
Traceback (most recent call last):
  File "/Users/rejeanzapanta/Downloads/OptiSync/ml-service/venv/lib/python3.11/site-packages/uvicorn/protocols/http/httptools_impl.py", line 426, in run_asgi
    result = await app(  # type: ignore[func-returns-value]
             ^^^^^^^^^^^^^^^^^^^^^^^^^^^^^^^^^^^^^^^^^^^^^^
  File "/Users/rejeanzapanta/Downloads/OptiSync/ml-service/venv/lib/python3.11/site-packages/uvicorn/middleware/proxy_headers.py", line 84, in __call__
    return await self.app(scope, receive, send)
           ^^^^^^^^^^^^^^^^^^^^^^^^^^^^^^^^^^^^
  File "/Users/rejeanzapanta/Downloads/OptiSync/ml-service/venv/lib/python3.11/site-packages/fastapi/applications.py", line 1106, in __call__
    await super().__call__(scope, receive, send)
  File "/Users/rejeanzapanta/Downloads/OptiSync/ml-service/venv/lib/python3.11/site-packages/starlette/applications.py", line 122, in __call__
    await self.middleware_stack(scope, receive, send)
  File "/Users/rejeanzapanta/Downloads/OptiSync/ml-service/venv/lib/python3.11/site-packages/starlette/middleware/errors.py", line 184, in __call__
    raise exc
  File "/Users/rejeanzapanta/Downloads/OptiSync/ml-service/venv/lib/python3.11/site-packages/starlette/middleware/errors.py", line 162, in __call__
    await self.app(scope, receive, _send)
  File "/Users/rejeanzapanta/Downloads/OptiSync/ml-service/venv/lib/python3.11/site-packages/starlette/middleware/cors.py", line 91, in __call__
    await self.simple_response(scope, receive, send, request_headers=headers)
  File "/Users/rejeanzapanta/Downloads/OptiSync/ml-service/venv/lib/python3.11/site-packages/starlette/middleware/cors.py", line 146, in simple_response
    await self.app(scope, receive, send)
  File "/Users/rejeanzapanta/Downloads/OptiSync/ml-service/venv/lib/python3.11/site-packages/starlette/middleware/exceptions.py", line 79, in __call__
    raise exc
  File "/Users/rejeanzapanta/Downloads/OptiSync/ml-service/venv/lib/python3.11/site-packages/starlette/middleware/exceptions.py", line 68, in __call__
    await self.app(scope, receive, sender)
  File "/Users/rejeanzapanta/Downloads/OptiSync/ml-service/venv/lib/python3.11/site-packages/fastapi/middleware/asyncexitstack.py", line 20, in __call__
    raise e
  File "/Users/rejeanzapanta/Downloads/OptiSync/ml-service/venv/lib/python3.11/site-packages/fastapi/middleware/asyncexitstack.py", line 17, in __call__
    await self.app(scope, receive, send)
  File "/Users/rejeanzapanta/Downloads/OptiSync/ml-service/venv/lib/python3.11/site-packages/starlette/routing.py", line 718, in __call__
    await route.handle(scope, receive, send)
  File "/Users/rejeanzapanta/Downloads/OptiSync/ml-service/venv/lib/python3.11/site-packages/starlette/routing.py", line 276, in handle
    await self.app(scope, receive, send)
  File "/Users/rejeanzapanta/Downloads/OptiSync/ml-service/venv/lib/python3.11/site-packages/starlette/routing.py", line 66, in app
    response = await func(request)
               ^^^^^^^^^^^^^^^^^^^
  File "/Users/rejeanzapanta/Downloads/OptiSync/ml-service/venv/lib/python3.11/site-packages/fastapi/routing.py", line 303, in app
    response = actual_response_class(content, **response_args)
               ^^^^^^^^^^^^^^^^^^^^^^^^^^^^^^^^^^^^^^^^^^^^^^^
  File "/Users/rejeanzapanta/Downloads/OptiSync/ml-service/venv/lib/python3.11/site-packages/starlette/responses.py", line 196, in __init__
    super().__init__(content, status_code, headers, media_type, background)
  File "/Users/rejeanzapanta/Downloads/OptiSync/ml-service/venv/lib/python3.11/site-packages/starlette/responses.py", line 55, in __init__
    self.body = self.render(content)
                ^^^^^^^^^^^^^^^^^^^^
  File "/Users/rejeanzapanta/Downloads/OptiSync/ml-service/venv/lib/python3.11/site-packages/starlette/responses.py", line 199, in render
    return json.dumps(
           ^^^^^^^^^^^
  File "/opt/homebrew/Cellar/python@3.11/3.11.15/Frameworks/Python.framework/Versions/3.11/lib/python3.11/json/__init__.py", line 238, in dumps
    **kw).encode(obj)
          ^^^^^^^^^^^
  File "/opt/homebrew/Cellar/python@3.11/3.11.15/Frameworks/Python.framework/Versions/3.11/lib/python3.11/json/encoder.py", line 200, in encode
    chunks = self.iterencode(o, _one_shot=True)
             ^^^^^^^^^^^^^^^^^^^^^^^^^^^^^^^^^^
  File "/opt/homebrew/Cellar/python@3.11/3.11.15/Frameworks/Python.framework/Versions/3.11/lib/python3.11/json/encoder.py", line 258, in iterencode
    return _iterencode(o, 0)
           ^^^^^^^^^^^^^^^^^
ValueError: Out of range float values are not JSON compliant
INFO:app:==================================================
INFO:app:REQUEST [20260318022549510958] - New forecast request received
INFO:app:Total transactions: 19
INFO:app:Total products: 22
INFO:app:Completed transactions: 19
INFO:app:First transaction date: 2026-03-17 17:50:15.825000+00:00
INFO:app:Last transaction date: 2026-03-14 12:00:34.203000+00:00
INFO:app:Date range: 3 days
INFO:app:Converting to DataFrames...
INFO:app:DataFrame shapes: transactions=(19, 4), products=(22, 7)
INFO:app:Calling generate_ensemble_forecast...
INFO:models.forecast:==================================================
INFO:models.forecast:ENTERING generate_ensemble_forecast
INFO:models.forecast:transactions_df shape: (19, 4)
INFO:models.forecast:products_df shape: (22, 7)
INFO:models.forecast:forecast_months: 3
INFO:models.forecast:Transaction date range: 2026-03-14 12:00:34.203000+00:00 to 2026-03-17 17:50:15.825000+00:00
INFO:models.forecast:Total sales: 142925.0
INFO:models.forecast:Number of unique dates: 19
INFO:models.forecast:Starting Prophet task...
INFO:models.forecast:Starting XGBoost task...
INFO:models.forecast:Waiting for model tasks to complete...
INFO:models.forecast:Prophet: Starting training...
INFO:models.forecast:XGBoost: Starting training...
WARNING:models.utils:Limited data: only 3 days (recommended 30+)
WARNING:models.utils:Limited data: only 3 days (recommended 30+)
INFO:models.utils:Prepared time series with 4 days of data
INFO:models.utils:Prepared time series with 4 days of data
INFO:models.prophet_model:Data points: 4
WARNING:models.xgboost_model:Very limited training data: 1 rows
INFO:models.xgboost_model:Training data: 4 rows
INFO:models.xgboost_model:Training XGBoost model...
INFO:models.prophet_model:Training Prophet model...
INFO:models.xgboost_model:XGBoost model trained successfully with 4 rows
INFO:models.forecast:XGBoost: Training complete
/Users/rejeanzapanta/Downloads/OptiSync/ml-service/venv/lib/python3.11/site-packages/sklearn/base.py:432: UserWarning: X has feature names, but StandardScaler was fitted without feature names
  warnings.warn(
/Users/rejeanzapanta/Downloads/OptiSync/ml-service/venv/lib/python3.11/site-packages/sklearn/utils/validation.py:767: FutureWarning: is_sparse is deprecated and will be removed in a future version. Check `isinstance(dtype, pd.SparseDtype)` instead.
  if not hasattr(array, "sparse") and array.dtypes.apply(is_sparse).any():
/Users/rejeanzapanta/Downloads/OptiSync/ml-service/venv/lib/python3.11/site-packages/sklearn/utils/validation.py:605: FutureWarning: is_sparse is deprecated and will be removed in a future version. Check `isinstance(dtype, pd.SparseDtype)` instead.
  if is_sparse(pd_dtype):
/Users/rejeanzapanta/Downloads/OptiSync/ml-service/venv/lib/python3.11/site-packages/sklearn/utils/validation.py:614: FutureWarning: is_sparse is deprecated and will be removed in a future version. Check `isinstance(dtype, pd.SparseDtype)` instead.
  if is_sparse(pd_dtype) or not is_extension_array_dtype(pd_dtype):
INFO:models.xgboost_model:Generated XGBoost forecast for 90 days
INFO:models.forecast:XGBoost: Forecast generated with shape (90, 5)
INFO:prophet:n_changepoints greater than number of observations. Using 2.
DEBUG:cmdstanpy:input tempfile: /var/folders/18/11jzyg511q797ytnd5bh2rm00000gn/T/tmpe6e0tlxd/41cwyenb.json
DEBUG:cmdstanpy:input tempfile: /var/folders/18/11jzyg511q797ytnd5bh2rm00000gn/T/tmpe6e0tlxd/vs1yurjb.json
DEBUG:cmdstanpy:idx 0
DEBUG:cmdstanpy:running CmdStan, num_threads: None
DEBUG:cmdstanpy:CmdStan args: ['/Users/rejeanzapanta/Downloads/OptiSync/ml-service/venv/lib/python3.11/site-packages/prophet/stan_model/prophet_model.bin', 'random', 'seed=51465', 'data', 'file=/var/folders/18/11jzyg511q797ytnd5bh2rm00000gn/T/tmpe6e0tlxd/41cwyenb.json', 'init=/var/folders/18/11jzyg511q797ytnd5bh2rm00000gn/T/tmpe6e0tlxd/vs1yurjb.json', 'output', 'file=/var/folders/18/11jzyg511q797ytnd5bh2rm00000gn/T/tmpe6e0tlxd/prophet_model1o7im976/prophet_model-20260318022549.csv', 'method=optimize', 'algorithm=newton', 'iter=10000']
02:25:49 - cmdstanpy - INFO - Chain [1] start processing
INFO:cmdstanpy:Chain [1] start processing
02:25:49 - cmdstanpy - INFO - Chain [1] done processing
INFO:cmdstanpy:Chain [1] done processing
INFO:models.prophet_model:Prophet model trained successfully with 4 data points
INFO:models.forecast:Prophet: Training complete
INFO:models.prophet_model:Generated forecast for 90 days
INFO:models.forecast:Prophet: Forecast generated with shape (94, 5)
INFO:models.forecast:Prophet success: True
INFO:models.forecast:XGBoost success: True
INFO:models.forecast:Creating ensemble forecast...
INFO:models.forecast:Creating ensemble forecast...
INFO:models.forecast:Ensemble forecast created with 184 rows
INFO:models.forecast:Formatted forecast with 9 data points
INFO:models.forecast:Generating recommendations...
INFO:models.forecast:Generated 2 recommendations
INFO:models.forecast:Calculating metrics...
INFO:models.forecast:Model used: ensemble
INFO:models.forecast:Confidence: 90.0
INFO:models.forecast:==================================================
INFO:app:Forecast generated. Model used: ensemble
INFO:app:REQUEST [20260318022549510958] - COMPLETED
INFO:app:==================================================
INFO:     127.0.0.1:55253 - "POST /api/forecast/demand HTTP/1.1" 500 Internal Server Error
ERROR:    Exception in ASGI application
Traceback (most recent call last):
  File "/Users/rejeanzapanta/Downloads/OptiSync/ml-service/venv/lib/python3.11/site-packages/uvicorn/protocols/http/httptools_impl.py", line 426, in run_asgi
    result = await app(  # type: ignore[func-returns-value]
             ^^^^^^^^^^^^^^^^^^^^^^^^^^^^^^^^^^^^^^^^^^^^^^
  File "/Users/rejeanzapanta/Downloads/OptiSync/ml-service/venv/lib/python3.11/site-packages/uvicorn/middleware/proxy_headers.py", line 84, in __call__
    return await self.app(scope, receive, send)
           ^^^^^^^^^^^^^^^^^^^^^^^^^^^^^^^^^^^^
  File "/Users/rejeanzapanta/Downloads/OptiSync/ml-service/venv/lib/python3.11/site-packages/fastapi/applications.py", line 1106, in __call__
    await super().__call__(scope, receive, send)
  File "/Users/rejeanzapanta/Downloads/OptiSync/ml-service/venv/lib/python3.11/site-packages/starlette/applications.py", line 122, in __call__
    await self.middleware_stack(scope, receive, send)
  File "/Users/rejeanzapanta/Downloads/OptiSync/ml-service/venv/lib/python3.11/site-packages/starlette/middleware/errors.py", line 184, in __call__
    raise exc
  File "/Users/rejeanzapanta/Downloads/OptiSync/ml-service/venv/lib/python3.11/site-packages/starlette/middleware/errors.py", line 162, in __call__
    await self.app(scope, receive, _send)
  File "/Users/rejeanzapanta/Downloads/OptiSync/ml-service/venv/lib/python3.11/site-packages/starlette/middleware/cors.py", line 91, in __call__
    await self.simple_response(scope, receive, send, request_headers=headers)
  File "/Users/rejeanzapanta/Downloads/OptiSync/ml-service/venv/lib/python3.11/site-packages/starlette/middleware/cors.py", line 146, in simple_response
    await self.app(scope, receive, send)
  File "/Users/rejeanzapanta/Downloads/OptiSync/ml-service/venv/lib/python3.11/site-packages/starlette/middleware/exceptions.py", line 79, in __call__
    raise exc
  File "/Users/rejeanzapanta/Downloads/OptiSync/ml-service/venv/lib/python3.11/site-packages/starlette/middleware/exceptions.py", line 68, in __call__
    await self.app(scope, receive, sender)
  File "/Users/rejeanzapanta/Downloads/OptiSync/ml-service/venv/lib/python3.11/site-packages/fastapi/middleware/asyncexitstack.py", line 20, in __call__
    raise e
  File "/Users/rejeanzapanta/Downloads/OptiSync/ml-service/venv/lib/python3.11/site-packages/fastapi/middleware/asyncexitstack.py", line 17, in __call__
    await self.app(scope, receive, send)
  File "/Users/rejeanzapanta/Downloads/OptiSync/ml-service/venv/lib/python3.11/site-packages/starlette/routing.py", line 718, in __call__
    await route.handle(scope, receive, send)
  File "/Users/rejeanzapanta/Downloads/OptiSync/ml-service/venv/lib/python3.11/site-packages/starlette/routing.py", line 276, in handle
    await self.app(scope, receive, send)
  File "/Users/rejeanzapanta/Downloads/OptiSync/ml-service/venv/lib/python3.11/site-packages/starlette/routing.py", line 66, in app
    response = await func(request)
               ^^^^^^^^^^^^^^^^^^^
  File "/Users/rejeanzapanta/Downloads/OptiSync/ml-service/venv/lib/python3.11/site-packages/fastapi/routing.py", line 303, in app
    response = actual_response_class(content, **response_args)
               ^^^^^^^^^^^^^^^^^^^^^^^^^^^^^^^^^^^^^^^^^^^^^^^
  File "/Users/rejeanzapanta/Downloads/OptiSync/ml-service/venv/lib/python3.11/site-packages/starlette/responses.py", line 196, in __init__
    super().__init__(content, status_code, headers, media_type, background)
  File "/Users/rejeanzapanta/Downloads/OptiSync/ml-service/venv/lib/python3.11/site-packages/starlette/responses.py", line 55, in __init__
    self.body = self.render(content)
                ^^^^^^^^^^^^^^^^^^^^
  File "/Users/rejeanzapanta/Downloads/OptiSync/ml-service/venv/lib/python3.11/site-packages/starlette/responses.py", line 199, in render
    return json.dumps(
           ^^^^^^^^^^^
  File "/opt/homebrew/Cellar/python@3.11/3.11.15/Frameworks/Python.framework/Versions/3.11/lib/python3.11/json/__init__.py", line 238, in dumps
    **kw).encode(obj)
          ^^^^^^^^^^^
  File "/opt/homebrew/Cellar/python@3.11/3.11.15/Frameworks/Python.framework/Versions/3.11/lib/python3.11/json/encoder.py", line 200, in encode
    chunks = self.iterencode(o, _one_shot=True)
             ^^^^^^^^^^^^^^^^^^^^^^^^^^^^^^^^^^
  File "/opt/homebrew/Cellar/python@3.11/3.11.15/Frameworks/Python.framework/Versions/3.11/lib/python3.11/json/encoder.py", line 258, in iterencode
    return _iterencode(o, 0)
           ^^^^^^^^^^^^^^^^^
ValueError: Out of range float values are not JSON compliant
INFO:app:==================================================
INFO:app:REQUEST [20260318022928233529] - New forecast request received
INFO:app:Total transactions: 19
INFO:app:Total products: 22
INFO:app:Completed transactions: 19
INFO:app:First transaction date: 2026-03-17 17:50:15.825000+00:00
INFO:app:Last transaction date: 2026-03-14 12:00:34.203000+00:00
INFO:app:Date range: 3 days
INFO:app:Converting to DataFrames...
INFO:app:DataFrame shapes: transactions=(19, 4), products=(22, 7)
INFO:app:Calling generate_ensemble_forecast...
INFO:models.forecast:==================================================
INFO:models.forecast:ENTERING generate_ensemble_forecast
INFO:models.forecast:transactions_df shape: (19, 4)
INFO:models.forecast:products_df shape: (22, 7)
INFO:models.forecast:forecast_months: 3
INFO:models.forecast:Transaction date range: 2026-03-14 12:00:34.203000+00:00 to 2026-03-17 17:50:15.825000+00:00
INFO:models.forecast:Total sales: 142925.0
INFO:models.forecast:Number of unique dates: 19
INFO:models.forecast:Starting Prophet task...
INFO:models.forecast:Starting XGBoost task...
INFO:models.forecast:Waiting for model tasks to complete...
INFO:models.forecast:Prophet: Starting training...
INFO:models.forecast:XGBoost: Starting training...
WARNING:models.utils:Limited data: only 3 days (recommended 30+)
WARNING:models.utils:Limited data: only 3 days (recommended 30+)
INFO:models.utils:Prepared time series with 4 days of data
INFO:models.utils:Prepared time series with 4 days of data
INFO:models.prophet_model:Data points: 4
WARNING:models.xgboost_model:Very limited training data: 1 rows
INFO:models.xgboost_model:Training data: 4 rows
INFO:models.xgboost_model:Training XGBoost model...
INFO:models.xgboost_model:XGBoost model trained successfully with 4 rows
INFO:models.forecast:XGBoost: Training complete
/Users/rejeanzapanta/Downloads/OptiSync/ml-service/venv/lib/python3.11/site-packages/sklearn/base.py:432: UserWarning: X has feature names, but StandardScaler was fitted without feature names
  warnings.warn(
/Users/rejeanzapanta/Downloads/OptiSync/ml-service/venv/lib/python3.11/site-packages/sklearn/utils/validation.py:767: FutureWarning: is_sparse is deprecated and will be removed in a future version. Check `isinstance(dtype, pd.SparseDtype)` instead.
  if not hasattr(array, "sparse") and array.dtypes.apply(is_sparse).any():
/Users/rejeanzapanta/Downloads/OptiSync/ml-service/venv/lib/python3.11/site-packages/sklearn/utils/validation.py:605: FutureWarning: is_sparse is deprecated and will be removed in a future version. Check `isinstance(dtype, pd.SparseDtype)` instead.
  if is_sparse(pd_dtype):
/Users/rejeanzapanta/Downloads/OptiSync/ml-service/venv/lib/python3.11/site-packages/sklearn/utils/validation.py:614: FutureWarning: is_sparse is deprecated and will be removed in a future version. Check `isinstance(dtype, pd.SparseDtype)` instead.
  if is_sparse(pd_dtype) or not is_extension_array_dtype(pd_dtype):
INFO:models.xgboost_model:Generated XGBoost forecast for 90 days
INFO:models.forecast:XGBoost: Forecast generated with shape (90, 5)
INFO:models.prophet_model:Training Prophet model...
INFO:prophet:n_changepoints greater than number of observations. Using 2.
DEBUG:cmdstanpy:input tempfile: /var/folders/18/11jzyg511q797ytnd5bh2rm00000gn/T/tmpe6e0tlxd/7nt43hwm.json
DEBUG:cmdstanpy:input tempfile: /var/folders/18/11jzyg511q797ytnd5bh2rm00000gn/T/tmpe6e0tlxd/uxb9t67s.json
DEBUG:cmdstanpy:idx 0
DEBUG:cmdstanpy:running CmdStan, num_threads: None
DEBUG:cmdstanpy:CmdStan args: ['/Users/rejeanzapanta/Downloads/OptiSync/ml-service/venv/lib/python3.11/site-packages/prophet/stan_model/prophet_model.bin', 'random', 'seed=31864', 'data', 'file=/var/folders/18/11jzyg511q797ytnd5bh2rm00000gn/T/tmpe6e0tlxd/7nt43hwm.json', 'init=/var/folders/18/11jzyg511q797ytnd5bh2rm00000gn/T/tmpe6e0tlxd/uxb9t67s.json', 'output', 'file=/var/folders/18/11jzyg511q797ytnd5bh2rm00000gn/T/tmpe6e0tlxd/prophet_modelquvsf_5d/prophet_model-20260318022928.csv', 'method=optimize', 'algorithm=newton', 'iter=10000']
02:29:28 - cmdstanpy - INFO - Chain [1] start processing
INFO:cmdstanpy:Chain [1] start processing
02:29:28 - cmdstanpy - INFO - Chain [1] done processing
INFO:cmdstanpy:Chain [1] done processing
INFO:models.prophet_model:Prophet model trained successfully with 4 data points
INFO:models.forecast:Prophet: Training complete
INFO:models.prophet_model:Generated forecast for 90 days
INFO:models.forecast:Prophet: Forecast generated with shape (94, 5)
INFO:models.forecast:Prophet success: True
INFO:models.forecast:XGBoost success: True
INFO:models.forecast:Creating ensemble forecast...
INFO:models.forecast:Creating ensemble forecast...
INFO:models.forecast:Ensemble forecast created with 184 rows
INFO:models.forecast:Formatted forecast with 9 data points
INFO:models.forecast:Generating recommendations...
INFO:models.forecast:Generated 2 recommendations
INFO:models.forecast:Calculating metrics...
INFO:models.forecast:Model used: ensemble
INFO:models.forecast:Confidence: 90.0
INFO:models.forecast:==================================================
INFO:app:Forecast generated. Model used: ensemble
INFO:app:REQUEST [20260318022928233529] - COMPLETED
INFO:app:==================================================
INFO:     127.0.0.1:55271 - "POST /api/forecast/demand HTTP/1.1" 500 Internal Server Error
ERROR:    Exception in ASGI application
Traceback (most recent call last):
  File "/Users/rejeanzapanta/Downloads/OptiSync/ml-service/venv/lib/python3.11/site-packages/uvicorn/protocols/http/httptools_impl.py", line 426, in run_asgi
    result = await app(  # type: ignore[func-returns-value]
             ^^^^^^^^^^^^^^^^^^^^^^^^^^^^^^^^^^^^^^^^^^^^^^
  File "/Users/rejeanzapanta/Downloads/OptiSync/ml-service/venv/lib/python3.11/site-packages/uvicorn/middleware/proxy_headers.py", line 84, in __call__
    return await self.app(scope, receive, send)
           ^^^^^^^^^^^^^^^^^^^^^^^^^^^^^^^^^^^^
  File "/Users/rejeanzapanta/Downloads/OptiSync/ml-service/venv/lib/python3.11/site-packages/fastapi/applications.py", line 1106, in __call__
    await super().__call__(scope, receive, send)
  File "/Users/rejeanzapanta/Downloads/OptiSync/ml-service/venv/lib/python3.11/site-packages/starlette/applications.py", line 122, in __call__
    await self.middleware_stack(scope, receive, send)
  File "/Users/rejeanzapanta/Downloads/OptiSync/ml-service/venv/lib/python3.11/site-packages/starlette/middleware/errors.py", line 184, in __call__
    raise exc
  File "/Users/rejeanzapanta/Downloads/OptiSync/ml-service/venv/lib/python3.11/site-packages/starlette/middleware/errors.py", line 162, in __call__
    await self.app(scope, receive, _send)
  File "/Users/rejeanzapanta/Downloads/OptiSync/ml-service/venv/lib/python3.11/site-packages/starlette/middleware/cors.py", line 91, in __call__
    await self.simple_response(scope, receive, send, request_headers=headers)
  File "/Users/rejeanzapanta/Downloads/OptiSync/ml-service/venv/lib/python3.11/site-packages/starlette/middleware/cors.py", line 146, in simple_response
    await self.app(scope, receive, send)
  File "/Users/rejeanzapanta/Downloads/OptiSync/ml-service/venv/lib/python3.11/site-packages/starlette/middleware/exceptions.py", line 79, in __call__
    raise exc
  File "/Users/rejeanzapanta/Downloads/OptiSync/ml-service/venv/lib/python3.11/site-packages/starlette/middleware/exceptions.py", line 68, in __call__
    await self.app(scope, receive, sender)
  File "/Users/rejeanzapanta/Downloads/OptiSync/ml-service/venv/lib/python3.11/site-packages/fastapi/middleware/asyncexitstack.py", line 20, in __call__
    raise e
  File "/Users/rejeanzapanta/Downloads/OptiSync/ml-service/venv/lib/python3.11/site-packages/fastapi/middleware/asyncexitstack.py", line 17, in __call__
    await self.app(scope, receive, send)
  File "/Users/rejeanzapanta/Downloads/OptiSync/ml-service/venv/lib/python3.11/site-packages/starlette/routing.py", line 718, in __call__
    await route.handle(scope, receive, send)
  File "/Users/rejeanzapanta/Downloads/OptiSync/ml-service/venv/lib/python3.11/site-packages/starlette/routing.py", line 276, in handle
    await self.app(scope, receive, send)
  File "/Users/rejeanzapanta/Downloads/OptiSync/ml-service/venv/lib/python3.11/site-packages/starlette/routing.py", line 66, in app
    response = await func(request)
               ^^^^^^^^^^^^^^^^^^^
  File "/Users/rejeanzapanta/Downloads/OptiSync/ml-service/venv/lib/python3.11/site-packages/fastapi/routing.py", line 303, in app
    response = actual_response_class(content, **response_args)
               ^^^^^^^^^^^^^^^^^^^^^^^^^^^^^^^^^^^^^^^^^^^^^^^
  File "/Users/rejeanzapanta/Downloads/OptiSync/ml-service/venv/lib/python3.11/site-packages/starlette/responses.py", line 196, in __init__
    super().__init__(content, status_code, headers, media_type, background)
  File "/Users/rejeanzapanta/Downloads/OptiSync/ml-service/venv/lib/python3.11/site-packages/starlette/responses.py", line 55, in __init__
    self.body = self.render(content)
                ^^^^^^^^^^^^^^^^^^^^
  File "/Users/rejeanzapanta/Downloads/OptiSync/ml-service/venv/lib/python3.11/site-packages/starlette/responses.py", line 199, in render
    return json.dumps(
           ^^^^^^^^^^^
  File "/opt/homebrew/Cellar/python@3.11/3.11.15/Frameworks/Python.framework/Versions/3.11/lib/python3.11/json/__init__.py", line 238, in dumps
    **kw).encode(obj)
          ^^^^^^^^^^^
  File "/opt/homebrew/Cellar/python@3.11/3.11.15/Frameworks/Python.framework/Versions/3.11/lib/python3.11/json/encoder.py", line 200, in encode
    chunks = self.iterencode(o, _one_shot=True)
             ^^^^^^^^^^^^^^^^^^^^^^^^^^^^^^^^^^
  File "/opt/homebrew/Cellar/python@3.11/3.11.15/Frameworks/Python.framework/Versions/3.11/lib/python3.11/json/encoder.py", line 258, in iterencode
    return _iterencode(o, 0)
           ^^^^^^^^^^^^^^^^^
ValueError: Out of range float values are not JSON compliant
INFO:app:==================================================
INFO:app:REQUEST [20260318022939300882] - New forecast request received
INFO:app:Total transactions: 19
INFO:app:Total products: 22
INFO:app:Completed transactions: 19
INFO:app:First transaction date: 2026-03-17 17:50:15.825000+00:00
INFO:app:Last transaction date: 2026-03-14 12:00:34.203000+00:00
INFO:app:Date range: 3 days
INFO:app:Converting to DataFrames...
INFO:app:DataFrame shapes: transactions=(19, 4), products=(22, 7)
INFO:app:Calling generate_ensemble_forecast...
INFO:models.forecast:==================================================
INFO:models.forecast:ENTERING generate_ensemble_forecast
INFO:models.forecast:transactions_df shape: (19, 4)
INFO:models.forecast:products_df shape: (22, 7)
INFO:models.forecast:forecast_months: 3
INFO:models.forecast:Transaction date range: 2026-03-14 12:00:34.203000+00:00 to 2026-03-17 17:50:15.825000+00:00
INFO:models.forecast:Total sales: 142925.0
INFO:models.forecast:Number of unique dates: 19
INFO:models.forecast:Starting Prophet task...
INFO:models.forecast:Starting XGBoost task...
INFO:models.forecast:Waiting for model tasks to complete...
INFO:models.forecast:Prophet: Starting training...
WARNING:models.utils:Limited data: only 3 days (recommended 30+)
INFO:models.utils:Prepared time series with 4 days of data
INFO:models.forecast:XGBoost: Starting training...
INFO:models.prophet_model:Data points: 4
WARNING:models.utils:Limited data: only 3 days (recommended 30+)
INFO:models.utils:Prepared time series with 4 days of data
WARNING:models.xgboost_model:Very limited training data: 1 rows
INFO:models.xgboost_model:Training data: 4 rows
INFO:models.xgboost_model:Training XGBoost model...
INFO:models.xgboost_model:XGBoost model trained successfully with 4 rows
INFO:models.forecast:XGBoost: Training complete
/Users/rejeanzapanta/Downloads/OptiSync/ml-service/venv/lib/python3.11/site-packages/sklearn/base.py:432: UserWarning: X has feature names, but StandardScaler was fitted without feature names
  warnings.warn(
/Users/rejeanzapanta/Downloads/OptiSync/ml-service/venv/lib/python3.11/site-packages/sklearn/utils/validation.py:767: FutureWarning: is_sparse is deprecated and will be removed in a future version. Check `isinstance(dtype, pd.SparseDtype)` instead.
  if not hasattr(array, "sparse") and array.dtypes.apply(is_sparse).any():
/Users/rejeanzapanta/Downloads/OptiSync/ml-service/venv/lib/python3.11/site-packages/sklearn/utils/validation.py:605: FutureWarning: is_sparse is deprecated and will be removed in a future version. Check `isinstance(dtype, pd.SparseDtype)` instead.
  if is_sparse(pd_dtype):
/Users/rejeanzapanta/Downloads/OptiSync/ml-service/venv/lib/python3.11/site-packages/sklearn/utils/validation.py:614: FutureWarning: is_sparse is deprecated and will be removed in a future version. Check `isinstance(dtype, pd.SparseDtype)` instead.
  if is_sparse(pd_dtype) or not is_extension_array_dtype(pd_dtype):
INFO:models.xgboost_model:Generated XGBoost forecast for 90 days
INFO:models.forecast:XGBoost: Forecast generated with shape (90, 5)
INFO:models.prophet_model:Training Prophet model...
INFO:prophet:n_changepoints greater than number of observations. Using 2.
DEBUG:cmdstanpy:input tempfile: /var/folders/18/11jzyg511q797ytnd5bh2rm00000gn/T/tmpe6e0tlxd/g2ruh0xc.json
DEBUG:cmdstanpy:input tempfile: /var/folders/18/11jzyg511q797ytnd5bh2rm00000gn/T/tmpe6e0tlxd/lkuoysv2.json
DEBUG:cmdstanpy:idx 0
DEBUG:cmdstanpy:running CmdStan, num_threads: None
DEBUG:cmdstanpy:CmdStan args: ['/Users/rejeanzapanta/Downloads/OptiSync/ml-service/venv/lib/python3.11/site-packages/prophet/stan_model/prophet_model.bin', 'random', 'seed=54794', 'data', 'file=/var/folders/18/11jzyg511q797ytnd5bh2rm00000gn/T/tmpe6e0tlxd/g2ruh0xc.json', 'init=/var/folders/18/11jzyg511q797ytnd5bh2rm00000gn/T/tmpe6e0tlxd/lkuoysv2.json', 'output', 'file=/var/folders/18/11jzyg511q797ytnd5bh2rm00000gn/T/tmpe6e0tlxd/prophet_modeltwotno9t/prophet_model-20260318022939.csv', 'method=optimize', 'algorithm=newton', 'iter=10000']
02:29:39 - cmdstanpy - INFO - Chain [1] start processing
INFO:cmdstanpy:Chain [1] start processing
02:29:39 - cmdstanpy - INFO - Chain [1] done processing
INFO:cmdstanpy:Chain [1] done processing
INFO:models.prophet_model:Prophet model trained successfully with 4 data points
INFO:models.forecast:Prophet: Training complete
INFO:models.prophet_model:Generated forecast for 90 days
INFO:models.forecast:Prophet: Forecast generated with shape (94, 5)
INFO:models.forecast:Prophet success: True
INFO:models.forecast:XGBoost success: True
INFO:models.forecast:Creating ensemble forecast...
INFO:models.forecast:Creating ensemble forecast...
INFO:models.forecast:Ensemble forecast created with 184 rows
INFO:models.forecast:Formatted forecast with 9 data points
INFO:models.forecast:Generating recommendations...
INFO:models.forecast:Generated 2 recommendations
INFO:models.forecast:Calculating metrics...
INFO:models.forecast:Model used: ensemble
INFO:models.forecast:Confidence: 90.0
INFO:models.forecast:==================================================
INFO:app:Forecast generated. Model used: ensemble
INFO:app:REQUEST [20260318022939300882] - COMPLETED
INFO:app:==================================================
INFO:     127.0.0.1:55279 - "POST /api/forecast/demand HTTP/1.1" 500 Internal Server Error
ERROR:    Exception in ASGI application
Traceback (most recent call last):
  File "/Users/rejeanzapanta/Downloads/OptiSync/ml-service/venv/lib/python3.11/site-packages/uvicorn/protocols/http/httptools_impl.py", line 426, in run_asgi
    result = await app(  # type: ignore[func-returns-value]
             ^^^^^^^^^^^^^^^^^^^^^^^^^^^^^^^^^^^^^^^^^^^^^^
  File "/Users/rejeanzapanta/Downloads/OptiSync/ml-service/venv/lib/python3.11/site-packages/uvicorn/middleware/proxy_headers.py", line 84, in __call__
    return await self.app(scope, receive, send)
           ^^^^^^^^^^^^^^^^^^^^^^^^^^^^^^^^^^^^
  File "/Users/rejeanzapanta/Downloads/OptiSync/ml-service/venv/lib/python3.11/site-packages/fastapi/applications.py", line 1106, in __call__
    await super().__call__(scope, receive, send)
  File "/Users/rejeanzapanta/Downloads/OptiSync/ml-service/venv/lib/python3.11/site-packages/starlette/applications.py", line 122, in __call__
    await self.middleware_stack(scope, receive, send)
  File "/Users/rejeanzapanta/Downloads/OptiSync/ml-service/venv/lib/python3.11/site-packages/starlette/middleware/errors.py", line 184, in __call__
    raise exc
  File "/Users/rejeanzapanta/Downloads/OptiSync/ml-service/venv/lib/python3.11/site-packages/starlette/middleware/errors.py", line 162, in __call__
    await self.app(scope, receive, _send)
  File "/Users/rejeanzapanta/Downloads/OptiSync/ml-service/venv/lib/python3.11/site-packages/starlette/middleware/cors.py", line 91, in __call__
    await self.simple_response(scope, receive, send, request_headers=headers)
  File "/Users/rejeanzapanta/Downloads/OptiSync/ml-service/venv/lib/python3.11/site-packages/starlette/middleware/cors.py", line 146, in simple_response
    await self.app(scope, receive, send)
  File "/Users/rejeanzapanta/Downloads/OptiSync/ml-service/venv/lib/python3.11/site-packages/starlette/middleware/exceptions.py", line 79, in __call__
    raise exc
  File "/Users/rejeanzapanta/Downloads/OptiSync/ml-service/venv/lib/python3.11/site-packages/starlette/middleware/exceptions.py", line 68, in __call__
    await self.app(scope, receive, sender)
  File "/Users/rejeanzapanta/Downloads/OptiSync/ml-service/venv/lib/python3.11/site-packages/fastapi/middleware/asyncexitstack.py", line 20, in __call__
    raise e
  File "/Users/rejeanzapanta/Downloads/OptiSync/ml-service/venv/lib/python3.11/site-packages/fastapi/middleware/asyncexitstack.py", line 17, in __call__
    await self.app(scope, receive, send)
  File "/Users/rejeanzapanta/Downloads/OptiSync/ml-service/venv/lib/python3.11/site-packages/starlette/routing.py", line 718, in __call__
    await route.handle(scope, receive, send)
  File "/Users/rejeanzapanta/Downloads/OptiSync/ml-service/venv/lib/python3.11/site-packages/starlette/routing.py", line 276, in handle
    await self.app(scope, receive, send)
  File "/Users/rejeanzapanta/Downloads/OptiSync/ml-service/venv/lib/python3.11/site-packages/starlette/routing.py", line 66, in app
    response = await func(request)
               ^^^^^^^^^^^^^^^^^^^
  File "/Users/rejeanzapanta/Downloads/OptiSync/ml-service/venv/lib/python3.11/site-packages/fastapi/routing.py", line 303, in app
    response = actual_response_class(content, **response_args)
               ^^^^^^^^^^^^^^^^^^^^^^^^^^^^^^^^^^^^^^^^^^^^^^^
  File "/Users/rejeanzapanta/Downloads/OptiSync/ml-service/venv/lib/python3.11/site-packages/starlette/responses.py", line 196, in __init__
    super().__init__(content, status_code, headers, media_type, background)
  File "/Users/rejeanzapanta/Downloads/OptiSync/ml-service/venv/lib/python3.11/site-packages/starlette/responses.py", line 55, in __init__
    self.body = self.render(content)
                ^^^^^^^^^^^^^^^^^^^^
  File "/Users/rejeanzapanta/Downloads/OptiSync/ml-service/venv/lib/python3.11/site-packages/starlette/responses.py", line 199, in render
    return json.dumps(
           ^^^^^^^^^^^
  File "/opt/homebrew/Cellar/python@3.11/3.11.15/Frameworks/Python.framework/Versions/3.11/lib/python3.11/json/__init__.py", line 238, in dumps
    **kw).encode(obj)
          ^^^^^^^^^^^
  File "/opt/homebrew/Cellar/python@3.11/3.11.15/Frameworks/Python.framework/Versions/3.11/lib/python3.11/json/encoder.py", line 200, in encode
    chunks = self.iterencode(o, _one_shot=True)
             ^^^^^^^^^^^^^^^^^^^^^^^^^^^^^^^^^^
  File "/opt/homebrew/Cellar/python@3.11/3.11.15/Frameworks/Python.framework/Versions/3.11/lib/python3.11/json/encoder.py", line 258, in iterencode
    return _iterencode(o, 0)
           ^^^^^^^^^^^^^^^^^
ValueError: Out of range float values are not JSON compliant
INFO:app:==================================================
INFO:app:REQUEST [20260318022944515785] - New forecast request received
INFO:app:Total transactions: 19
INFO:app:Total products: 22
INFO:app:Completed transactions: 19
INFO:app:First transaction date: 2026-03-17 17:50:15.825000+00:00
INFO:app:Last transaction date: 2026-03-14 12:00:34.203000+00:00
INFO:app:Date range: 3 days
INFO:app:Converting to DataFrames...
INFO:app:DataFrame shapes: transactions=(19, 4), products=(22, 7)
INFO:app:Calling generate_ensemble_forecast...
INFO:models.forecast:==================================================
INFO:models.forecast:ENTERING generate_ensemble_forecast
INFO:models.forecast:transactions_df shape: (19, 4)
INFO:models.forecast:products_df shape: (22, 7)
INFO:models.forecast:forecast_months: 3
INFO:models.forecast:Transaction date range: 2026-03-14 12:00:34.203000+00:00 to 2026-03-17 17:50:15.825000+00:00
INFO:models.forecast:Total sales: 142925.0
INFO:models.forecast:Number of unique dates: 19
INFO:models.forecast:Starting Prophet task...
INFO:models.forecast:Starting XGBoost task...
INFO:models.forecast:Waiting for model tasks to complete...
INFO:models.forecast:Prophet: Starting training...
INFO:models.forecast:XGBoost: Starting training...
WARNING:models.utils:Limited data: only 3 days (recommended 30+)
WARNING:models.utils:Limited data: only 3 days (recommended 30+)
INFO:models.utils:Prepared time series with 4 days of data
INFO:models.utils:Prepared time series with 4 days of data
INFO:models.prophet_model:Data points: 4
WARNING:models.xgboost_model:Very limited training data: 1 rows
INFO:models.xgboost_model:Training data: 4 rows
INFO:models.xgboost_model:Training XGBoost model...
INFO:models.xgboost_model:XGBoost model trained successfully with 4 rows
INFO:models.forecast:XGBoost: Training complete
/Users/rejeanzapanta/Downloads/OptiSync/ml-service/venv/lib/python3.11/site-packages/sklearn/base.py:432: UserWarning: X has feature names, but StandardScaler was fitted without feature names
  warnings.warn(
/Users/rejeanzapanta/Downloads/OptiSync/ml-service/venv/lib/python3.11/site-packages/sklearn/utils/validation.py:767: FutureWarning: is_sparse is deprecated and will be removed in a future version. Check `isinstance(dtype, pd.SparseDtype)` instead.
  if not hasattr(array, "sparse") and array.dtypes.apply(is_sparse).any():
/Users/rejeanzapanta/Downloads/OptiSync/ml-service/venv/lib/python3.11/site-packages/sklearn/utils/validation.py:605: FutureWarning: is_sparse is deprecated and will be removed in a future version. Check `isinstance(dtype, pd.SparseDtype)` instead.
  if is_sparse(pd_dtype):
/Users/rejeanzapanta/Downloads/OptiSync/ml-service/venv/lib/python3.11/site-packages/sklearn/utils/validation.py:614: FutureWarning: is_sparse is deprecated and will be removed in a future version. Check `isinstance(dtype, pd.SparseDtype)` instead.
  if is_sparse(pd_dtype) or not is_extension_array_dtype(pd_dtype):
INFO:models.xgboost_model:Generated XGBoost forecast for 90 days
INFO:models.forecast:XGBoost: Forecast generated with shape (90, 5)
INFO:models.prophet_model:Training Prophet model...
INFO:prophet:n_changepoints greater than number of observations. Using 2.
DEBUG:cmdstanpy:input tempfile: /var/folders/18/11jzyg511q797ytnd5bh2rm00000gn/T/tmpe6e0tlxd/_lvw9fo_.json
DEBUG:cmdstanpy:input tempfile: /var/folders/18/11jzyg511q797ytnd5bh2rm00000gn/T/tmpe6e0tlxd/7fni4evl.json
DEBUG:cmdstanpy:idx 0
DEBUG:cmdstanpy:running CmdStan, num_threads: None
DEBUG:cmdstanpy:CmdStan args: ['/Users/rejeanzapanta/Downloads/OptiSync/ml-service/venv/lib/python3.11/site-packages/prophet/stan_model/prophet_model.bin', 'random', 'seed=92612', 'data', 'file=/var/folders/18/11jzyg511q797ytnd5bh2rm00000gn/T/tmpe6e0tlxd/_lvw9fo_.json', 'init=/var/folders/18/11jzyg511q797ytnd5bh2rm00000gn/T/tmpe6e0tlxd/7fni4evl.json', 'output', 'file=/var/folders/18/11jzyg511q797ytnd5bh2rm00000gn/T/tmpe6e0tlxd/prophet_modeldzr98rii/prophet_model-20260318022944.csv', 'method=optimize', 'algorithm=newton', 'iter=10000']
02:29:44 - cmdstanpy - INFO - Chain [1] start processing
INFO:cmdstanpy:Chain [1] start processing
02:29:44 - cmdstanpy - INFO - Chain [1] done processing
INFO:cmdstanpy:Chain [1] done processing
INFO:models.prophet_model:Prophet model trained successfully with 4 data points
INFO:models.forecast:Prophet: Training complete
INFO:models.prophet_model:Generated forecast for 90 days
INFO:models.forecast:Prophet: Forecast generated with shape (94, 5)
INFO:models.forecast:Prophet success: True
INFO:models.forecast:XGBoost success: True
INFO:models.forecast:Creating ensemble forecast...
INFO:models.forecast:Creating ensemble forecast...
INFO:models.forecast:Ensemble forecast created with 184 rows
INFO:models.forecast:Formatted forecast with 9 data points
INFO:models.forecast:Generating recommendations...
INFO:models.forecast:Generated 2 recommendations
INFO:models.forecast:Calculating metrics...
INFO:models.forecast:Model used: ensemble
INFO:models.forecast:Confidence: 90.0
INFO:models.forecast:==================================================
INFO:app:Forecast generated. Model used: ensemble
INFO:app:REQUEST [20260318022944515785] - COMPLETED
INFO:app:==================================================
INFO:     127.0.0.1:55283 - "POST /api/forecast/demand HTTP/1.1" 500 Internal Server Error
ERROR:    Exception in ASGI application
Traceback (most recent call last):
  File "/Users/rejeanzapanta/Downloads/OptiSync/ml-service/venv/lib/python3.11/site-packages/uvicorn/protocols/http/httptools_impl.py", line 426, in run_asgi
    result = await app(  # type: ignore[func-returns-value]
             ^^^^^^^^^^^^^^^^^^^^^^^^^^^^^^^^^^^^^^^^^^^^^^
  File "/Users/rejeanzapanta/Downloads/OptiSync/ml-service/venv/lib/python3.11/site-packages/uvicorn/middleware/proxy_headers.py", line 84, in __call__
    return await self.app(scope, receive, send)
           ^^^^^^^^^^^^^^^^^^^^^^^^^^^^^^^^^^^^
  File "/Users/rejeanzapanta/Downloads/OptiSync/ml-service/venv/lib/python3.11/site-packages/fastapi/applications.py", line 1106, in __call__
    await super().__call__(scope, receive, send)
  File "/Users/rejeanzapanta/Downloads/OptiSync/ml-service/venv/lib/python3.11/site-packages/starlette/applications.py", line 122, in __call__
    await self.middleware_stack(scope, receive, send)
  File "/Users/rejeanzapanta/Downloads/OptiSync/ml-service/venv/lib/python3.11/site-packages/starlette/middleware/errors.py", line 184, in __call__
    raise exc
  File "/Users/rejeanzapanta/Downloads/OptiSync/ml-service/venv/lib/python3.11/site-packages/starlette/middleware/errors.py", line 162, in __call__
    await self.app(scope, receive, _send)
  File "/Users/rejeanzapanta/Downloads/OptiSync/ml-service/venv/lib/python3.11/site-packages/starlette/middleware/cors.py", line 91, in __call__
    await self.simple_response(scope, receive, send, request_headers=headers)
  File "/Users/rejeanzapanta/Downloads/OptiSync/ml-service/venv/lib/python3.11/site-packages/starlette/middleware/cors.py", line 146, in simple_response
    await self.app(scope, receive, send)
  File "/Users/rejeanzapanta/Downloads/OptiSync/ml-service/venv/lib/python3.11/site-packages/starlette/middleware/exceptions.py", line 79, in __call__
    raise exc
  File "/Users/rejeanzapanta/Downloads/OptiSync/ml-service/venv/lib/python3.11/site-packages/starlette/middleware/exceptions.py", line 68, in __call__
    await self.app(scope, receive, sender)
  File "/Users/rejeanzapanta/Downloads/OptiSync/ml-service/venv/lib/python3.11/site-packages/fastapi/middleware/asyncexitstack.py", line 20, in __call__
    raise e
  File "/Users/rejeanzapanta/Downloads/OptiSync/ml-service/venv/lib/python3.11/site-packages/fastapi/middleware/asyncexitstack.py", line 17, in __call__
    await self.app(scope, receive, send)
  File "/Users/rejeanzapanta/Downloads/OptiSync/ml-service/venv/lib/python3.11/site-packages/starlette/routing.py", line 718, in __call__
    await route.handle(scope, receive, send)
  File "/Users/rejeanzapanta/Downloads/OptiSync/ml-service/venv/lib/python3.11/site-packages/starlette/routing.py", line 276, in handle
    await self.app(scope, receive, send)
  File "/Users/rejeanzapanta/Downloads/OptiSync/ml-service/venv/lib/python3.11/site-packages/starlette/routing.py", line 66, in app
    response = await func(request)
               ^^^^^^^^^^^^^^^^^^^
  File "/Users/rejeanzapanta/Downloads/OptiSync/ml-service/venv/lib/python3.11/site-packages/fastapi/routing.py", line 303, in app
    response = actual_response_class(content, **response_args)
               ^^^^^^^^^^^^^^^^^^^^^^^^^^^^^^^^^^^^^^^^^^^^^^^
  File "/Users/rejeanzapanta/Downloads/OptiSync/ml-service/venv/lib/python3.11/site-packages/starlette/responses.py", line 196, in __init__
    super().__init__(content, status_code, headers, media_type, background)
  File "/Users/rejeanzapanta/Downloads/OptiSync/ml-service/venv/lib/python3.11/site-packages/starlette/responses.py", line 55, in __init__
    self.body = self.render(content)
                ^^^^^^^^^^^^^^^^^^^^
  File "/Users/rejeanzapanta/Downloads/OptiSync/ml-service/venv/lib/python3.11/site-packages/starlette/responses.py", line 199, in render
    return json.dumps(
           ^^^^^^^^^^^
  File "/opt/homebrew/Cellar/python@3.11/3.11.15/Frameworks/Python.framework/Versions/3.11/lib/python3.11/json/__init__.py", line 238, in dumps
    **kw).encode(obj)
          ^^^^^^^^^^^
  File "/opt/homebrew/Cellar/python@3.11/3.11.15/Frameworks/Python.framework/Versions/3.11/lib/python3.11/json/encoder.py", line 200, in encode
    chunks = self.iterencode(o, _one_shot=True)
             ^^^^^^^^^^^^^^^^^^^^^^^^^^^^^^^^^^
  File "/opt/homebrew/Cellar/python@3.11/3.11.15/Frameworks/Python.framework/Versions/3.11/lib/python3.11/json/encoder.py", line 258, in iterencode
    return _iterencode(o, 0)
           ^^^^^^^^^^^^^^^^^
ValueError: Out of range float values are not JSON compliant
INFO:app:==================================================
INFO:app:REQUEST [20260318023006159412] - New forecast request received
INFO:app:Total transactions: 19
INFO:app:Total products: 22
INFO:app:Completed transactions: 19
INFO:app:First transaction date: 2026-03-17 17:50:15.825000+00:00
INFO:app:Last transaction date: 2026-03-14 12:00:34.203000+00:00
INFO:app:Date range: 3 days
INFO:app:Converting to DataFrames...
INFO:app:DataFrame shapes: transactions=(19, 4), products=(22, 7)
INFO:app:Calling generate_ensemble_forecast...
INFO:models.forecast:==================================================
INFO:models.forecast:ENTERING generate_ensemble_forecast
INFO:models.forecast:transactions_df shape: (19, 4)
INFO:models.forecast:products_df shape: (22, 7)
INFO:models.forecast:forecast_months: 3
INFO:models.forecast:Transaction date range: 2026-03-14 12:00:34.203000+00:00 to 2026-03-17 17:50:15.825000+00:00
INFO:models.forecast:Total sales: 142925.0
INFO:models.forecast:Number of unique dates: 19
INFO:models.forecast:Starting Prophet task...
INFO:models.forecast:Starting XGBoost task...
INFO:models.forecast:Waiting for model tasks to complete...
INFO:models.forecast:Prophet: Starting training...
INFO:models.forecast:XGBoost: Starting training...
WARNING:models.utils:Limited data: only 3 days (recommended 30+)
WARNING:models.utils:Limited data: only 3 days (recommended 30+)
INFO:models.utils:Prepared time series with 4 days of data
INFO:models.prophet_model:Data points: 4
INFO:models.utils:Prepared time series with 4 days of data
WARNING:models.xgboost_model:Very limited training data: 1 rows
INFO:models.xgboost_model:Training data: 4 rows
INFO:models.xgboost_model:Training XGBoost model...
INFO:models.xgboost_model:XGBoost model trained successfully with 4 rows
INFO:models.forecast:XGBoost: Training complete
/Users/rejeanzapanta/Downloads/OptiSync/ml-service/venv/lib/python3.11/site-packages/sklearn/base.py:432: UserWarning: X has feature names, but StandardScaler was fitted without feature names
  warnings.warn(
/Users/rejeanzapanta/Downloads/OptiSync/ml-service/venv/lib/python3.11/site-packages/sklearn/utils/validation.py:767: FutureWarning: is_sparse is deprecated and will be removed in a future version. Check `isinstance(dtype, pd.SparseDtype)` instead.
  if not hasattr(array, "sparse") and array.dtypes.apply(is_sparse).any():
/Users/rejeanzapanta/Downloads/OptiSync/ml-service/venv/lib/python3.11/site-packages/sklearn/utils/validation.py:605: FutureWarning: is_sparse is deprecated and will be removed in a future version. Check `isinstance(dtype, pd.SparseDtype)` instead.
  if is_sparse(pd_dtype):
/Users/rejeanzapanta/Downloads/OptiSync/ml-service/venv/lib/python3.11/site-packages/sklearn/utils/validation.py:614: FutureWarning: is_sparse is deprecated and will be removed in a future version. Check `isinstance(dtype, pd.SparseDtype)` instead.
  if is_sparse(pd_dtype) or not is_extension_array_dtype(pd_dtype):
INFO:models.xgboost_model:Generated XGBoost forecast for 90 days
INFO:models.forecast:XGBoost: Forecast generated with shape (90, 5)
INFO:models.prophet_model:Training Prophet model...
INFO:prophet:n_changepoints greater than number of observations. Using 2.
DEBUG:cmdstanpy:input tempfile: /var/folders/18/11jzyg511q797ytnd5bh2rm00000gn/T/tmpe6e0tlxd/9235wrmp.json
DEBUG:cmdstanpy:input tempfile: /var/folders/18/11jzyg511q797ytnd5bh2rm00000gn/T/tmpe6e0tlxd/7o1hnkf2.json
DEBUG:cmdstanpy:idx 0
DEBUG:cmdstanpy:running CmdStan, num_threads: None
DEBUG:cmdstanpy:CmdStan args: ['/Users/rejeanzapanta/Downloads/OptiSync/ml-service/venv/lib/python3.11/site-packages/prophet/stan_model/prophet_model.bin', 'random', 'seed=52406', 'data', 'file=/var/folders/18/11jzyg511q797ytnd5bh2rm00000gn/T/tmpe6e0tlxd/9235wrmp.json', 'init=/var/folders/18/11jzyg511q797ytnd5bh2rm00000gn/T/tmpe6e0tlxd/7o1hnkf2.json', 'output', 'file=/var/folders/18/11jzyg511q797ytnd5bh2rm00000gn/T/tmpe6e0tlxd/prophet_model54w50nnv/prophet_model-20260318023006.csv', 'method=optimize', 'algorithm=newton', 'iter=10000']
02:30:06 - cmdstanpy - INFO - Chain [1] start processing
INFO:cmdstanpy:Chain [1] start processing
02:30:06 - cmdstanpy - INFO - Chain [1] done processing
INFO:cmdstanpy:Chain [1] done processing
INFO:models.prophet_model:Prophet model trained successfully with 4 data points
INFO:models.forecast:Prophet: Training complete
INFO:models.prophet_model:Generated forecast for 90 days
INFO:models.forecast:Prophet: Forecast generated with shape (94, 5)
INFO:models.forecast:Prophet success: True
INFO:models.forecast:XGBoost success: True
INFO:models.forecast:Creating ensemble forecast...
INFO:models.forecast:Creating ensemble forecast...
INFO:models.forecast:Ensemble forecast created with 184 rows
INFO:models.forecast:Formatted forecast with 9 data points
INFO:models.forecast:Generating recommendations...
INFO:models.forecast:Generated 2 recommendations
INFO:models.forecast:Calculating metrics...
INFO:models.forecast:Model used: ensemble
INFO:models.forecast:Confidence: 90.0
INFO:models.forecast:==================================================
INFO:app:Forecast generated. Model used: ensemble
INFO:app:REQUEST [20260318023006159412] - COMPLETED
INFO:app:==================================================
INFO:     127.0.0.1:55290 - "POST /api/forecast/demand HTTP/1.1" 500 Internal Server Error
ERROR:    Exception in ASGI application
Traceback (most recent call last):
  File "/Users/rejeanzapanta/Downloads/OptiSync/ml-service/venv/lib/python3.11/site-packages/uvicorn/protocols/http/httptools_impl.py", line 426, in run_asgi
    result = await app(  # type: ignore[func-returns-value]
             ^^^^^^^^^^^^^^^^^^^^^^^^^^^^^^^^^^^^^^^^^^^^^^
  File "/Users/rejeanzapanta/Downloads/OptiSync/ml-service/venv/lib/python3.11/site-packages/uvicorn/middleware/proxy_headers.py", line 84, in __call__
    return await self.app(scope, receive, send)
           ^^^^^^^^^^^^^^^^^^^^^^^^^^^^^^^^^^^^
  File "/Users/rejeanzapanta/Downloads/OptiSync/ml-service/venv/lib/python3.11/site-packages/fastapi/applications.py", line 1106, in __call__
    await super().__call__(scope, receive, send)
  File "/Users/rejeanzapanta/Downloads/OptiSync/ml-service/venv/lib/python3.11/site-packages/starlette/applications.py", line 122, in __call__
    await self.middleware_stack(scope, receive, send)
  File "/Users/rejeanzapanta/Downloads/OptiSync/ml-service/venv/lib/python3.11/site-packages/starlette/middleware/errors.py", line 184, in __call__
    raise exc
  File "/Users/rejeanzapanta/Downloads/OptiSync/ml-service/venv/lib/python3.11/site-packages/starlette/middleware/errors.py", line 162, in __call__
    await self.app(scope, receive, _send)
  File "/Users/rejeanzapanta/Downloads/OptiSync/ml-service/venv/lib/python3.11/site-packages/starlette/middleware/cors.py", line 91, in __call__
    await self.simple_response(scope, receive, send, request_headers=headers)
  File "/Users/rejeanzapanta/Downloads/OptiSync/ml-service/venv/lib/python3.11/site-packages/starlette/middleware/cors.py", line 146, in simple_response
    await self.app(scope, receive, send)
  File "/Users/rejeanzapanta/Downloads/OptiSync/ml-service/venv/lib/python3.11/site-packages/starlette/middleware/exceptions.py", line 79, in __call__
    raise exc
  File "/Users/rejeanzapanta/Downloads/OptiSync/ml-service/venv/lib/python3.11/site-packages/starlette/middleware/exceptions.py", line 68, in __call__
    await self.app(scope, receive, sender)
  File "/Users/rejeanzapanta/Downloads/OptiSync/ml-service/venv/lib/python3.11/site-packages/fastapi/middleware/asyncexitstack.py", line 20, in __call__
    raise e
  File "/Users/rejeanzapanta/Downloads/OptiSync/ml-service/venv/lib/python3.11/site-packages/fastapi/middleware/asyncexitstack.py", line 17, in __call__
    await self.app(scope, receive, send)
  File "/Users/rejeanzapanta/Downloads/OptiSync/ml-service/venv/lib/python3.11/site-packages/starlette/routing.py", line 718, in __call__
    await route.handle(scope, receive, send)
  File "/Users/rejeanzapanta/Downloads/OptiSync/ml-service/venv/lib/python3.11/site-packages/starlette/routing.py", line 276, in handle
    await self.app(scope, receive, send)
  File "/Users/rejeanzapanta/Downloads/OptiSync/ml-service/venv/lib/python3.11/site-packages/starlette/routing.py", line 66, in app
    response = await func(request)
               ^^^^^^^^^^^^^^^^^^^
  File "/Users/rejeanzapanta/Downloads/OptiSync/ml-service/venv/lib/python3.11/site-packages/fastapi/routing.py", line 303, in app
    response = actual_response_class(content, **response_args)
               ^^^^^^^^^^^^^^^^^^^^^^^^^^^^^^^^^^^^^^^^^^^^^^^
  File "/Users/rejeanzapanta/Downloads/OptiSync/ml-service/venv/lib/python3.11/site-packages/starlette/responses.py", line 196, in __init__
    super().__init__(content, status_code, headers, media_type, background)
  File "/Users/rejeanzapanta/Downloads/OptiSync/ml-service/venv/lib/python3.11/site-packages/starlette/responses.py", line 55, in __init__
    self.body = self.render(content)
                ^^^^^^^^^^^^^^^^^^^^
  File "/Users/rejeanzapanta/Downloads/OptiSync/ml-service/venv/lib/python3.11/site-packages/starlette/responses.py", line 199, in render
    return json.dumps(
           ^^^^^^^^^^^
  File "/opt/homebrew/Cellar/python@3.11/3.11.15/Frameworks/Python.framework/Versions/3.11/lib/python3.11/json/__init__.py", line 238, in dumps
    **kw).encode(obj)
          ^^^^^^^^^^^
  File "/opt/homebrew/Cellar/python@3.11/3.11.15/Frameworks/Python.framework/Versions/3.11/lib/python3.11/json/encoder.py", line 200, in encode
    chunks = self.iterencode(o, _one_shot=True)
             ^^^^^^^^^^^^^^^^^^^^^^^^^^^^^^^^^^
  File "/opt/homebrew/Cellar/python@3.11/3.11.15/Frameworks/Python.framework/Versions/3.11/lib/python3.11/json/encoder.py", line 258, in iterencode
    return _iterencode(o, 0)
           ^^^^^^^^^^^^^^^^^
ValueError: Out of range float values are not JSON compliant
INFO:app:==================================================
INFO:app:REQUEST [20260318023122367485] - New forecast request received
INFO:app:Total transactions: 19
INFO:app:Total products: 22
INFO:app:Completed transactions: 19
INFO:app:First transaction date: 2026-03-17 17:50:15.825000+00:00
INFO:app:Last transaction date: 2026-03-14 12:00:34.203000+00:00
INFO:app:Date range: 3 days
INFO:app:Converting to DataFrames...
INFO:app:DataFrame shapes: transactions=(19, 4), products=(22, 7)
INFO:app:Calling generate_ensemble_forecast...
INFO:models.forecast:==================================================
INFO:models.forecast:ENTERING generate_ensemble_forecast
INFO:models.forecast:transactions_df shape: (19, 4)
INFO:models.forecast:products_df shape: (22, 7)
INFO:models.forecast:forecast_months: 3
INFO:models.forecast:Transaction date range: 2026-03-14 12:00:34.203000+00:00 to 2026-03-17 17:50:15.825000+00:00
INFO:models.forecast:Total sales: 142925.0
INFO:models.forecast:Number of unique dates: 19
INFO:models.forecast:Starting Prophet task...
INFO:models.forecast:Starting XGBoost task...
INFO:models.forecast:Waiting for model tasks to complete...
INFO:models.forecast:Prophet: Starting training...
INFO:models.forecast:XGBoost: Starting training...
WARNING:models.utils:Limited data: only 3 days (recommended 30+)
WARNING:models.utils:Limited data: only 3 days (recommended 30+)
INFO:models.utils:Prepared time series with 4 days of data
INFO:models.utils:Prepared time series with 4 days of data
INFO:models.prophet_model:Data points: 4
WARNING:models.xgboost_model:Very limited training data: 1 rows
INFO:models.xgboost_model:Training data: 4 rows
INFO:models.xgboost_model:Training XGBoost model...
INFO:models.xgboost_model:XGBoost model trained successfully with 4 rows
INFO:models.forecast:XGBoost: Training complete
/Users/rejeanzapanta/Downloads/OptiSync/ml-service/venv/lib/python3.11/site-packages/sklearn/base.py:432: UserWarning: X has feature names, but StandardScaler was fitted without feature names
  warnings.warn(
/Users/rejeanzapanta/Downloads/OptiSync/ml-service/venv/lib/python3.11/site-packages/sklearn/utils/validation.py:767: FutureWarning: is_sparse is deprecated and will be removed in a future version. Check `isinstance(dtype, pd.SparseDtype)` instead.
  if not hasattr(array, "sparse") and array.dtypes.apply(is_sparse).any():
/Users/rejeanzapanta/Downloads/OptiSync/ml-service/venv/lib/python3.11/site-packages/sklearn/utils/validation.py:605: FutureWarning: is_sparse is deprecated and will be removed in a future version. Check `isinstance(dtype, pd.SparseDtype)` instead.
  if is_sparse(pd_dtype):
/Users/rejeanzapanta/Downloads/OptiSync/ml-service/venv/lib/python3.11/site-packages/sklearn/utils/validation.py:614: FutureWarning: is_sparse is deprecated and will be removed in a future version. Check `isinstance(dtype, pd.SparseDtype)` instead.
  if is_sparse(pd_dtype) or not is_extension_array_dtype(pd_dtype):
INFO:models.xgboost_model:Generated XGBoost forecast for 90 days
INFO:models.forecast:XGBoost: Forecast generated with shape (90, 5)
INFO:models.prophet_model:Training Prophet model...
INFO:prophet:n_changepoints greater than number of observations. Using 2.
DEBUG:cmdstanpy:input tempfile: /var/folders/18/11jzyg511q797ytnd5bh2rm00000gn/T/tmpe6e0tlxd/7xast9q9.json
DEBUG:cmdstanpy:input tempfile: /var/folders/18/11jzyg511q797ytnd5bh2rm00000gn/T/tmpe6e0tlxd/l0aywqa0.json
DEBUG:cmdstanpy:idx 0
DEBUG:cmdstanpy:running CmdStan, num_threads: None
DEBUG:cmdstanpy:CmdStan args: ['/Users/rejeanzapanta/Downloads/OptiSync/ml-service/venv/lib/python3.11/site-packages/prophet/stan_model/prophet_model.bin', 'random', 'seed=17148', 'data', 'file=/var/folders/18/11jzyg511q797ytnd5bh2rm00000gn/T/tmpe6e0tlxd/7xast9q9.json', 'init=/var/folders/18/11jzyg511q797ytnd5bh2rm00000gn/T/tmpe6e0tlxd/l0aywqa0.json', 'output', 'file=/var/folders/18/11jzyg511q797ytnd5bh2rm00000gn/T/tmpe6e0tlxd/prophet_model0e6purwi/prophet_model-20260318023122.csv', 'method=optimize', 'algorithm=newton', 'iter=10000']
02:31:22 - cmdstanpy - INFO - Chain [1] start processing
INFO:cmdstanpy:Chain [1] start processing
02:31:22 - cmdstanpy - INFO - Chain [1] done processing
INFO:cmdstanpy:Chain [1] done processing
INFO:models.prophet_model:Prophet model trained successfully with 4 data points
INFO:models.forecast:Prophet: Training complete
INFO:models.prophet_model:Generated forecast for 90 days
INFO:models.forecast:Prophet: Forecast generated with shape (94, 5)
INFO:models.forecast:Prophet success: True
INFO:models.forecast:XGBoost success: True
INFO:models.forecast:Creating ensemble forecast...
INFO:models.forecast:Creating ensemble forecast...
INFO:models.forecast:Ensemble forecast created with 184 rows
INFO:models.forecast:Formatted forecast with 9 data points
INFO:models.forecast:Generating recommendations...
INFO:models.forecast:Generated 2 recommendations
INFO:models.forecast:Calculating metrics...
INFO:models.forecast:Model used: ensemble
INFO:models.forecast:Confidence: 90.0
INFO:models.forecast:==================================================
INFO:app:Forecast generated. Model used: ensemble
INFO:app:REQUEST [20260318023122367485] - COMPLETED
INFO:app:==================================================
INFO:     127.0.0.1:55304 - "POST /api/forecast/demand HTTP/1.1" 500 Internal Server Error
ERROR:    Exception in ASGI application
Traceback (most recent call last):
  File "/Users/rejeanzapanta/Downloads/OptiSync/ml-service/venv/lib/python3.11/site-packages/uvicorn/protocols/http/httptools_impl.py", line 426, in run_asgi
    result = await app(  # type: ignore[func-returns-value]
             ^^^^^^^^^^^^^^^^^^^^^^^^^^^^^^^^^^^^^^^^^^^^^^
  File "/Users/rejeanzapanta/Downloads/OptiSync/ml-service/venv/lib/python3.11/site-packages/uvicorn/middleware/proxy_headers.py", line 84, in __call__
    return await self.app(scope, receive, send)
           ^^^^^^^^^^^^^^^^^^^^^^^^^^^^^^^^^^^^
  File "/Users/rejeanzapanta/Downloads/OptiSync/ml-service/venv/lib/python3.11/site-packages/fastapi/applications.py", line 1106, in __call__
    await super().__call__(scope, receive, send)
  File "/Users/rejeanzapanta/Downloads/OptiSync/ml-service/venv/lib/python3.11/site-packages/starlette/applications.py", line 122, in __call__
    await self.middleware_stack(scope, receive, send)
  File "/Users/rejeanzapanta/Downloads/OptiSync/ml-service/venv/lib/python3.11/site-packages/starlette/middleware/errors.py", line 184, in __call__
    raise exc
  File "/Users/rejeanzapanta/Downloads/OptiSync/ml-service/venv/lib/python3.11/site-packages/starlette/middleware/errors.py", line 162, in __call__
    await self.app(scope, receive, _send)
  File "/Users/rejeanzapanta/Downloads/OptiSync/ml-service/venv/lib/python3.11/site-packages/starlette/middleware/cors.py", line 91, in __call__
    await self.simple_response(scope, receive, send, request_headers=headers)
  File "/Users/rejeanzapanta/Downloads/OptiSync/ml-service/venv/lib/python3.11/site-packages/starlette/middleware/cors.py", line 146, in simple_response
    await self.app(scope, receive, send)
  File "/Users/rejeanzapanta/Downloads/OptiSync/ml-service/venv/lib/python3.11/site-packages/starlette/middleware/exceptions.py", line 79, in __call__
    raise exc
  File "/Users/rejeanzapanta/Downloads/OptiSync/ml-service/venv/lib/python3.11/site-packages/starlette/middleware/exceptions.py", line 68, in __call__
    await self.app(scope, receive, sender)
  File "/Users/rejeanzapanta/Downloads/OptiSync/ml-service/venv/lib/python3.11/site-packages/fastapi/middleware/asyncexitstack.py", line 20, in __call__
    raise e
  File "/Users/rejeanzapanta/Downloads/OptiSync/ml-service/venv/lib/python3.11/site-packages/fastapi/middleware/asyncexitstack.py", line 17, in __call__
    await self.app(scope, receive, send)
  File "/Users/rejeanzapanta/Downloads/OptiSync/ml-service/venv/lib/python3.11/site-packages/starlette/routing.py", line 718, in __call__
    await route.handle(scope, receive, send)
  File "/Users/rejeanzapanta/Downloads/OptiSync/ml-service/venv/lib/python3.11/site-packages/starlette/routing.py", line 276, in handle
    await self.app(scope, receive, send)
  File "/Users/rejeanzapanta/Downloads/OptiSync/ml-service/venv/lib/python3.11/site-packages/starlette/routing.py", line 66, in app
    response = await func(request)
               ^^^^^^^^^^^^^^^^^^^
  File "/Users/rejeanzapanta/Downloads/OptiSync/ml-service/venv/lib/python3.11/site-packages/fastapi/routing.py", line 303, in app
    response = actual_response_class(content, **response_args)
               ^^^^^^^^^^^^^^^^^^^^^^^^^^^^^^^^^^^^^^^^^^^^^^^
  File "/Users/rejeanzapanta/Downloads/OptiSync/ml-service/venv/lib/python3.11/site-packages/starlette/responses.py", line 196, in __init__
    super().__init__(content, status_code, headers, media_type, background)
  File "/Users/rejeanzapanta/Downloads/OptiSync/ml-service/venv/lib/python3.11/site-packages/starlette/responses.py", line 55, in __init__
    self.body = self.render(content)
                ^^^^^^^^^^^^^^^^^^^^
  File "/Users/rejeanzapanta/Downloads/OptiSync/ml-service/venv/lib/python3.11/site-packages/starlette/responses.py", line 199, in render
    return json.dumps(
           ^^^^^^^^^^^
  File "/opt/homebrew/Cellar/python@3.11/3.11.15/Frameworks/Python.framework/Versions/3.11/lib/python3.11/json/__init__.py", line 238, in dumps
    **kw).encode(obj)
          ^^^^^^^^^^^
  File "/opt/homebrew/Cellar/python@3.11/3.11.15/Frameworks/Python.framework/Versions/3.11/lib/python3.11/json/encoder.py", line 200, in encode
    chunks = self.iterencode(o, _one_shot=True)
             ^^^^^^^^^^^^^^^^^^^^^^^^^^^^^^^^^^
  File "/opt/homebrew/Cellar/python@3.11/3.11.15/Frameworks/Python.framework/Versions/3.11/lib/python3.11/json/encoder.py", line 258, in iterencode
    return _iterencode(o, 0)
           ^^^^^^^^^^^^^^^^^
ValueError: Out of range float values are not JSON compliant
INFO:     127.0.0.1:55393 - "OPTIONS /api/forecast/demand HTTP/1.1" 200 OK
INFO:app:==================================================
INFO:app:REQUEST [20260318023359131003] - New forecast request received
INFO:app:Total transactions: 19
INFO:app:Total products: 22
INFO:app:Completed transactions: 19
INFO:app:First transaction date: 2026-03-17 17:50:15.825000+00:00
INFO:app:Last transaction date: 2026-03-14 12:00:34.203000+00:00
INFO:app:Date range: 3 days
INFO:app:Converting to DataFrames...
INFO:app:DataFrame shapes: transactions=(19, 4), products=(22, 7)
INFO:app:Calling generate_ensemble_forecast...
INFO:models.forecast:==================================================
INFO:models.forecast:ENTERING generate_ensemble_forecast
INFO:models.forecast:transactions_df shape: (19, 4)
INFO:models.forecast:products_df shape: (22, 7)
INFO:models.forecast:forecast_months: 3
INFO:models.forecast:Transaction date range: 2026-03-14 12:00:34.203000+00:00 to 2026-03-17 17:50:15.825000+00:00
INFO:models.forecast:Total sales: 142925.0
INFO:models.forecast:Number of unique dates: 19
INFO:models.forecast:Starting Prophet task...
INFO:models.forecast:Starting XGBoost task...
INFO:models.forecast:Waiting for model tasks to complete...
INFO:models.forecast:Prophet: Starting training...
WARNING:models.utils:Limited data: only 3 days (recommended 30+)
INFO:models.forecast:XGBoost: Starting training...
INFO:models.utils:Prepared time series with 4 days of data
WARNING:models.utils:Limited data: only 3 days (recommended 30+)
INFO:models.prophet_model:Data points: 4
INFO:models.utils:Prepared time series with 4 days of data
WARNING:models.xgboost_model:Very limited training data: 1 rows
INFO:models.xgboost_model:Training data: 4 rows
INFO:models.xgboost_model:Training XGBoost model...
INFO:models.xgboost_model:XGBoost model trained successfully with 4 rows
INFO:models.forecast:XGBoost: Training complete
/Users/rejeanzapanta/Downloads/OptiSync/ml-service/venv/lib/python3.11/site-packages/sklearn/base.py:432: UserWarning: X has feature names, but StandardScaler was fitted without feature names
  warnings.warn(
/Users/rejeanzapanta/Downloads/OptiSync/ml-service/venv/lib/python3.11/site-packages/sklearn/utils/validation.py:767: FutureWarning: is_sparse is deprecated and will be removed in a future version. Check `isinstance(dtype, pd.SparseDtype)` instead.
  if not hasattr(array, "sparse") and array.dtypes.apply(is_sparse).any():
/Users/rejeanzapanta/Downloads/OptiSync/ml-service/venv/lib/python3.11/site-packages/sklearn/utils/validation.py:605: FutureWarning: is_sparse is deprecated and will be removed in a future version. Check `isinstance(dtype, pd.SparseDtype)` instead.
  if is_sparse(pd_dtype):
/Users/rejeanzapanta/Downloads/OptiSync/ml-service/venv/lib/python3.11/site-packages/sklearn/utils/validation.py:614: FutureWarning: is_sparse is deprecated and will be removed in a future version. Check `isinstance(dtype, pd.SparseDtype)` instead.
  if is_sparse(pd_dtype) or not is_extension_array_dtype(pd_dtype):
INFO:models.xgboost_model:Generated XGBoost forecast for 90 days
INFO:models.forecast:XGBoost: Forecast generated with shape (90, 5)
INFO:models.prophet_model:Training Prophet model...
INFO:prophet:n_changepoints greater than number of observations. Using 2.
DEBUG:cmdstanpy:input tempfile: /var/folders/18/11jzyg511q797ytnd5bh2rm00000gn/T/tmpe6e0tlxd/pfnz71af.json
DEBUG:cmdstanpy:input tempfile: /var/folders/18/11jzyg511q797ytnd5bh2rm00000gn/T/tmpe6e0tlxd/p0jf7dnd.json
DEBUG:cmdstanpy:idx 0
DEBUG:cmdstanpy:running CmdStan, num_threads: None
DEBUG:cmdstanpy:CmdStan args: ['/Users/rejeanzapanta/Downloads/OptiSync/ml-service/venv/lib/python3.11/site-packages/prophet/stan_model/prophet_model.bin', 'random', 'seed=59650', 'data', 'file=/var/folders/18/11jzyg511q797ytnd5bh2rm00000gn/T/tmpe6e0tlxd/pfnz71af.json', 'init=/var/folders/18/11jzyg511q797ytnd5bh2rm00000gn/T/tmpe6e0tlxd/p0jf7dnd.json', 'output', 'file=/var/folders/18/11jzyg511q797ytnd5bh2rm00000gn/T/tmpe6e0tlxd/prophet_model1rl28fis/prophet_model-20260318023359.csv', 'method=optimize', 'algorithm=newton', 'iter=10000']
02:33:59 - cmdstanpy - INFO - Chain [1] start processing
INFO:cmdstanpy:Chain [1] start processing
02:33:59 - cmdstanpy - INFO - Chain [1] done processing
INFO:cmdstanpy:Chain [1] done processing
INFO:models.prophet_model:Prophet model trained successfully with 4 data points
INFO:models.forecast:Prophet: Training complete
INFO:models.prophet_model:Generated forecast for 90 days
INFO:models.forecast:Prophet: Forecast generated with shape (94, 5)
INFO:models.forecast:Prophet success: True
INFO:models.forecast:XGBoost success: True
INFO:models.forecast:Creating ensemble forecast...
INFO:models.forecast:Creating ensemble forecast...
INFO:models.forecast:Ensemble forecast created with 184 rows
INFO:models.forecast:Formatted forecast with 9 data points
INFO:models.forecast:Generating recommendations...
INFO:models.forecast:Generated 2 recommendations
INFO:models.forecast:Calculating metrics...
INFO:models.forecast:Model used: ensemble
INFO:models.forecast:Confidence: 90.0
INFO:models.forecast:==================================================
INFO:app:Forecast generated. Model used: ensemble
INFO:app:REQUEST [20260318023359131003] - COMPLETED
INFO:app:==================================================
INFO:     127.0.0.1:55393 - "POST /api/forecast/demand HTTP/1.1" 500 Internal Server Error
ERROR:    Exception in ASGI application
Traceback (most recent call last):
  File "/Users/rejeanzapanta/Downloads/OptiSync/ml-service/venv/lib/python3.11/site-packages/uvicorn/protocols/http/httptools_impl.py", line 426, in run_asgi
    result = await app(  # type: ignore[func-returns-value]
             ^^^^^^^^^^^^^^^^^^^^^^^^^^^^^^^^^^^^^^^^^^^^^^
  File "/Users/rejeanzapanta/Downloads/OptiSync/ml-service/venv/lib/python3.11/site-packages/uvicorn/middleware/proxy_headers.py", line 84, in __call__
    return await self.app(scope, receive, send)
           ^^^^^^^^^^^^^^^^^^^^^^^^^^^^^^^^^^^^
  File "/Users/rejeanzapanta/Downloads/OptiSync/ml-service/venv/lib/python3.11/site-packages/fastapi/applications.py", line 1106, in __call__
    await super().__call__(scope, receive, send)
  File "/Users/rejeanzapanta/Downloads/OptiSync/ml-service/venv/lib/python3.11/site-packages/starlette/applications.py", line 122, in __call__
    await self.middleware_stack(scope, receive, send)
  File "/Users/rejeanzapanta/Downloads/OptiSync/ml-service/venv/lib/python3.11/site-packages/starlette/middleware/errors.py", line 184, in __call__
    raise exc
  File "/Users/rejeanzapanta/Downloads/OptiSync/ml-service/venv/lib/python3.11/site-packages/starlette/middleware/errors.py", line 162, in __call__
    await self.app(scope, receive, _send)
  File "/Users/rejeanzapanta/Downloads/OptiSync/ml-service/venv/lib/python3.11/site-packages/starlette/middleware/cors.py", line 91, in __call__
    await self.simple_response(scope, receive, send, request_headers=headers)
  File "/Users/rejeanzapanta/Downloads/OptiSync/ml-service/venv/lib/python3.11/site-packages/starlette/middleware/cors.py", line 146, in simple_response
    await self.app(scope, receive, send)
  File "/Users/rejeanzapanta/Downloads/OptiSync/ml-service/venv/lib/python3.11/site-packages/starlette/middleware/exceptions.py", line 79, in __call__
    raise exc
  File "/Users/rejeanzapanta/Downloads/OptiSync/ml-service/venv/lib/python3.11/site-packages/starlette/middleware/exceptions.py", line 68, in __call__
    await self.app(scope, receive, sender)
  File "/Users/rejeanzapanta/Downloads/OptiSync/ml-service/venv/lib/python3.11/site-packages/fastapi/middleware/asyncexitstack.py", line 20, in __call__
    raise e
  File "/Users/rejeanzapanta/Downloads/OptiSync/ml-service/venv/lib/python3.11/site-packages/fastapi/middleware/asyncexitstack.py", line 17, in __call__
    await self.app(scope, receive, send)
  File "/Users/rejeanzapanta/Downloads/OptiSync/ml-service/venv/lib/python3.11/site-packages/starlette/routing.py", line 718, in __call__
    await route.handle(scope, receive, send)
  File "/Users/rejeanzapanta/Downloads/OptiSync/ml-service/venv/lib/python3.11/site-packages/starlette/routing.py", line 276, in handle
    await self.app(scope, receive, send)
  File "/Users/rejeanzapanta/Downloads/OptiSync/ml-service/venv/lib/python3.11/site-packages/starlette/routing.py", line 66, in app
    response = await func(request)
               ^^^^^^^^^^^^^^^^^^^
  File "/Users/rejeanzapanta/Downloads/OptiSync/ml-service/venv/lib/python3.11/site-packages/fastapi/routing.py", line 303, in app
    response = actual_response_class(content, **response_args)
               ^^^^^^^^^^^^^^^^^^^^^^^^^^^^^^^^^^^^^^^^^^^^^^^
  File "/Users/rejeanzapanta/Downloads/OptiSync/ml-service/venv/lib/python3.11/site-packages/starlette/responses.py", line 196, in __init__
    super().__init__(content, status_code, headers, media_type, background)
  File "/Users/rejeanzapanta/Downloads/OptiSync/ml-service/venv/lib/python3.11/site-packages/starlette/responses.py", line 55, in __init__
    self.body = self.render(content)
                ^^^^^^^^^^^^^^^^^^^^
  File "/Users/rejeanzapanta/Downloads/OptiSync/ml-service/venv/lib/python3.11/site-packages/starlette/responses.py", line 199, in render
    return json.dumps(
           ^^^^^^^^^^^
  File "/opt/homebrew/Cellar/python@3.11/3.11.15/Frameworks/Python.framework/Versions/3.11/lib/python3.11/json/__init__.py", line 238, in dumps
    **kw).encode(obj)
          ^^^^^^^^^^^
  File "/opt/homebrew/Cellar/python@3.11/3.11.15/Frameworks/Python.framework/Versions/3.11/lib/python3.11/json/encoder.py", line 200, in encode
    chunks = self.iterencode(o, _one_shot=True)
             ^^^^^^^^^^^^^^^^^^^^^^^^^^^^^^^^^^
  File "/opt/homebrew/Cellar/python@3.11/3.11.15/Frameworks/Python.framework/Versions/3.11/lib/python3.11/json/encoder.py", line 258, in iterencode
    return _iterencode(o, 0)
           ^^^^^^^^^^^^^^^^^
ValueError: Out of range float values are not JSON compliant
INFO:app:==================================================
INFO:app:REQUEST [20260318023518729317] - New forecast request received
INFO:app:Total transactions: 19
INFO:app:Total products: 22
INFO:app:Completed transactions: 19
INFO:app:First transaction date: 2026-03-17 17:50:15.825000+00:00
INFO:app:Last transaction date: 2026-03-14 12:00:34.203000+00:00
INFO:app:Date range: 3 days
INFO:app:Converting to DataFrames...
INFO:app:DataFrame shapes: transactions=(19, 4), products=(22, 7)
INFO:app:Calling generate_ensemble_forecast...
INFO:models.forecast:==================================================
INFO:models.forecast:ENTERING generate_ensemble_forecast
INFO:models.forecast:transactions_df shape: (19, 4)
INFO:models.forecast:products_df shape: (22, 7)
INFO:models.forecast:forecast_months: 3
INFO:models.forecast:Transaction date range: 2026-03-14 12:00:34.203000+00:00 to 2026-03-17 17:50:15.825000+00:00
INFO:models.forecast:Total sales: 142925.0
INFO:models.forecast:Number of unique dates: 19
INFO:models.forecast:Starting Prophet task...
INFO:models.forecast:Starting XGBoost task...
INFO:models.forecast:Waiting for model tasks to complete...
INFO:models.forecast:Prophet: Starting training...
INFO:models.forecast:XGBoost: Starting training...
WARNING:models.utils:Limited data: only 3 days (recommended 30+)
WARNING:models.utils:Limited data: only 3 days (recommended 30+)
INFO:models.utils:Prepared time series with 4 days of data
INFO:models.utils:Prepared time series with 4 days of data
INFO:models.prophet_model:Data points: 4
WARNING:models.xgboost_model:Very limited training data: 1 rows
INFO:models.xgboost_model:Training data: 4 rows
INFO:models.xgboost_model:Training XGBoost model...
INFO:models.xgboost_model:XGBoost model trained successfully with 4 rows
INFO:models.forecast:XGBoost: Training complete
/Users/rejeanzapanta/Downloads/OptiSync/ml-service/venv/lib/python3.11/site-packages/sklearn/base.py:432: UserWarning: X has feature names, but StandardScaler was fitted without feature names
  warnings.warn(
/Users/rejeanzapanta/Downloads/OptiSync/ml-service/venv/lib/python3.11/site-packages/sklearn/utils/validation.py:767: FutureWarning: is_sparse is deprecated and will be removed in a future version. Check `isinstance(dtype, pd.SparseDtype)` instead.
  if not hasattr(array, "sparse") and array.dtypes.apply(is_sparse).any():
/Users/rejeanzapanta/Downloads/OptiSync/ml-service/venv/lib/python3.11/site-packages/sklearn/utils/validation.py:605: FutureWarning: is_sparse is deprecated and will be removed in a future version. Check `isinstance(dtype, pd.SparseDtype)` instead.
  if is_sparse(pd_dtype):
/Users/rejeanzapanta/Downloads/OptiSync/ml-service/venv/lib/python3.11/site-packages/sklearn/utils/validation.py:614: FutureWarning: is_sparse is deprecated and will be removed in a future version. Check `isinstance(dtype, pd.SparseDtype)` instead.
  if is_sparse(pd_dtype) or not is_extension_array_dtype(pd_dtype):
INFO:models.xgboost_model:Generated XGBoost forecast for 90 days
INFO:models.forecast:XGBoost: Forecast generated with shape (90, 5)
INFO:models.prophet_model:Training Prophet model...
INFO:prophet:n_changepoints greater than number of observations. Using 2.
DEBUG:cmdstanpy:input tempfile: /var/folders/18/11jzyg511q797ytnd5bh2rm00000gn/T/tmpe6e0tlxd/bxd5oxny.json
DEBUG:cmdstanpy:input tempfile: /var/folders/18/11jzyg511q797ytnd5bh2rm00000gn/T/tmpe6e0tlxd/iu_zl3f2.json
DEBUG:cmdstanpy:idx 0
DEBUG:cmdstanpy:running CmdStan, num_threads: None
DEBUG:cmdstanpy:CmdStan args: ['/Users/rejeanzapanta/Downloads/OptiSync/ml-service/venv/lib/python3.11/site-packages/prophet/stan_model/prophet_model.bin', 'random', 'seed=61774', 'data', 'file=/var/folders/18/11jzyg511q797ytnd5bh2rm00000gn/T/tmpe6e0tlxd/bxd5oxny.json', 'init=/var/folders/18/11jzyg511q797ytnd5bh2rm00000gn/T/tmpe6e0tlxd/iu_zl3f2.json', 'output', 'file=/var/folders/18/11jzyg511q797ytnd5bh2rm00000gn/T/tmpe6e0tlxd/prophet_modeldpc0booq/prophet_model-20260318023518.csv', 'method=optimize', 'algorithm=newton', 'iter=10000']
02:35:18 - cmdstanpy - INFO - Chain [1] start processing
INFO:cmdstanpy:Chain [1] start processing
02:35:18 - cmdstanpy - INFO - Chain [1] done processing
INFO:cmdstanpy:Chain [1] done processing
INFO:models.prophet_model:Prophet model trained successfully with 4 data points
INFO:models.forecast:Prophet: Training complete
INFO:models.prophet_model:Generated forecast for 90 days
INFO:models.forecast:Prophet: Forecast generated with shape (94, 5)
INFO:models.forecast:Prophet success: True
INFO:models.forecast:XGBoost success: True
INFO:models.forecast:Creating ensemble forecast...
INFO:models.forecast:Creating ensemble forecast...
INFO:models.forecast:Ensemble forecast created with 184 rows
INFO:models.forecast:Formatted forecast with 9 data points
INFO:models.forecast:Generating recommendations...
INFO:models.forecast:Generated 2 recommendations
INFO:models.forecast:Calculating metrics...
INFO:models.forecast:Model used: ensemble
INFO:models.forecast:Confidence: 90.0
INFO:models.forecast:==================================================
INFO:app:Forecast generated. Model used: ensemble
INFO:app:REQUEST [20260318023518729317] - COMPLETED
INFO:app:==================================================
INFO:     127.0.0.1:55404 - "POST /api/forecast/demand HTTP/1.1" 500 Internal Server Error
ERROR:    Exception in ASGI application
Traceback (most recent call last):
  File "/Users/rejeanzapanta/Downloads/OptiSync/ml-service/venv/lib/python3.11/site-packages/uvicorn/protocols/http/httptools_impl.py", line 426, in run_asgi
    result = await app(  # type: ignore[func-returns-value]
             ^^^^^^^^^^^^^^^^^^^^^^^^^^^^^^^^^^^^^^^^^^^^^^
  File "/Users/rejeanzapanta/Downloads/OptiSync/ml-service/venv/lib/python3.11/site-packages/uvicorn/middleware/proxy_headers.py", line 84, in __call__
    return await self.app(scope, receive, send)
           ^^^^^^^^^^^^^^^^^^^^^^^^^^^^^^^^^^^^
  File "/Users/rejeanzapanta/Downloads/OptiSync/ml-service/venv/lib/python3.11/site-packages/fastapi/applications.py", line 1106, in __call__
    await super().__call__(scope, receive, send)
  File "/Users/rejeanzapanta/Downloads/OptiSync/ml-service/venv/lib/python3.11/site-packages/starlette/applications.py", line 122, in __call__
    await self.middleware_stack(scope, receive, send)
  File "/Users/rejeanzapanta/Downloads/OptiSync/ml-service/venv/lib/python3.11/site-packages/starlette/middleware/errors.py", line 184, in __call__
    raise exc
  File "/Users/rejeanzapanta/Downloads/OptiSync/ml-service/venv/lib/python3.11/site-packages/starlette/middleware/errors.py", line 162, in __call__
    await self.app(scope, receive, _send)
  File "/Users/rejeanzapanta/Downloads/OptiSync/ml-service/venv/lib/python3.11/site-packages/starlette/middleware/cors.py", line 91, in __call__
    await self.simple_response(scope, receive, send, request_headers=headers)
  File "/Users/rejeanzapanta/Downloads/OptiSync/ml-service/venv/lib/python3.11/site-packages/starlette/middleware/cors.py", line 146, in simple_response
    await self.app(scope, receive, send)
  File "/Users/rejeanzapanta/Downloads/OptiSync/ml-service/venv/lib/python3.11/site-packages/starlette/middleware/exceptions.py", line 79, in __call__
    raise exc
  File "/Users/rejeanzapanta/Downloads/OptiSync/ml-service/venv/lib/python3.11/site-packages/starlette/middleware/exceptions.py", line 68, in __call__
    await self.app(scope, receive, sender)
  File "/Users/rejeanzapanta/Downloads/OptiSync/ml-service/venv/lib/python3.11/site-packages/fastapi/middleware/asyncexitstack.py", line 20, in __call__
    raise e
  File "/Users/rejeanzapanta/Downloads/OptiSync/ml-service/venv/lib/python3.11/site-packages/fastapi/middleware/asyncexitstack.py", line 17, in __call__
    await self.app(scope, receive, send)
  File "/Users/rejeanzapanta/Downloads/OptiSync/ml-service/venv/lib/python3.11/site-packages/starlette/routing.py", line 718, in __call__
    await route.handle(scope, receive, send)
  File "/Users/rejeanzapanta/Downloads/OptiSync/ml-service/venv/lib/python3.11/site-packages/starlette/routing.py", line 276, in handle
    await self.app(scope, receive, send)
  File "/Users/rejeanzapanta/Downloads/OptiSync/ml-service/venv/lib/python3.11/site-packages/starlette/routing.py", line 66, in app
    response = await func(request)
               ^^^^^^^^^^^^^^^^^^^
  File "/Users/rejeanzapanta/Downloads/OptiSync/ml-service/venv/lib/python3.11/site-packages/fastapi/routing.py", line 303, in app
    response = actual_response_class(content, **response_args)
               ^^^^^^^^^^^^^^^^^^^^^^^^^^^^^^^^^^^^^^^^^^^^^^^
  File "/Users/rejeanzapanta/Downloads/OptiSync/ml-service/venv/lib/python3.11/site-packages/starlette/responses.py", line 196, in __init__
    super().__init__(content, status_code, headers, media_type, background)
  File "/Users/rejeanzapanta/Downloads/OptiSync/ml-service/venv/lib/python3.11/site-packages/starlette/responses.py", line 55, in __init__
    self.body = self.render(content)
                ^^^^^^^^^^^^^^^^^^^^
  File "/Users/rejeanzapanta/Downloads/OptiSync/ml-service/venv/lib/python3.11/site-packages/starlette/responses.py", line 199, in render
    return json.dumps(
           ^^^^^^^^^^^
  File "/opt/homebrew/Cellar/python@3.11/3.11.15/Frameworks/Python.framework/Versions/3.11/lib/python3.11/json/__init__.py", line 238, in dumps
    **kw).encode(obj)
          ^^^^^^^^^^^
  File "/opt/homebrew/Cellar/python@3.11/3.11.15/Frameworks/Python.framework/Versions/3.11/lib/python3.11/json/encoder.py", line 200, in encode
    chunks = self.iterencode(o, _one_shot=True)
             ^^^^^^^^^^^^^^^^^^^^^^^^^^^^^^^^^^
  File "/opt/homebrew/Cellar/python@3.11/3.11.15/Frameworks/Python.framework/Versions/3.11/lib/python3.11/json/encoder.py", line 258, in iterencode
    return _iterencode(o, 0)
           ^^^^^^^^^^^^^^^^^
ValueError: Out of range float values are not JSON compliant
INFO:app:==================================================
INFO:app:REQUEST [20260318024254257882] - New forecast request received
INFO:app:Total transactions: 19
INFO:app:Total products: 22
INFO:app:Completed transactions: 19
INFO:app:First transaction date: 2026-03-17 17:50:15.825000+00:00
INFO:app:Last transaction date: 2026-03-14 12:00:34.203000+00:00
INFO:app:Date range: 3 days
INFO:app:Converting to DataFrames...
INFO:app:DataFrame shapes: transactions=(19, 4), products=(22, 7)
INFO:app:Calling generate_ensemble_forecast...
INFO:models.forecast:==================================================
INFO:models.forecast:ENTERING generate_ensemble_forecast
INFO:models.forecast:transactions_df shape: (19, 4)
INFO:models.forecast:products_df shape: (22, 7)
INFO:models.forecast:forecast_months: 3
INFO:models.forecast:Transaction date range: 2026-03-14 12:00:34.203000+00:00 to 2026-03-17 17:50:15.825000+00:00
INFO:models.forecast:Total sales: 142925.0
INFO:models.forecast:Number of unique dates: 19
INFO:models.forecast:Starting Prophet task...
INFO:models.forecast:Starting XGBoost task...
INFO:models.forecast:Waiting for model tasks to complete...
INFO:models.forecast:Prophet: Starting training...
INFO:models.forecast:XGBoost: Starting training...
WARNING:models.utils:Limited data: only 3 days (recommended 30+)
WARNING:models.utils:Limited data: only 3 days (recommended 30+)
INFO:models.utils:Prepared time series with 4 days of data
INFO:models.utils:Prepared time series with 4 days of data
INFO:models.prophet_model:Data points: 4
WARNING:models.xgboost_model:Very limited training data: 1 rows
INFO:models.xgboost_model:Training data: 4 rows
INFO:models.xgboost_model:Training XGBoost model...
INFO:models.prophet_model:Training Prophet model...
INFO:prophet:n_changepoints greater than number of observations. Using 2.
DEBUG:cmdstanpy:input tempfile: /var/folders/18/11jzyg511q797ytnd5bh2rm00000gn/T/tmpe6e0tlxd/kulvf_yq.json
INFO:models.xgboost_model:XGBoost model trained successfully with 4 rows
INFO:models.forecast:XGBoost: Training complete
DEBUG:cmdstanpy:input tempfile: /var/folders/18/11jzyg511q797ytnd5bh2rm00000gn/T/tmpe6e0tlxd/bzy2a14m.json
/Users/rejeanzapanta/Downloads/OptiSync/ml-service/venv/lib/python3.11/site-packages/sklearn/base.py:432: UserWarning: X has feature names, but StandardScaler was fitted without feature names
  warnings.warn(
/Users/rejeanzapanta/Downloads/OptiSync/ml-service/venv/lib/python3.11/site-packages/sklearn/utils/validation.py:767: FutureWarning: is_sparse is deprecated and will be removed in a future version. Check `isinstance(dtype, pd.SparseDtype)` instead.
  if not hasattr(array, "sparse") and array.dtypes.apply(is_sparse).any():
/Users/rejeanzapanta/Downloads/OptiSync/ml-service/venv/lib/python3.11/site-packages/sklearn/utils/validation.py:605: FutureWarning: is_sparse is deprecated and will be removed in a future version. Check `isinstance(dtype, pd.SparseDtype)` instead.
  if is_sparse(pd_dtype):
/Users/rejeanzapanta/Downloads/OptiSync/ml-service/venv/lib/python3.11/site-packages/sklearn/utils/validation.py:614: FutureWarning: is_sparse is deprecated and will be removed in a future version. Check `isinstance(dtype, pd.SparseDtype)` instead.
  if is_sparse(pd_dtype) or not is_extension_array_dtype(pd_dtype):
INFO:models.xgboost_model:Generated XGBoost forecast for 90 days
INFO:models.forecast:XGBoost: Forecast generated with shape (90, 5)
DEBUG:cmdstanpy:idx 0
DEBUG:cmdstanpy:running CmdStan, num_threads: None
DEBUG:cmdstanpy:CmdStan args: ['/Users/rejeanzapanta/Downloads/OptiSync/ml-service/venv/lib/python3.11/site-packages/prophet/stan_model/prophet_model.bin', 'random', 'seed=57317', 'data', 'file=/var/folders/18/11jzyg511q797ytnd5bh2rm00000gn/T/tmpe6e0tlxd/kulvf_yq.json', 'init=/var/folders/18/11jzyg511q797ytnd5bh2rm00000gn/T/tmpe6e0tlxd/bzy2a14m.json', 'output', 'file=/var/folders/18/11jzyg511q797ytnd5bh2rm00000gn/T/tmpe6e0tlxd/prophet_modeldyn_gtec/prophet_model-20260318024254.csv', 'method=optimize', 'algorithm=newton', 'iter=10000']
02:42:54 - cmdstanpy - INFO - Chain [1] start processing
INFO:cmdstanpy:Chain [1] start processing
02:42:54 - cmdstanpy - INFO - Chain [1] done processing
INFO:cmdstanpy:Chain [1] done processing
INFO:models.prophet_model:Prophet model trained successfully with 4 data points
INFO:models.forecast:Prophet: Training complete
INFO:models.prophet_model:Generated forecast for 90 days
INFO:models.forecast:Prophet: Forecast generated with shape (94, 5)
INFO:models.forecast:Prophet success: True
INFO:models.forecast:XGBoost success: True
INFO:models.forecast:Creating ensemble forecast...
INFO:models.forecast:Creating ensemble forecast...
INFO:models.forecast:Ensemble forecast created with 184 rows
INFO:models.forecast:Formatted forecast with 9 data points
INFO:models.forecast:Generating recommendations...
INFO:models.forecast:Generated 2 recommendations
INFO:models.forecast:Calculating metrics...
INFO:models.forecast:Model used: ensemble
INFO:models.forecast:Confidence: 90.0
INFO:models.forecast:==================================================
INFO:app:Forecast generated. Model used: ensemble
INFO:app:REQUEST [20260318024254257882] - COMPLETED
INFO:app:==================================================
INFO:     127.0.0.1:55504 - "POST /api/forecast/demand HTTP/1.1" 500 Internal Server Error
ERROR:    Exception in ASGI application
Traceback (most recent call last):
  File "/Users/rejeanzapanta/Downloads/OptiSync/ml-service/venv/lib/python3.11/site-packages/uvicorn/protocols/http/httptools_impl.py", line 426, in run_asgi
    result = await app(  # type: ignore[func-returns-value]
             ^^^^^^^^^^^^^^^^^^^^^^^^^^^^^^^^^^^^^^^^^^^^^^
  File "/Users/rejeanzapanta/Downloads/OptiSync/ml-service/venv/lib/python3.11/site-packages/uvicorn/middleware/proxy_headers.py", line 84, in __call__
    return await self.app(scope, receive, send)
           ^^^^^^^^^^^^^^^^^^^^^^^^^^^^^^^^^^^^
  File "/Users/rejeanzapanta/Downloads/OptiSync/ml-service/venv/lib/python3.11/site-packages/fastapi/applications.py", line 1106, in __call__
    await super().__call__(scope, receive, send)
  File "/Users/rejeanzapanta/Downloads/OptiSync/ml-service/venv/lib/python3.11/site-packages/starlette/applications.py", line 122, in __call__
    await self.middleware_stack(scope, receive, send)
  File "/Users/rejeanzapanta/Downloads/OptiSync/ml-service/venv/lib/python3.11/site-packages/starlette/middleware/errors.py", line 184, in __call__
    raise exc
  File "/Users/rejeanzapanta/Downloads/OptiSync/ml-service/venv/lib/python3.11/site-packages/starlette/middleware/errors.py", line 162, in __call__
    await self.app(scope, receive, _send)
  File "/Users/rejeanzapanta/Downloads/OptiSync/ml-service/venv/lib/python3.11/site-packages/starlette/middleware/cors.py", line 91, in __call__
    await self.simple_response(scope, receive, send, request_headers=headers)
  File "/Users/rejeanzapanta/Downloads/OptiSync/ml-service/venv/lib/python3.11/site-packages/starlette/middleware/cors.py", line 146, in simple_response
    await self.app(scope, receive, send)
  File "/Users/rejeanzapanta/Downloads/OptiSync/ml-service/venv/lib/python3.11/site-packages/starlette/middleware/exceptions.py", line 79, in __call__
    raise exc
  File "/Users/rejeanzapanta/Downloads/OptiSync/ml-service/venv/lib/python3.11/site-packages/starlette/middleware/exceptions.py", line 68, in __call__
    await self.app(scope, receive, sender)
  File "/Users/rejeanzapanta/Downloads/OptiSync/ml-service/venv/lib/python3.11/site-packages/fastapi/middleware/asyncexitstack.py", line 20, in __call__
    raise e
  File "/Users/rejeanzapanta/Downloads/OptiSync/ml-service/venv/lib/python3.11/site-packages/fastapi/middleware/asyncexitstack.py", line 17, in __call__
    await self.app(scope, receive, send)
  File "/Users/rejeanzapanta/Downloads/OptiSync/ml-service/venv/lib/python3.11/site-packages/starlette/routing.py", line 718, in __call__
    await route.handle(scope, receive, send)
  File "/Users/rejeanzapanta/Downloads/OptiSync/ml-service/venv/lib/python3.11/site-packages/starlette/routing.py", line 276, in handle
    await self.app(scope, receive, send)
  File "/Users/rejeanzapanta/Downloads/OptiSync/ml-service/venv/lib/python3.11/site-packages/starlette/routing.py", line 66, in app
    response = await func(request)
               ^^^^^^^^^^^^^^^^^^^
  File "/Users/rejeanzapanta/Downloads/OptiSync/ml-service/venv/lib/python3.11/site-packages/fastapi/routing.py", line 303, in app
    response = actual_response_class(content, **response_args)
               ^^^^^^^^^^^^^^^^^^^^^^^^^^^^^^^^^^^^^^^^^^^^^^^
  File "/Users/rejeanzapanta/Downloads/OptiSync/ml-service/venv/lib/python3.11/site-packages/starlette/responses.py", line 196, in __init__
    super().__init__(content, status_code, headers, media_type, background)
  File "/Users/rejeanzapanta/Downloads/OptiSync/ml-service/venv/lib/python3.11/site-packages/starlette/responses.py", line 55, in __init__
    self.body = self.render(content)
                ^^^^^^^^^^^^^^^^^^^^
  File "/Users/rejeanzapanta/Downloads/OptiSync/ml-service/venv/lib/python3.11/site-packages/starlette/responses.py", line 199, in render
    return json.dumps(
           ^^^^^^^^^^^
  File "/opt/homebrew/Cellar/python@3.11/3.11.15/Frameworks/Python.framework/Versions/3.11/lib/python3.11/json/__init__.py", line 238, in dumps
    **kw).encode(obj)
          ^^^^^^^^^^^
  File "/opt/homebrew/Cellar/python@3.11/3.11.15/Frameworks/Python.framework/Versions/3.11/lib/python3.11/json/encoder.py", line 200, in encode
    chunks = self.iterencode(o, _one_shot=True)
             ^^^^^^^^^^^^^^^^^^^^^^^^^^^^^^^^^^
  File "/opt/homebrew/Cellar/python@3.11/3.11.15/Frameworks/Python.framework/Versions/3.11/lib/python3.11/json/encoder.py", line 258, in iterencode
    return _iterencode(o, 0)
           ^^^^^^^^^^^^^^^^^
ValueError: Out of range float values are not JSON compliant
